Titik Koordinat,Kondisi,Jenis PJU,Jenis Tiang,Jenis Lampu,Kecamatan,Kondisi_Biner,Latitude,Longitude,index_right,Kecamatan_Final
-7.520229 108.084697,Baik,PJU Konvensional,Tiang Stang,Mercury,Bantarkalong,0,-7.520229,108.084697,7.0,Bantarkalong
-7.522890 108.084678,Baik,PJU Konvensional,Tiang Tunggal,SON T,Bantarkalong,0,-7.52289,108.084678,7.0,Bantarkalong
-7.529602 108.083917,Baik,PJU Solar Cell,Tiang Tunggal,LED,Bantarkalong,0,-7.529602,108.083917,7.0,Bantarkalong
-7.537505 108.092379,Baik,PJU Konvensional,Tiang Tunggal,SON T,Bantarkalong,0,-7.537505,108.092379,7.0,Bantarkalong
-7.537466 108.092989,Baik,PJU Solar Cell,Tiang Tunggal,LED,Bantarkalong,0,-7.537466,108.092989,7.0,Bantarkalong
-7.537003 108.092675,Baik,PJU Solar Cell,Tiang Tunggal,LED,Bantarkalong,0,-7.537003,108.092675,7.0,Bantarkalong
-7.536890 108.090607,Baik,PJU Konvensional,Tiang Tunggal,SON T,Bantarkalong,0,-7.53689,108.090607,7.0,Bantarkalong
-7.539120 108.093774,Baik,PJU Konvensional,Tiang Tunggal,Mercury,Bantarkalong,0,-7.53912,108.093774,7.0,Bantarkalong
-7.539768 108.093674,Baik,PJU Konvensional,Tiang Tunggal,SON T,Bantarkalong,0,-7.539768,108.093674,7.0,Bantarkalong
-7.539820 108.093362,Baik,PJU Solar Cell,Tiang Tunggal,LED,Bantarkalong,0,-7.53982,108.093362,7.0,Bantarkalong
-7.628215 108.110919,Baik,PJU Konvensional,Tiang Tunggal,SON T,Bantarkalong,0,-7.628215,108.110919,7.0,Bantarkalong
-7.6219029 108.1111577,Baik,PJU Solar Cell,Tiang Tunggal,LED,Bantarkalong,0,-7.6219029,108.1111577,7.0,Bantarkalong
-7.621710 108.109041,Baik,PJU Konvensional,Tiang Tunggal,SON T,Bantarkalong,0,-7.62171,108.109041,7.0,Bantarkalong
-7.623263 108.105920,Baik,PJU Solar Cell,Tiang Tunggal,LED,Bantarkalong,0,-7.623263,108.10592,7.0,Bantarkalong
-7.620125 108.110967,Baik,PJU Solar Cell,Tiang Tunggal,LED,Bantarkalong,0,-7.620125,108.110967,7.0,Bantarkalong
-7.6236828 108.1060444,Baik,PJU Konvensional,Tiang Tunggal,SON T,Bantarkalong,0,-7.6236828,108.1060444,7.0,Bantarkalong
-7.6234618 108.1061289,Rusak Ringan,PJU Konvensional,Tiang Stang,SON T,Bantarkalong,1,-7.6234618,108.1061289,7.0,Bantarkalong
-7.624030 108.106841,Baik,PJU Konvensional,Tiang Tunggal,SON T,Bantarkalong,0,-7.62403,108.106841,7.0,Bantarkalong
-7.624370 108.106769,Baik,PJU Konvensional,Tiang Tunggal,SON T,Bantarkalong,0,-7.62437,108.106769,7.0,Bantarkalong
-7.6229175 108.1050835,Baik,PJU Solar Cell,Tiang Tunggal,LED,Bantarkalong,0,-7.6229175,108.1050835,7.0,Bantarkalong
-7.6227347 108.1043446,Baik,PJU Solar Cell,Tiang Tunggal,LED,Bantarkalong,0,-7.6227347,108.1043446,7.0,Bantarkalong
-7.631813 108.106614,Baik,PJU Konvensional,Tiang Tunggal,SON T,Bantarkalong,0,-7.631813,108.106614,7.0,Bantarkalong
-7.6248831 108.1048864,Baik,PJU Solar Cell,Tiang Tunggal,LED,Bantarkalong,0,-7.6248831,108.1048864,7.0,Bantarkalong
-7.634815 108.102735,Baik,PJU Solar Cell,Tiang Tunggal,LED,Bantarkalong,0,-7.634815,108.102735,7.0,Bantarkalong
-7.6242683 108.1051747,Baik,PJU Solar Cell,Tiang Tunggal,LED,Bantarkalong,0,-7.6242683,108.1051747,7.0,Bantarkalong
-7.6233213 108.1049450,Baik,PJU Solar Cell,Tiang Tunggal,LED,Bantarkalong,0,-7.6233213,108.104945,7.0,Bantarkalong
-7.628342 108.102707,Baik,PJU Solar Cell,Tiang Tunggal,LED,Bantarkalong,0,-7.628342,108.102707,7.0,Bantarkalong
-7.6337348 108.0935675,Baik,PJU Konvensional,Tiang Tunggal,SON T,Bantarkalong,0,-7.6337348,108.0935675,7.0,Bantarkalong
-7.628056 108.105114,Baik,PJU Solar Cell,Tiang Tunggal,LED,Bantarkalong,0,-7.628056,108.105114,7.0,Bantarkalong
-7.630184 108.107369,Baik,PJU Konvensional,Tiang Tunggal,Mercury,Bantarkalong,0,-7.630184,108.107369,7.0,Bantarkalong
-7.631325 108.097821,Baik,PJU Konvensional,Tiang Tunggal,SON T,Bantarkalong,0,-7.631325,108.097821,7.0,Bantarkalong
-7.628717 108.100532,Baik,PJU Konvensional,Tiang Tunggal,Mercury,Bantarkalong,0,-7.628717,108.100532,7.0,Bantarkalong
-7.629444 108.100534,Baik,PJU Konvensional,Tiang Tunggal,Mercury,Bantarkalong,0,-7.629444,108.100534,7.0,Bantarkalong
-7.633050 108.095464,Baik,PJU Konvensional,Tiang Tunggal,SON T,Bantarkalong,0,-7.63305,108.095464,7.0,Bantarkalong
-7.628022 108.101186,Baik,PJU Solar Cell,Tiang Tunggal,LED,Bantarkalong,0,-7.628022,108.101186,7.0,Bantarkalong
-7.6678106 108.0748118,Baik,PJU Solar Cell,Tiang Tunggal,LED,Bantarkalong,0,-7.6678106,108.0748118,0.0,Cipatujah
-7.6172462 108.1047861,Baik,PJU Konvensional,Tiang Tunggal,SON T,Bantarkalong,0,-7.6172462,108.1047861,7.0,Bantarkalong
-7.612477 108.106554,Baik,PJU Konvensional,Tiang Tunggal,SON T,Bantarkalong,0,-7.612477,108.106554,7.0,Bantarkalong
-7.610225 108.106997,Baik,PJU Konvensional,Tiang Stang,SON T,Bantarkalong,0,-7.610225,108.106997,7.0,Bantarkalong
-7.6124924 108.1064628,Baik,PJU Konvensional,Tiang Tunggal,SON T,Bantarkalong,0,-7.6124924,108.1064628,7.0,Bantarkalong
-7.607462 108.107773,Baik,PJU Konvensional,Tiang Tunggal,SON T,Bantarkalong,0,-7.607462,108.107773,7.0,Bantarkalong
-7.599482 108.104769,Rusak Berat,PJU Konvensional,Tiang Tunggal,SON T,Bantarkalong,1,-7.599482,108.104769,7.0,Bantarkalong
-7.606768 108.106997,Baik,PJU Solar Cell,Tiang Tunggal,LED,Bantarkalong,0,-7.606768,108.106997,7.0,Bantarkalong
-7.6111917 108.1072048,Baik,PJU Solar Cell,Tiang Tunggal,LED,Bantarkalong,0,-7.6111917,108.1072048,7.0,Bantarkalong
-7.595440 108.103180,Baik,PJU Solar Cell,Tiang Tunggal,LED,Bantarkalong,0,-7.59544,108.10318,7.0,Bantarkalong
-7.6022910 108.1111979,Baik,PJU Solar Cell,Tiang Stang,LED,Bantarkalong,0,-7.602291,108.1111979,7.0,Bantarkalong
-7.601762 108.103450,Rusak Ringan,PJU Konvensional,Tiang Tunggal,Mercury,Bantarkalong,1,-7.601762,108.10345,7.0,Bantarkalong
-7.577336 108.109062,Baik,PJU Konvensional,Tiang Tunggal,SON T,Bantarkalong,0,-7.577336,108.109062,7.0,Bantarkalong
-7.6016320 108.1102186,Baik,PJU Solar Cell,Tiang Tunggal,LED,Bantarkalong,0,-7.601632,108.1102186,7.0,Bantarkalong
-7.603045 108.106722,Rusak Ringan,PJU Konvensional,Tiang Tunggal,Mercury,Bantarkalong,1,-7.603045,108.106722,7.0,Bantarkalong
-7.576844 108.107914,Baik,PJU Konvensional,Tiang Tunggal,SON T,Bantarkalong,0,-7.576844,108.107914,7.0,Bantarkalong
-7.575798 108.105958,Baik,PJU Konvensional,Tiang Tunggal,Mercury,Bantarkalong,0,-7.575798,108.105958,7.0,Bantarkalong
-7.5917986 108.1137172,Baik,PJU Konvensional,Tiang Tunggal,SON T,Bantarkalong,0,-7.5917986,108.1137172,7.0,Bantarkalong
-7.5896314 108.1111614,Baik,PJU Solar Cell,Tiang Tunggal,LED,Bantarkalong,0,-7.5896314,108.1111614,7.0,Bantarkalong
-7.5892854 108.1107473,Baik,PJU Konvensional,Tiang Tunggal,SON T,Bantarkalong,0,-7.5892854,108.1107473,7.0,Bantarkalong
-7.5891857 108.1117498,Baik,PJU Solar Cell,Tiang Tunggal,LED,Bantarkalong,0,-7.5891857,108.1117498,7.0,Bantarkalong
-7.573310 108.105113,Baik,PJU Konvensional,Tiang Tunggal,SON T,Bantarkalong,0,-7.57331,108.105113,7.0,Bantarkalong
-7.5715714 108.1032492,Baik,PJU Konvensional,Tiang Stang,SON T,Bantarkalong,0,-7.5715714,108.1032492,7.0,Bantarkalong
-7.575239 108.105104,Baik,PJU Konvensional,Tiang Tunggal,SON T,Bantarkalong,0,-7.575239,108.105104,7.0,Bantarkalong
-7.575148 108.105484,Baik,PJU Solar Cell,Tiang Tunggal,LED,Bantarkalong,0,-7.575148,108.105484,7.0,Bantarkalong
-7.574971 108.093208,Baik,PJU Konvensional,Tiang Tunggal,SON T,Bantarkalong,0,-7.574971,108.093208,7.0,Bantarkalong
-7.572667 108.087850,Baik,PJU Konvensional,Tiang Tunggal,SON T,Bantarkalong,0,-7.572667,108.08785,7.0,Bantarkalong
-7.572979 108.087785,Baik,PJU Konvensional,Tiang Tunggal,SON T,Bantarkalong,0,-7.572979,108.087785,7.0,Bantarkalong
-7.5682568 108.0840453,Baik,PJU Konvensional,Tiang Tunggal,SON T,Bantarkalong,0,-7.5682568,108.0840453,7.0,Bantarkalong
-7.572208 108.087172,Baik,PJU Konvensional,Tiang Tunggal,SON T,Bantarkalong,0,-7.572208,108.087172,7.0,Bantarkalong
-7.5684968 108.0839289,Baik,PJU Solar Cell,Tiang Tunggal,LED,Bantarkalong,0,-7.5684968,108.0839289,7.0,Bantarkalong
-7.571845 108.086677,Baik,PJU Solar Cell,Tiang Tunggal,LED,Bantarkalong,0,-7.571845,108.086677,7.0,Bantarkalong
-7.566149 108.070027,Baik,PJU Konvensional,Tiang Tunggal,SON T,Bantarkalong,0,-7.566149,108.070027,7.0,Bantarkalong
-7.5719213 108.0867848,Baik,PJU Solar Cell,Tiang Tunggal,LED,Bantarkalong,0,-7.5719213,108.0867848,7.0,Bantarkalong
-7.5694453 108.0846129,Baik,PJU Solar Cell,Tiang Tunggal,LED,Bantarkalong,0,-7.5694453,108.0846129,7.0,Bantarkalong
-7.5696932 108.0846686,Baik,PJU Solar Cell,Tiang Tunggal,LED,Bantarkalong,0,-7.5696932,108.0846686,7.0,Bantarkalong
-7.5696962 108.0848067,Baik,PJU Solar Cell,Tiang Tunggal,LED,Bantarkalong,0,-7.5696962,108.0848067,7.0,Bantarkalong
-7.568800 108.070836,Baik,PJU Konvensional,Tiang Tunggal,SON T,Bantarkalong,0,-7.5688,108.070836,7.0,Bantarkalong
-7.5700429 108.0848375,Baik,PJU Solar Cell,Tiang Tunggal,LED,Bantarkalong,0,-7.5700429,108.0848375,7.0,Bantarkalong
-7.569158 108.070926,Baik,PJU Konvensional,Tiang Tunggal,SON T,Bantarkalong,0,-7.569158,108.070926,7.0,Bantarkalong
-7.5699824 108.0844275,Baik,PJU Solar Cell,Tiang Tunggal,LED,Bantarkalong,0,-7.5699824,108.0844275,7.0,Bantarkalong
-7.567743 108.071754,Baik,PJU Konvensional,Tiang Tunggal,SON T,Bantarkalong,0,-7.567743,108.071754,7.0,Bantarkalong
-7.570656 108.073948,Baik,PJU Konvensional,Tiang Tunggal,SON T,Bantarkalong,0,-7.570656,108.073948,7.0,Bantarkalong
-7.568173 108.072423,Baik,PJU Konvensional,Tiang Tunggal,Mercury,Bantarkalong,0,-7.568173,108.072423,7.0,Bantarkalong
-7.571448 108.103414,Baik,PJU Konvensional,Tiang Tunggal,SON T,Bantarkalong,0,-7.571448,108.103414,7.0,Bantarkalong
-7.569918 108.103452,Baik,PJU Konvensional,Tiang Tunggal,SON T,Bantarkalong,0,-7.569918,108.103452,7.0,Bantarkalong
-7.568707 108.074863,Baik,PJU Solar Cell,Tiang Tunggal,LED,Bantarkalong,0,-7.568707,108.074863,7.0,Bantarkalong
-7.569055 108.075301,Baik,PJU Solar Cell,Tiang Tunggal,LED,Bantarkalong,0,-7.569055,108.075301,7.0,Bantarkalong
-7.567763 108.071665,Baik,PJU Konvensional,Tiang Tunggal,Mercury,Bantarkalong,0,-7.567763,108.071665,7.0,Bantarkalong
-7.553192 108.090245,Baik,PJU Konvensional,Tiang Tunggal,Mercury,Bantarkalong,0,-7.553192,108.090245,7.0,Bantarkalong
-7.552276 108.089571,Baik,PJU Konvensional,Tiang Tunggal,SON T,Bantarkalong,0,-7.552276,108.089571,7.0,Bantarkalong
-7.559770 108.077186,Baik,PJU Konvensional,Tiang Tunggal,SON T,Bantarkalong,0,-7.55977,108.077186,7.0,Bantarkalong
-7.553983 108.093960,Baik,PJU Konvensional,Tiang Tunggal,SON T,Bantarkalong,0,-7.553983,108.09396,7.0,Bantarkalong
-7.543978 108.065871,Baik,PJU Konvensional,Tiang Tunggal,Mercury,Bantarkalong,0,-7.543978,108.065871,7.0,Bantarkalong
-7.544743 108.067162,Baik,PJU Konvensional,Tiang Tunggal,Mercury,Bantarkalong,0,-7.544743,108.067162,7.0,Bantarkalong
-7.545390 108.094242,Baik,PJU Konvensional,Tiang Tunggal,Mercury,Bantarkalong,0,-7.54539,108.094242,7.0,Bantarkalong
-7.540707 108.093600,Baik,PJU Konvensional,Tiang Tunggal,SON T,Bantarkalong,0,-7.540707,108.0936,7.0,Bantarkalong
-7.540928 108.059684,Baik,PJU Konvensional,Tiang Tunggal,SON T,Bantarkalong,0,-7.540928,108.059684,7.0,Bantarkalong
-7.542821 108.058303,Baik,PJU Konvensional,Tiang Tunggal,SON T,Bantarkalong,0,-7.542821,108.058303,7.0,Bantarkalong
-7.540615 108.046383,Baik,PJU Konvensional,Tiang Tunggal,SON T,Bantarkalong,0,-7.540615,108.046383,7.0,Bantarkalong
-7.540901 108.045673,Baik,PJU Konvensional,Tiang Tunggal,Mercury,Bantarkalong,0,-7.540901,108.045673,7.0,Bantarkalong
-7.540901 108.045673,Baik,PJU Solar Cell,Tiang Tunggal,LED,Bantarkalong,0,-7.540901,108.045673,7.0,Bantarkalong
-7.524925 108.083126,Baik,PJU Konvensional,Tiang Tunggal,Mercury,Bantarkalong,0,-7.524925,108.083126,7.0,Bantarkalong
-7.523971 108.083943,Baik,PJU Konvensional,Tiang Tunggal,SON T,Bantarkalong,0,-7.523971,108.083943,7.0,Bantarkalong
-7.537411 108.026606,Baik,PJU Konvensional,Tiang Tunggal,Mercury,Bantarkalong,0,-7.537411,108.026606,7.0,Bantarkalong
-7.541563 108.029690,Baik,PJU Konvensional,Tiang Tunggal,SON T,Bantarkalong,0,-7.541563,108.02969,7.0,Bantarkalong
-7.516662 108.089382,Baik,PJU Konvensional,Tiang Tunggal,Mercury,Bantarkalong,0,-7.516662,108.089382,7.0,Bantarkalong
-7.544627 108.038351,Baik,PJU Solar Cell,Tiang Tunggal,LED,Bantarkalong,0,-7.544627,108.038351,7.0,Bantarkalong
-7.522960 108.084938,Baik,PJU Konvensional,Tiang Tunggal,SON T,Bantarkalong,0,-7.52296,108.084938,7.0,Bantarkalong
-7.542590 108.042067,Baik,PJU Konvensional,Tiang Tunggal,SON T,Bantarkalong,0,-7.54259,108.042067,7.0,Bantarkalong
-7.539798 108.048643,Baik,PJU Konvensional,Tiang Tunggal,SON T,Bantarkalong,0,-7.539798,108.048643,7.0,Bantarkalong
-7.532145 108.103376,Baik,PJU Konvensional,Tiang Tunggal,SON T,Bantarkalong,0,-7.532145,108.103376,8.0,Bojongasih
-7.532177 108.045766,Baik,PJU Solar Cell,Tiang Tunggal,LED,Bantarkalong,0,-7.532177,108.045766,11.0,Sodonghilir
-7.538538 108.085920,Baik,PJU Konvensional,Tiang Tunggal,SON T,Bantarkalong,0,-7.538538,108.08592,7.0,Bantarkalong
-7.529494 108.083830,Baik,PJU Solar Cell,Tiang Tunggal,LED,Bantarkalong,0,-7.529494,108.08383,7.0,Bantarkalong
-7.549212 108.091730,Baik,PJU Konvensional,Tiang Tunggal,SON T,Bantarkalong,0,-7.549212,108.09173,7.0,Bantarkalong
-7.623063 108.105262,Baik,PJU Solar Cell,Tiang Tunggal,LED,Bantarkalong,0,-7.623063,108.105262,7.0,Bantarkalong
-7.623277 108.105549,Baik,PJU Solar Cell,Tiang Tunggal,LED,Bantarkalong,0,-7.623277,108.105549,7.0,Bantarkalong
-7.622790 108.104918,Baik,PJU Konvensional,Tiang Tunggal,SON T,Bantarkalong,0,-7.62279,108.104918,7.0,Bantarkalong
-7.623510 108.106705,Baik,PJU Konvensional,Tiang Tunggal,SON T,Bantarkalong,0,-7.62351,108.106705,7.0,Bantarkalong
-7.623550 108.106715,Baik,PJU Solar Cell,Tiang Tunggal,LED,Bantarkalong,0,-7.62355,108.106715,7.0,Bantarkalong
-7.623369 108.107198,Baik,PJU Solar Cell,Tiang Tunggal,LED,Bantarkalong,0,-7.623369,108.107198,7.0,Bantarkalong
-7.623308 108.107408,Baik,PJU Konvensional,Tiang Tunggal,SON T,Bantarkalong,0,-7.623308,108.107408,7.0,Bantarkalong
-7.625631 108.109079,Baik,PJU Konvensional,Tiang Tunggal,Mercury,Bantarkalong,0,-7.625631,108.109079,7.0,Bantarkalong
-7.632250 108.074727,Baik,PJU Konvensional,Tiang Tunggal,Mercury,Bantarkalong,0,-7.63225,108.074727,7.0,Bantarkalong
-7.625779 108.072537,Baik,PJU Solar Cell,Tiang Tunggal,LED,Bantarkalong,0,-7.625779,108.072537,7.0,Bantarkalong
-7.525339 108.088254,Baik,PJU Solar Cell,Tiang Tunggal,LED,Bantarkalong,0,-7.525339,108.088254,7.0,Bantarkalong
-7.622109 108.086259,Baik,PJU Konvensional,Tiang Tunggal,Mercury,Bantarkalong,0,-7.622109,108.086259,7.0,Bantarkalong
-7.524171 108.086556,Baik,PJU Solar Cell,Tiang Tunggal,LED,Bantarkalong,0,-7.524171,108.086556,7.0,Bantarkalong
-7.621092 108.078453,Baik,PJU Konvensional,Tiang Tunggal,SON T,Bantarkalong,0,-7.621092,108.078453,7.0,Bantarkalong
-7.621736 108.094135,Baik,PJU Solar Cell,Tiang Tunggal,LED,Bantarkalong,0,-7.621736,108.094135,7.0,Bantarkalong
-7.621714 108.100988,Baik,PJU Konvensional,Tiang Tunggal,SON T,Bantarkalong,0,-7.621714,108.100988,7.0,Bantarkalong
-7.622011 108.101146,Baik,PJU Konvensional,Tiang Tunggal,SON T,Bantarkalong,0,-7.622011,108.101146,7.0,Bantarkalong
-7.538222 108.093342,Baik,PJU Konvensional,Tiang Tunggal,Mercury,Bantarkalong,0,-7.538222,108.093342,7.0,Bantarkalong
-7.538222 108.093342,Baik,PJU Konvensional,Tiang Stang,Mercury,Bantarkalong,0,-7.538222,108.093342,7.0,Bantarkalong
-7.538222 108.093342,Baik,PJU Konvensional,Tiang Stang,Mercury,Bantarkalong,0,-7.538222,108.093342,7.0,Bantarkalong
-7.539758 108.093728,Baik,PJU Konvensional,Tiang Tunggal,SON T,Bantarkalong,0,-7.539758,108.093728,7.0,Bantarkalong
-7.539866 108.094193,Baik,PJU Solar Cell,Tiang Tunggal,LED,Bantarkalong,0,-7.539866,108.094193,7.0,Bantarkalong
-7.539314 108.091799,Baik,PJU Konvensional,Tiang Tunggal,SON T,Bantarkalong,0,-7.539314,108.091799,7.0,Bantarkalong
-7.540260 108.093532,Baik,PJU Konvensional,Tiang Tunggal,SON T,Bantarkalong,0,-7.54026,108.093532,7.0,Bantarkalong
-7.541760 108.094025,Baik,PJU Konvensional,Tiang Tunggal,SON T,Bantarkalong,0,-7.54176,108.094025,7.0,Bantarkalong
-7.542391 108.093663,Baik,PJU Konvensional,Tiang Tunggal,SON T,Bantarkalong,0,-7.542391,108.093663,7.0,Bantarkalong
-7.550056 108.094221,Baik,PJU Konvensional,Tiang Tunggal,SON T,Bantarkalong,0,-7.550056,108.094221,7.0,Bantarkalong
-7.547616 108.084846,Baik,PJU Konvensional,Tiang Tunggal,SON T,Bantarkalong,0,-7.547616,108.084846,7.0,Bantarkalong
-7.546152 108.084096,Baik,PJU Konvensional,Tiang Tunggal,Mercury,Bantarkalong,0,-7.546152,108.084096,7.0,Bantarkalong
-7.553850 108.092876,Baik,PJU Konvensional,Tiang Tunggal,SON T,Bantarkalong,0,-7.55385,108.092876,7.0,Bantarkalong
-7.553188 108.090141,Baik,PJU Konvensional,Tiang Tunggal,SON T,Bantarkalong,0,-7.553188,108.090141,7.0,Bantarkalong
-7.551474 108.093331,Baik,PJU Konvensional,Tiang Stang,Mercury,Bantarkalong,0,-7.551474,108.093331,7.0,Bantarkalong
-7.551474 108.093331,Baik,PJU Konvensional,Tiang Tunggal,Mercury,Bantarkalong,0,-7.551474,108.093331,7.0,Bantarkalong
-7.5236857 108.0802077,Baik,PJU Konvensional,Tiang Tunggal,SON T,Bantarkalong,0,-7.5236857,108.0802077,7.0,Bantarkalong
-7.4994475 108.0789407,Baik,PJU Solar Cell,Tiang Tunggal,LED,Bantarkalong,0,-7.4994475,108.0789407,11.0,Sodonghilir
-7.643775 108.088736,Baik,PJU Konvensional,Tiang Tunggal,Mercury,Bantarkalong,0,-7.643775,108.088736,0.0,Cipatujah
-7.643775 108.088730,Baik,PJU Konvensional,Tiang Tunggal,SON T,Bantarkalong,0,-7.643775,108.08873,0.0,Cipatujah
-7.643097 108.087530,Baik,PJU Konvensional,Tiang Tunggal,Mercury,Bantarkalong,0,-7.643097,108.08753,0.0,Cipatujah
-7.632544 108.100169,Baik,PJU Konvensional,Tiang Tunggal,SON T,Bantarkalong,0,-7.632544,108.100169,7.0,Bantarkalong
-7.5677805 108.0716743,Baik,PJU Konvensional,Tiang Tunggal,SON T,Bantarkalong,0,-7.5677805,108.0716743,7.0,Bantarkalong
-7.5691359 108.0710315,Baik,PJU Konvensional,Tiang Tunggal,SON T,Bantarkalong,0,-7.5691359,108.0710315,7.0,Bantarkalong
-7.5700489 108.0859791,Baik,PJU Konvensional,Tiang Tunggal,SON T,Bantarkalong,0,-7.5700489,108.0859791,7.0,Bantarkalong
-7.5726828 108.0877933,Baik,PJU Konvensional,Tiang Tunggal,SON T,Bantarkalong,0,-7.5726828,108.0877933,7.0,Bantarkalong
-7.5734020 108.0898767,Baik,PJU Konvensional,Tiang Tunggal,SON T,Bantarkalong,0,-7.573402,108.0898767,7.0,Bantarkalong
-7.5749683 108.0931272,Baik,PJU Konvensional,Tiang Tunggal,SON T,Bantarkalong,0,-7.5749683,108.0931272,7.0,Bantarkalong
-7.5755041 108.0933193,Baik,PJU Konvensional,Tiang Tunggal,SON T,Bantarkalong,0,-7.5755041,108.0933193,7.0,Bantarkalong
-7.5725937 108.1042443,Baik,PJU Konvensional,Tiang Tunggal,SON T,Bantarkalong,0,-7.5725937,108.1042443,7.0,Bantarkalong
-7.5732647 108.1051023,Baik,PJU Konvensional,Tiang Tunggal,SON T,Bantarkalong,0,-7.5732647,108.1051023,7.0,Bantarkalong
-7.5916842 108.1137115,Baik,PJU Konvensional,Tiang Tunggal,SON T,Bantarkalong,0,-7.5916842,108.1137115,7.0,Bantarkalong
-7.5982844 108.1147378,Baik,PJU Konvensional,Tiang Tunggal,SON T,Bantarkalong,0,-7.5982844,108.1147378,7.0,Bantarkalong
-7.6268630 108.1024503,Baik,PJU Konvensional,Tiang Tunggal,Mercury,Bantarkalong,0,-7.626863,108.1024503,7.0,Bantarkalong
-7.575512 108.140153,Baik,PJU Solar Cell,Tiang Tunggal,LED,Bojongasih,0,-7.575512,108.140153,8.0,Bojongasih
-7.574588 108.140152,Baik,PJU Solar Cell,Tiang Tunggal,LED,Bojongasih,0,-7.574588,108.140152,8.0,Bojongasih
-7.570717 108.140829,Baik,PJU Solar Cell,Tiang Tunggal,LED,Bojongasih,0,-7.570717,108.140829,8.0,Bojongasih
-7.569312 108.140474,Baik,PJU Konvensional,Tiang Tunggal,Mercury,Bojongasih,0,-7.569312,108.140474,8.0,Bojongasih
-7.565754 108.144585,Baik,PJU Konvensional,Tiang Tunggal,SON T,Bojongasih,0,-7.565754,108.144585,8.0,Bojongasih
-7.577856 108.133055,Baik,PJU Konvensional,Tiang Tunggal,Mercury,Bojongasih,0,-7.577856,108.133055,8.0,Bojongasih
-7.577584 108.132880,Baik,PJU Konvensional,Tiang Tunggal,SON T,Bojongasih,0,-7.577584,108.13288,8.0,Bojongasih
-7.569047 108.128824,Baik,PJU Konvensional,Tiang Tunggal,SON T,Bojongasih,0,-7.569047,108.128824,8.0,Bojongasih
-7.569753 108.129268,Baik,PJU Konvensional,Tiang Tunggal,SON T,Bojongasih,0,-7.569753,108.129268,8.0,Bojongasih
-7.571977 108.130702,Baik,PJU Konvensional,Tiang Tunggal,SON T,Bojongasih,0,-7.571977,108.130702,8.0,Bojongasih
-7.572309 108.128260,Baik,PJU Konvensional,Tiang Tunggal,SON T,Bojongasih,0,-7.572309,108.12826,8.0,Bojongasih
-7.572890 108.131607,Baik,PJU Konvensional,Tiang Tunggal,SON T,Bojongasih,0,-7.57289,108.131607,8.0,Bojongasih
-7.568986 108.128708,Baik,PJU Konvensional,Tiang Tunggal,SON T,Bojongasih,0,-7.568986,108.128708,8.0,Bojongasih
-7.568705 108.128890,Baik,PJU Solar Cell,Tiang Tunggal,LED,Bojongasih,0,-7.568705,108.12889,8.0,Bojongasih
-7.553791 108.128953,Baik,PJU Konvensional,Tiang Stang,Mercury,Bojongasih,0,-7.553791,108.128953,8.0,Bojongasih
-7.553591 108.128562,Baik,PJU Konvensional,Tiang Stang,Mercury,Bojongasih,0,-7.553591,108.128562,8.0,Bojongasih
-7.553395 108.128152,Baik,PJU Konvensional,Tiang Tunggal,SON T,Bojongasih,0,-7.553395,108.128152,8.0,Bojongasih
-7.550014 108.127972,Baik,PJU Solar Cell,Tiang Tunggal,LED,Bojongasih,0,-7.550014,108.127972,8.0,Bojongasih
-7.550031 108.127979,Baik,PJU Solar Cell,Tiang Tunggal,LED,Bojongasih,0,-7.550031,108.127979,8.0,Bojongasih
-7.550503 108.128207,Baik,PJU Solar Cell,Tiang Tunggal,LED,Bojongasih,0,-7.550503,108.128207,8.0,Bojongasih
-7.579953 108.112106,Baik,PJU Konvensional,Tiang Tunggal,SON T,Bojongasih,0,-7.579953,108.112106,8.0,Bojongasih
-7.576750 108.112093,Baik,PJU Konvensional,Tiang Tunggal,Mercury,Bojongasih,0,-7.57675,108.112093,8.0,Bojongasih
-7.565817 108.106483,Baik,PJU Konvensional,Tiang Tunggal,SON T,Bojongasih,0,-7.565817,108.106483,8.0,Bojongasih
-7.536939 108.109956,Baik,PJU Solar Cell,Tiang Tunggal,LED,Bojongasih,0,-7.536939,108.109956,8.0,Bojongasih
-7.566361 108.104319,Baik,PJU Konvensional,Tiang Tunggal,SON T,Bojongasih,0,-7.566361,108.104319,8.0,Bojongasih
-7.560920 108.104262,Baik,PJU Konvensional,Tiang Stang,Mercury,Bojongasih,0,-7.56092,108.104262,8.0,Bojongasih
-7.537840 108.110217,Baik,PJU Konvensional,Tiang Tunggal,SON T,Bojongasih,0,-7.53784,108.110217,8.0,Bojongasih
-7.5554636 108.1054902,Baik,PJU Solar Cell,Tiang Tunggal,LED,Bojongasih,0,-7.5554636,108.1054902,8.0,Bojongasih
-7.533182 108.111629,Baik,PJU Konvensional,Tiang Tunggal,SON T,Bojongasih,0,-7.533182,108.111629,8.0,Bojongasih
-7.531376 108.112623,Baik,PJU Konvensional,Tiang Tunggal,Mercury,Bojongasih,0,-7.531376,108.112623,8.0,Bojongasih
-7.542957 108.107182,Baik,PJU Konvensional,Tiang Tunggal,Mercury,Bojongasih,0,-7.542957,108.107182,8.0,Bojongasih
-7.545081 108.111273,Baik,PJU Konvensional,Tiang Tunggal,SON T,Bojongasih,0,-7.545081,108.111273,8.0,Bojongasih
-7.547391 108.107007,Baik,PJU Solar Cell,Tiang Tunggal,LED,Bojongasih,0,-7.547391,108.107007,8.0,Bojongasih
-7.558693 108.103047,Baik,PJU Konvensional,Tiang Tunggal,SON T,Bojongasih,0,-7.558693,108.103047,8.0,Bojongasih
-7.5767052 108.1392052,Baik,PJU Konvensional,Tiang Tunggal,Mercury,Bojongasih,0,-7.5767052,108.1392052,8.0,Bojongasih
-7.5735203 108.1400505,Baik,PJU Solar Cell,Tiang Tunggal,LED,Bojongasih,0,-7.5735203,108.1400505,8.0,Bojongasih
-7.5735083 108.1401551,Baik,PJU Konvensional,Tiang Tunggal,Mercury,Bojongasih,0,-7.5735083,108.1401551,8.0,Bojongasih
-7.5715232 108.1405437,Baik,PJU Konvensional,Tiang Tunggal,Mercury,Bojongasih,0,-7.5715232,108.1405437,8.0,Bojongasih
-7.5587248 108.1480777,Baik,PJU Solar Cell,Tiang Tunggal,LED,Bojongasih,0,-7.5587248,108.1480777,8.0,Bojongasih
-7.5768182 108.1383942,Baik,PJU Konvensional,Tiang Tunggal,Mercury,Bojongasih,0,-7.5768182,108.1383942,8.0,Bojongasih
-7.5493344 108.1279899,Baik,PJU Solar Cell,Tiang Tunggal,LED,Bojongasih,0,-7.5493344,108.1279899,8.0,Bojongasih
-7.5624641 108.1278897,Baik,PJU Solar Cell,Tiang Tunggal,LED,Bojongasih,0,-7.5624641,108.1278897,8.0,Bojongasih
-7.5819945 108.1303278,Baik,PJU Konvensional,Tiang Tunggal,Mercury,Bojongasih,0,-7.5819945,108.1303278,8.0,Bojongasih
-7.577456 108.132502,Baik,PJU Konvensional,Tiang Tunggal,Mercury,Bojongasih,0,-7.577456,108.132502,8.0,Bojongasih
-7.577101 108.132008,Baik,PJU Konvensional,Tiang Tunggal,Mercury,Bojongasih,0,-7.577101,108.132008,8.0,Bojongasih
-7.533391 108.102792,Baik,PJU Konvensional,Tiang Tunggal,SON T,Bojongasih,0,-7.533391,108.102792,8.0,Bojongasih
-7.531784 108.098351,Baik,PJU Konvensional,Tiang Tunggal,SON T,Bojongasih,0,-7.531784,108.098351,8.0,Bojongasih
-7.5619889 108.1043972,Baik,PJU Konvensional,Tiang Tunggal,SON T,Bojongasih,0,-7.5619889,108.1043972,8.0,Bojongasih
-7.5583960 108.1037055,Baik,PJU Konvensional,Tiang Tunggal,SON T,Bojongasih,0,-7.558396,108.1037055,8.0,Bojongasih
-7.528173 108.104700,Baik,PJU Konvensional,Tiang Tunggal,SON T,Bojongasih,0,-7.528173,108.1047,8.0,Bojongasih
-7.526156 108.104740,Baik,PJU Konvensional,Tiang Tunggal,SON T,Bojongasih,0,-7.526156,108.10474,8.0,Bojongasih
-7.523071 108.107440,Baik,PJU Konvensional,Tiang Tunggal,LED,Bojongasih,0,-7.523071,108.10744,8.0,Bojongasih
-7.621371 108.107440,Baik,PJU Konvensional,Tiang Tunggal,LED,Bojongasih,0,-7.621371,108.10744,7.0,Bantarkalong
-7.466193 108.202384,Baik,PJU Konvensional,Tiang Tunggal,SON T,Cibalong,0,-7.466193,108.202384,18.0,Jatiwaras
-7.466193 108.202384,Baik,PJU Konvensional,Tiang Tunggal,SON T,Cibalong,0,-7.466193,108.202384,18.0,Jatiwaras
-7.466193 108.202384,Baik,PJU Konvensional,Tiang Tunggal,SON T,Cibalong,0,-7.466193,108.202384,18.0,Jatiwaras
-7.466193 108.202384,Baik,PJU Solar Cell,Tiang Tunggal,LED,Cibalong,0,-7.466193,108.202384,18.0,Jatiwaras
-7.537595 108.176379,Baik,PJU Konvensional,Tiang Tunggal,SON T,Cibalong,0,-7.537595,108.176379,5.0,Cibalong
-7.539277 108.177134,Baik,PJU Konvensional,Tiang Tunggal,SON T,Cibalong,0,-7.539277,108.177134,5.0,Cibalong
-7.530876 108.176058,Baik,PJU Konvensional,Tiang Tunggal,SON T,Cibalong,0,-7.530876,108.176058,5.0,Cibalong
-7.529800 108.176214,Baik,PJU Konvensional,Tiang Tunggal,SON T,Cibalong,0,-7.5298,108.176214,5.0,Cibalong
-7.521209 108.174184,Baik,PJU Konvensional,Tiang Tunggal,SON T,Cibalong,0,-7.521209,108.174184,5.0,Cibalong
-7.517525 108.176750,Baik,PJU Konvensional,Tiang Tunggal,SON T,Cibalong,0,-7.517525,108.17675,5.0,Cibalong
-7.514101 108.180950,Baik,PJU Konvensional,Tiang Tunggal,SON T,Cibalong,0,-7.514101,108.18095,5.0,Cibalong
-7.514137 108.181766,Baik,PJU Konvensional,Tiang Tunggal,SON T,Cibalong,0,-7.514137,108.181766,5.0,Cibalong
-7.514364 108.182499,Baik,PJU Konvensional,Tiang Tunggal,SON T,Cibalong,0,-7.514364,108.182499,5.0,Cibalong
-7.514634 108.182504,Baik,PJU Konvensional,Tiang Tunggal,SON T,Cibalong,0,-7.514634,108.182504,5.0,Cibalong
-7.513956 108.183091,Baik,PJU Konvensional,Tiang Tunggal,SON T,Cibalong,0,-7.513956,108.183091,5.0,Cibalong
-7.513861 108.183611,Baik,PJU Solar Cell,Tiang Tunggal,LED,Cibalong,0,-7.513861,108.183611,5.0,Cibalong
-7.514685 108.184607,Baik,PJU Konvensional,Tiang Tunggal,SON T,Cibalong,0,-7.514685,108.184607,5.0,Cibalong
-7.514474 108.186150,Baik,PJU Konvensional,Tiang Tunggal,SON T,Cibalong,0,-7.514474,108.18615,5.0,Cibalong
-7.490471 108.191173,Baik,PJU Konvensional,Tiang Tunggal,SON T,Cibalong,0,-7.490471,108.191173,5.0,Cibalong
-7.495687 108.190723,Baik,PJU Konvensional,Tiang Tunggal,SON T,Cibalong,0,-7.495687,108.190723,5.0,Cibalong
-7.500503 108.192585,Baik,PJU Konvensional,Tiang Tunggal,SON T,Cibalong,0,-7.500503,108.192585,5.0,Cibalong
-7.500942 108.192161,Baik,PJU Konvensional,Tiang Tunggal,SON T,Cibalong,0,-7.500942,108.192161,5.0,Cibalong
-7.501310 108.191860,Baik,PJU Konvensional,Tiang Tunggal,SON T,Cibalong,0,-7.50131,108.19186,5.0,Cibalong
-7.503317 108.189951,Baik,PJU Konvensional,Tiang Tunggal,SON T,Cibalong,0,-7.503317,108.189951,5.0,Cibalong
-7.503910 108.189622,Baik,PJU Solar Cell,Tiang Tunggal,LED,Cibalong,0,-7.50391,108.189622,5.0,Cibalong
-7.504370 108.189502,Baik,PJU Konvensional,Tiang Tunggal,SON T,Cibalong,0,-7.50437,108.189502,5.0,Cibalong
-7.505138 108.189269,Baik,PJU Konvensional,Tiang Tunggal,SON T,Cibalong,0,-7.505138,108.189269,5.0,Cibalong
-7.506980 108.188813,Baik,PJU Konvensional,Tiang Tunggal,SON T,Cibalong,0,-7.50698,108.188813,5.0,Cibalong
-7.508046 108.189223,Baik,PJU Konvensional,Tiang Tunggal,Mercury,Cibalong,0,-7.508046,108.189223,5.0,Cibalong
-7.508513 108.187661,Baik,PJU Konvensional,Tiang Tunggal,Mercury,Cibalong,0,-7.508513,108.187661,5.0,Cibalong
-7.509167 108.187077,Baik,PJU Konvensional,Tiang Tunggal,Mercury,Cibalong,0,-7.509167,108.187077,5.0,Cibalong
-7.507628 108.184285,Baik,PJU Solar Cell,Tiang Tunggal,LED,Cibalong,0,-7.507628,108.184285,5.0,Cibalong
-7.512326 108.185724,Baik,PJU Konvensional,Tiang Tunggal,SON T,Cibalong,0,-7.512326,108.185724,5.0,Cibalong
-7.513135 108.186695,Baik,PJU Solar Cell,Tiang Tunggal,LED,Cibalong,0,-7.513135,108.186695,5.0,Cibalong
-7.514898 108.182439,Baik,PJU Konvensional,Tiang Tunggal,SON T,Cibalong,0,-7.514898,108.182439,5.0,Cibalong
-7.516471 108.181652,Baik,PJU Konvensional,Tiang Tunggal,Mercury,Cibalong,0,-7.516471,108.181652,5.0,Cibalong
-7.527104 108.186647,Baik,PJU Konvensional,Tiang Tunggal,SON T,Cibalong,0,-7.527104,108.186647,5.0,Cibalong
-7.528121 108.186816,Baik,PJU Konvensional,Tiang Tunggal,SON T,Cibalong,0,-7.528121,108.186816,5.0,Cibalong
-7.531889 108.187309,Baik,PJU Konvensional,Tiang Tunggal,SON T,Cibalong,0,-7.531889,108.187309,5.0,Cibalong
-7.523292 108.184855,Baik,PJU Konvensional,Tiang Tunggal,SON T,Cibalong,0,-7.523292,108.184855,5.0,Cibalong
-7.520572 108.185163,Baik,PJU Konvensional,Tiang Tunggal,SON T,Cibalong,0,-7.520572,108.185163,5.0,Cibalong
-7.542707 108.178199,Baik,PJU Konvensional,Tiang Tunggal,SON T,Cibalong,0,-7.542707,108.178199,5.0,Cibalong
-7.546739 108.177372,Baik,PJU Konvensional,Tiang Tunggal,SON T,Cibalong,0,-7.546739,108.177372,5.0,Cibalong
-7.547535 108.177886,Baik,PJU Solar Cell,Tiang Tunggal,LED,Cibalong,0,-7.547535,108.177886,5.0,Cibalong
-7.550588 108.175816,Baik,PJU Konvensional,Tiang Tunggal,SON T,Cibalong,0,-7.550588,108.175816,5.0,Cibalong
-7.553551 108.178244,Baik,PJU Solar Cell,Tiang Tunggal,LED,Cibalong,0,-7.553551,108.178244,5.0,Cibalong
-7.567132 108.181836,Baik,PJU Konvensional,Tiang Tunggal,SON T,Cibalong,0,-7.567132,108.181836,5.0,Cibalong
-7.567627 108.177811,Baik,PJU Konvensional,Tiang Tunggal,Mercury,Cibalong,0,-7.567627,108.177811,5.0,Cibalong
-7.567306 108.182118,Baik,PJU Konvensional,Tiang Tunggal,SON T,Cibalong,0,-7.567306,108.182118,5.0,Cibalong
-7.578373 108.176275,Baik,PJU Konvensional,Tiang Tunggal,SON T,Cibalong,0,-7.578373,108.176275,5.0,Cibalong
-7.576601 108.171385,Baik,PJU Konvensional,Tiang Tunggal,SON T,Cibalong,0,-7.576601,108.171385,5.0,Cibalong
-7.535992 108.177124,Baik,PJU Konvensional,Tiang Tunggal,SON T,Cibalong,0,-7.535992,108.177124,5.0,Cibalong
-7.531027 108.176912,Baik,PJU Konvensional,Tiang Tunggal,SON T,Cibalong,0,-7.531027,108.176912,5.0,Cibalong
-7.526984 108.176203,Baik,PJU Konvensional,Tiang Tunggal,SON T,Cibalong,0,-7.526984,108.176203,5.0,Cibalong
-7.509478 108.177686,Baik,PJU Solar Cell,Tiang Tunggal,LED,Cibalong,0,-7.509478,108.177686,5.0,Cibalong
-7.507963 108.173971,Baik,PJU Konvensional,Tiang Tunggal,SON T,Cibalong,0,-7.507963,108.173971,6.0,Parungponteng
-7.503625 108.189729,Baik,PJU Konvensional,Tiang Tunggal,Mercury,Cibalong,0,-7.503625,108.189729,5.0,Cibalong
-7.501327 108.191848,Baik,PJU Konvensional,Tiang Tunggal,Mercury,Cibalong,0,-7.501327,108.191848,5.0,Cibalong
-7.498586 108.192145,Baik,PJU Konvensional,Tiang Tunggal,Mercury,Cibalong,0,-7.498586,108.192145,5.0,Cibalong
-7.491624 108.139638,Baik,PJU Konvensional,Tiang Tunggal,SON T,Cibalong,0,-7.491624,108.139638,6.0,Parungponteng
-7.493778 108.140661,Baik,PJU Solar Cell,Tiang Tunggal,LED,Cibalong,0,-7.493778,108.140661,6.0,Parungponteng
-7.504047 108.178919,Baik,PJU Konvensional,Tiang Tunggal,Mercury,Cibalong,0,-7.504047,108.178919,5.0,Cibalong
-7.580172 108.162455,Baik,PJU Konvensional,Tiang Tunggal,SON T,Cibalong,0,-7.580172,108.162455,5.0,Cibalong
-7.579059 108.162665,Baik,PJU Konvensional,Tiang Tunggal,SON T,Cibalong,0,-7.579059,108.162665,5.0,Cibalong
-7.579196 108.169681,Baik,PJU Solar Cell,Tiang Tunggal,LED,Cibalong,0,-7.579196,108.169681,5.0,Cibalong
-7.576861 108.158310,Baik,PJU Solar Cell,Tiang Tunggal,LED,Cibalong,0,-7.576861,108.15831,5.0,Cibalong
-7.576861 108.158310,Baik,PJU Solar Cell,Tiang Tunggal,LED,Cibalong,0,-7.576861,108.15831,5.0,Cibalong
-7.511603 108.183801,Baik,PJU Konvensional,Tiang Tunggal,Mercury,Cibalong,0,-7.511603,108.183801,5.0,Cibalong
-7.489072 108.182051,Baik,PJU Konvensional,Tiang Tunggal,SON T,Cibalong,0,-7.489072,108.182051,5.0,Cibalong
-7.507850 108.188271,Baik,PJU Konvensional,Tiang Tunggal,SON T,Cibalong,0,-7.50785,108.188271,5.0,Cibalong
-7.516651 108.182447,Baik,PJU Konvensional,Tiang Tunggal,SON T,Cibalong,0,-7.516651,108.182447,5.0,Cibalong
-7.514021 108.181235,Baik,PJU Konvensional,Tiang Tunggal,Mercury,Cibalong,0,-7.514021,108.181235,5.0,Cibalong
-7.525021 108.176779,Baik,PJU Konvensional,Tiang Tunggal,Mercury,Cibalong,0,-7.525021,108.176779,5.0,Cibalong
-7.532535 108.176850,Baik,PJU Solar Cell,Tiang Tunggal,LED,Cibalong,0,-7.532535,108.17685,5.0,Cibalong
-7.531442 108.176761,Baik,PJU Konvensional,Tiang Tunggal,SON T,Cibalong,0,-7.531442,108.176761,5.0,Cibalong
-7.536085 108.176311,Baik,PJU Konvensional,Tiang Tunggal,Mercury,Cibalong,0,-7.536085,108.176311,5.0,Cibalong
-7.543919 108.177752,Baik,PJU Konvensional,Tiang Tunggal,SON T,Cibalong,0,-7.543919,108.177752,5.0,Cibalong
-7.568028 108.182382,Baik,PJU Konvensional,Tiang Tunggal,SON T,Cibalong,0,-7.568028,108.182382,5.0,Cibalong
-7.577926 108.175133,Baik,PJU Konvensional,Tiang Tunggal,SON T,Cibalong,0,-7.577926,108.175133,5.0,Cibalong
-7.583275 108.179398,Baik,PJU Konvensional,Tiang Tunggal,Mercury,Cibalong,0,-7.583275,108.179398,5.0,Cibalong
-7.583340 108.179766,Baik,PJU Konvensional,Tiang Tunggal,Mercury,Cibalong,0,-7.58334,108.179766,5.0,Cibalong
-7.596965 108.190739,Baik,PJU Konvensional,Tiang Tunggal,SON T,Cibalong,0,-7.596965,108.190739,5.0,Cibalong
-7.5771024 108.2047517,Baik,PJU Solar Cell,Tiang Tunggal,LED,Cibalong,0,-7.5771024,108.2047517,5.0,Cibalong
-7.5802317 108.1992173,Baik,PJU Konvensional,Tiang Tunggal,SON T,Cibalong,0,-7.5802317,108.1992173,5.0,Cibalong
-7.5907796 108.2188300,Baik,PJU Konvensional,Tiang Tunggal,SON T,Cibalong,0,-7.5907796,108.21883,5.0,Cibalong
-7.5890515 108.2075721,Baik,PJU Konvensional,Tiang Tunggal,SON T,Cibalong,0,-7.5890515,108.2075721,5.0,Cibalong
-7.5961900 108.2185098,Baik,PJU Konvensional,Tiang Tunggal,SON T,Cibalong,0,-7.59619,108.2185098,5.0,Cibalong
-7.5960983 108.1907013,Baik,PJU Konvensional,Tiang Tunggal,SON T,Cibalong,0,-7.5960983,108.1907013,5.0,Cibalong
-7.5976477 108.1905799,Baik,PJU Konvensional,Tiang Tunggal,SON T,Cibalong,0,-7.5976477,108.1905799,5.0,Cibalong
-7.6001618 108.1910433,Baik,PJU Konvensional,Tiang Tunggal,SON T,Cibalong,0,-7.6001618,108.1910433,5.0,Cibalong
-7.5976816 108.2267666,Baik,PJU Solar Cell,Tiang Tunggal,LED,Cibalong,0,-7.5976816,108.2267666,5.0,Cibalong
-7.5924599 108.2231681,Baik,PJU Konvensional,Tiang Tunggal,SON T,Cibalong,0,-7.5924599,108.2231681,5.0,Cibalong
-7.569804 108.176023,Baik,PJU Solar Cell,Tiang Tunggal,LED,Cibalong,0,-7.569804,108.176023,5.0,Cibalong
-7.5075711 108.1896700,Baik,PJU Konvensional,Tiang Tunggal,SON T,Cibalong,0,-7.5075711,108.18967,5.0,Cibalong
-7.5129477 108.1802253,Baik,PJU Konvensional,Tiang Tunggal,SON T,Cibalong,0,-7.5129477,108.1802253,5.0,Cibalong
-7.5505705 108.1758623,Baik,PJU Konvensional,Tiang Tunggal,SON T,Cibalong,0,-7.5505705,108.1758623,5.0,Cibalong
-7.5129477 108.1802253,Baik,PJU Solar Cell,Tiang Tunggal,LED,Cibalong,0,-7.5129477,108.1802253,5.0,Cibalong
-7.7371611 108.1814587,Baik,PJU Solar Cell,Tiang Tunggal,LED,Cikalong,0,-7.7371611,108.1814587,2.0,Cikalong
-7.753185 108.157536,Baik,PJU Konvensional,Tiang Tunggal,SON T,Cikalong,0,-7.753185,108.157536,2.0,Cikalong
-7.762338 108.166511,Baik,PJU Solar Cell,Tiang Tunggal,LED,Cikalong,0,-7.762338,108.166511,2.0,Cikalong
-7.7230935 108.1992448,Baik,PJU Solar Cell,Tiang Tunggal,LED,Cikalong,0,-7.7230935,108.1992448,2.0,Cikalong
-7.775194 108.155510,Baik,PJU Solar Cell,Tiang Tunggal,LED,Cikalong,0,-7.775194,108.15551,2.0,Cikalong
-7.766368 108.167988,Baik,PJU Konvensional,Tiang Tunggal,SON T,Cikalong,0,-7.766368,108.167988,2.0,Cikalong
-7.765432 108.172628,Baik,PJU Konvensional,Tiang Tunggal,SON T,Cikalong,0,-7.765432,108.172628,2.0,Cikalong
-7.764983 108.172856,Baik,PJU Konvensional,Tiang Tunggal,SON T,Cikalong,0,-7.764983,108.172856,2.0,Cikalong
-7.763857 108.173168,Baik,PJU Konvensional,Tiang Tunggal,SON T,Cikalong,0,-7.763857,108.173168,2.0,Cikalong
-7.761519 108.162866,Baik,PJU Konvensional,Tiang Tunggal,SON T,Cikalong,0,-7.761519,108.162866,2.0,Cikalong
-7.7342544 108.1670891,Baik,PJU Konvensional,Tiang Tunggal,SON T,Cikalong,0,-7.7342544,108.1670891,2.0,Cikalong
-7.762446 108.166628,Baik,PJU Solar Cell,Tiang Tunggal,LED,Cikalong,0,-7.762446,108.166628,2.0,Cikalong
-7.762555 108.167598,Baik,PJU Konvensional,Tiang Tunggal,SON T,Cikalong,0,-7.762555,108.167598,2.0,Cikalong
-7.7333195 108.1677517,Baik,PJU Konvensional,Tiang Tunggal,SON T,Cikalong,0,-7.7333195,108.1677517,2.0,Cikalong
-7.762270 108.168540,Baik,PJU Konvensional,Tiang Tunggal,SON T,Cikalong,0,-7.76227,108.16854,2.0,Cikalong
-7.7290076 108.1625368,Baik,PJU Konvensional,Tiang Tunggal,SON T,Cikalong,0,-7.7290076,108.1625368,2.0,Cikalong
-7.762940 108.168597,Baik,PJU Konvensional,Tiang Tunggal,Mercury,Cikalong,0,-7.76294,108.168597,2.0,Cikalong
-7.762452 108.171136,Baik,PJU Konvensional,Tiang Tunggal,SON T,Cikalong,0,-7.762452,108.171136,2.0,Cikalong
-7.763220 108.173734,Baik,PJU Konvensional,Tiang Tunggal,SON T,Cikalong,0,-7.76322,108.173734,2.0,Cikalong
-7.7284358 108.1741242,Baik,PJU Konvensional,Tiang Tunggal,SON T,Cikalong,0,-7.7284358,108.1741242,2.0,Cikalong
-7.761265 108.172459,Baik,PJU Konvensional,Tiang Tunggal,SON T,Cikalong,0,-7.761265,108.172459,2.0,Cikalong
-7.761403 108.172820,Baik,PJU Konvensional,Tiang Tunggal,SON T,Cikalong,0,-7.761403,108.17282,2.0,Cikalong
-7.765931 108.173646,Baik,PJU Konvensional,Tiang Tunggal,SON T,Cikalong,0,-7.765931,108.173646,2.0,Cikalong
-7.767931 108.174826,Baik,PJU Konvensional,Tiang Tunggal,SON T,Cikalong,0,-7.767931,108.174826,2.0,Cikalong
-7.760757 108.176733,Baik,PJU Solar Cell,Tiang Tunggal,LED,Cikalong,0,-7.760757,108.176733,2.0,Cikalong
-7.774322 108.184005,Baik,PJU Konvensional,Tiang Tunggal,SON T,Cikalong,0,-7.774322,108.184005,2.0,Cikalong
-7.755588 108.183010,Baik,PJU Konvensional,Tiang Tunggal,SON T,Cikalong,0,-7.755588,108.18301,2.0,Cikalong
-7.789983 108.183997,Baik,PJU Konvensional,Tiang Tunggal,SON T,Cikalong,0,-7.789983,108.183997,2.0,Cikalong
-7.763700 108.173102,Baik,PJU Konvensional,Tiang Tunggal,SON T,Cikalong,0,-7.7637,108.173102,2.0,Cikalong
-7.748458 108.180727,Baik,PJU Konvensional,Tiang Tunggal,SON T,Cikalong,0,-7.748458,108.180727,2.0,Cikalong
-7.748570 108.179907,Baik,PJU Solar Cell,Tiang Tunggal,LED,Cikalong,0,-7.74857,108.179907,2.0,Cikalong
-7.746645 108.180919,Baik,PJU Konvensional,Tiang Tunggal,Mercury,Cikalong,0,-7.746645,108.180919,2.0,Cikalong
-7.7175621 108.2100501,Baik,PJU Konvensional,Tiang Tunggal,SON T,Cikalong,0,-7.7175621,108.2100501,2.0,Cikalong
-7.7118040 108.2094530,Baik,PJU Solar Cell,Tiang Tunggal,LED,Cikalong,0,-7.711804,108.209453,2.0,Cikalong
-7.6998032 108.2119538,Baik,PJU Konvensional,Tiang Tunggal,SON T,Cikalong,0,-7.6998032,108.2119538,2.0,Cikalong
-7.709455 108.187050,Baik,PJU Konvensional,Tiang Tunggal,Mercury,Cikalong,0,-7.709455,108.18705,2.0,Cikalong
-7.8095796 108.2992087,Baik,PJU Konvensional,Tiang Tunggal,Mercury,Cikalong,0,-7.8095796,108.2992087,2.0,Cikalong
-7.6928042 108.2153917,Baik,PJU Konvensional,Tiang Tunggal,SON T,Cikalong,0,-7.6928042,108.2153917,2.0,Cikalong
-7.716804 108.183836,Baik,PJU Solar Cell,Tiang Tunggal,LED,Cikalong,0,-7.716804,108.183836,2.0,Cikalong
-7.7033736 108.2087194,Baik,PJU Konvensional,Tiang Tunggal,SON T,Cikalong,0,-7.7033736,108.2087194,2.0,Cikalong
-7.8126375 108.2995048,Baik,PJU Konvensional,Tiang Tunggal,Mercury,Cikalong,0,-7.8126375,108.2995048,2.0,Cikalong
-7.8126375 108.2995048,Baik,PJU Konvensional,Tiang Tunggal,Mercury,Cikalong,0,-7.8126375,108.2995048,2.0,Cikalong
-7.713860 108.185428,Baik,PJU Solar Cell,Tiang Tunggal,LED,Cikalong,0,-7.71386,108.185428,2.0,Cikalong
-7.796104 108.228351,Baik,PJU Konvensional,Tiang Tunggal,SON T,Cikalong,0,-7.796104,108.228351,2.0,Cikalong
-7.716171 108.180457,Baik,PJU Solar Cell,Tiang Tunggal,LED,Cikalong,0,-7.716171,108.180457,2.0,Cikalong
-7.7426932 108.1847686,Baik,PJU Konvensional,Tiang Tunggal,SON T,Cikalong,0,-7.7426932,108.1847686,2.0,Cikalong
-7.796179 108.229043,Baik,PJU Konvensional,Tiang Tunggal,SON T,Cikalong,0,-7.796179,108.229043,2.0,Cikalong
-7.7387408 108.1879906,Baik,PJU Solar Cell,Tiang Tunggal,LED,Cikalong,0,-7.7387408,108.1879906,2.0,Cikalong
-7.715708 108.178290,Baik,PJU Konvensional,Tiang Tunggal,SON T,Cikalong,0,-7.715708,108.17829,2.0,Cikalong
-7.796954 108.232341,Baik,PJU Solar Cell,Tiang Tunggal,LED,Cikalong,0,-7.796954,108.232341,2.0,Cikalong
-7.7391189 108.1938029,Baik,PJU Solar Cell,Tiang Tunggal,LED,Cikalong,0,-7.7391189,108.1938029,2.0,Cikalong
-7.713129 108.176794,Baik,PJU Konvensional,Tiang Tunggal,SON T,Cikalong,0,-7.713129,108.176794,2.0,Cikalong
-7.8030694 108.3071035,Baik,PJU Konvensional,Tiang Tunggal,Mercury,Cikalong,0,-7.8030694,108.3071035,2.0,Cikalong
-7.798670 108.236833,Baik,PJU Konvensional,Tiang Tunggal,SON T,Cikalong,0,-7.79867,108.236833,2.0,Cikalong
-7.703055 108.177277,Baik,PJU Konvensional,Tiang Tunggal,SON T,Cikalong,0,-7.703055,108.177277,2.0,Cikalong
-7.798860 108.238697,Baik,PJU Solar Cell,Tiang Tunggal,LED,Cikalong,0,-7.79886,108.238697,2.0,Cikalong
-7.8094664 108.2984255,Baik,PJU Solar Cell,Tiang Tunggal,LED,Cikalong,0,-7.8094664,108.2984255,2.0,Cikalong
-7.799298 108.239336,Baik,PJU Konvensional,Tiang Tunggal,SON T,Cikalong,0,-7.799298,108.239336,2.0,Cikalong
-7.7377142 108.2120537,Baik,PJU Solar Cell,Tiang Tunggal,LED,Cikalong,0,-7.7377142,108.2120537,2.0,Cikalong
-7.800230 108.240725,Baik,PJU Solar Cell,Tiang Tunggal,LED,Cikalong,0,-7.80023,108.240725,2.0,Cikalong
-7.691152 108.166815,Baik,PJU Konvensional,Tiang Tunggal,SON T,Cikalong,0,-7.691152,108.166815,2.0,Cikalong
-7.7383375 108.2130729,Baik,PJU Konvensional,Tiang Tunggal,SON T,Cikalong,0,-7.7383375,108.2130729,2.0,Cikalong
-7.799525 108.246707,Baik,PJU Konvensional,Tiang Tunggal,SON T,Cikalong,0,-7.799525,108.246707,2.0,Cikalong
-7.8094664 108.2984255,Baik,PJU Konvensional,Tiang Tunggal,Mercury,Cikalong,0,-7.8094664,108.2984255,2.0,Cikalong
-7.7399341 108.2197580,Baik,PJU Konvensional,Tiang Tunggal,SON T,Cikalong,0,-7.7399341,108.219758,2.0,Cikalong
-7.7390215 108.2184377,Baik,PJU Solar Cell,Tiang Tunggal,LED,Cikalong,0,-7.7390215,108.2184377,2.0,Cikalong
-7.8103204 108.3051575,Baik,PJU Konvensional,Tiang Tunggal,Mercury,Cikalong,0,-7.8103204,108.3051575,2.0,Cikalong
-7.688560 108.163301,Baik,PJU Solar Cell,Tiang Tunggal,LED,Cikalong,0,-7.68856,108.163301,2.0,Cikalong
-7.8104173 108.3041926,Baik,PJU Konvensional,Tiang Tunggal,Mercury,Cikalong,0,-7.8104173,108.3041926,2.0,Cikalong
-7.8090874 108.2977432,Baik,PJU Konvensional,Tiang Tunggal,Mercury,Cikalong,0,-7.8090874,108.2977432,2.0,Cikalong
-7.8104173 108.3041926,Baik,PJU Konvensional,Tiang Tunggal,Mercury,Cikalong,0,-7.8104173,108.3041926,2.0,Cikalong
-7.799891 108.270295,Baik,PJU Konvensional,Tiang Tunggal,SON T,Cikalong,0,-7.799891,108.270295,2.0,Cikalong
-7.682702 108.176750,Baik,PJU Solar Cell,Tiang Tunggal,LED,Cikalong,0,-7.682702,108.17675,2.0,Cikalong
-7.804325 108.280685,Baik,PJU Konvensional,Tiang Tunggal,SON T,Cikalong,0,-7.804325,108.280685,2.0,Cikalong
-7.693286 108.170330,Baik,PJU Konvensional,Tiang Tunggal,Mercury,Cikalong,0,-7.693286,108.17033,2.0,Cikalong
-7.693832 108.170900,Baik,PJU Solar Cell,Tiang Tunggal,LED,Cikalong,0,-7.693832,108.1709,2.0,Cikalong
-7.800656 108.272101,Baik,PJU Solar Cell,Tiang Tunggal,LED,Cikalong,0,-7.800656,108.272101,2.0,Cikalong
-7.694132 108.188435,Baik,PJU Konvensional,Tiang Tunggal,Mercury,Cikalong,0,-7.694132,108.188435,2.0,Cikalong
-7.700287 108.168131,Baik,PJU Konvensional,Tiang Tunggal,Mercury,Cikalong,0,-7.700287,108.168131,2.0,Cikalong
-7.800727 108.272493,Baik,PJU Konvensional,Tiang Tunggal,SON T,Cikalong,0,-7.800727,108.272493,2.0,Cikalong
-7.700287 108.168131,Baik,PJU Konvensional,Tiang Tunggal,SON T,Cikalong,0,-7.700287,108.168131,2.0,Cikalong
-7.7288959 108.2071878,Baik,PJU Konvensional,Tiang Tunggal,SON T,Cikalong,0,-7.7288959,108.2071878,2.0,Cikalong
-7.701452 108.194789,Baik,PJU Konvensional,Tiang Tunggal,SON T,Cikalong,0,-7.701452,108.194789,2.0,Cikalong
-7.7883812 108.2915718,Baik,PJU Konvensional,Tiang Tunggal,Mercury,Cikalong,0,-7.7883812,108.2915718,2.0,Cikalong
-7.708123 108.195890,Baik,PJU Konvensional,Tiang Tunggal,SON T,Cikalong,0,-7.708123,108.19589,2.0,Cikalong
-7.715855 108.179655,Baik,PJU Konvensional,Tiang Tunggal,Mercury,Cikalong,0,-7.715855,108.179655,2.0,Cikalong
-7.7885174 108.2923865,Baik,PJU Konvensional,Tiang Tunggal,Mercury,Cikalong,0,-7.7885174,108.2923865,2.0,Cikalong
-7.708597 108.195389,Baik,PJU Solar Cell,Tiang Tunggal,LED,Cikalong,0,-7.708597,108.195389,2.0,Cikalong
-7.715929 108.174038,Baik,PJU Konvensional,Tiang Tunggal,Mercury,Cikalong,0,-7.715929,108.174038,2.0,Cikalong
-7.727311 108.178387,Baik,PJU Konvensional,Tiang Tunggal,SON T,Cikalong,0,-7.727311,108.178387,2.0,Cikalong
-7.710532 108.196567,Baik,PJU Konvensional,Tiang Tunggal,Mercury,Cikalong,0,-7.710532,108.196567,2.0,Cikalong
-7.729872 108.177926,Baik,PJU Solar Cell,Tiang Tunggal,LED,Cikalong,0,-7.729872,108.177926,2.0,Cikalong
-7.708957 108.195088,Baik,PJU Konvensional,Tiang Tunggal,SON T,Cikalong,0,-7.708957,108.195088,2.0,Cikalong
-7.806337 108.293412,Baik,PJU Konvensional,Tiang Tunggal,SON T,Cikalong,0,-7.806337,108.293412,2.0,Cikalong
-7.731923 108.179625,Baik,PJU Konvensional,Tiang Tunggal,SON T,Cikalong,0,-7.731923,108.179625,2.0,Cikalong
-7.792718 108.288507,Baik,PJU Konvensional,Tiang Tunggal,SON T,Cikalong,0,-7.792718,108.288507,2.0,Cikalong
-7.727687 108.181817,Baik,PJU Solar Cell,Tiang Tunggal,LED,Cikalong,0,-7.727687,108.181817,2.0,Cikalong
-7.792718 108.288507,Baik,PJU Konvensional,Tiang Tunggal,SON T,Cikalong,0,-7.792718,108.288507,2.0,Cikalong
-7.731294 108.188380,Baik,PJU Konvensional,Tiang Tunggal,SON T,Cikalong,0,-7.731294,108.18838,2.0,Cikalong
-7.6981642 108.2121164,Baik,PJU Konvensional,Tiang Tunggal,SON T,Cikalong,0,-7.6981642,108.2121164,2.0,Cikalong
-7.7528265 108.1970746,Baik,PJU Solar Cell,Tiang Tunggal,LED,Cikalong,0,-7.7528265,108.1970746,2.0,Cikalong
-7.7537520 108.1998198,Baik,PJU Konvensional,Tiang Tunggal,SON T,Cibalong,0,-7.753752,108.1998198,2.0,Cikalong
-7.7933629 108.2996131,Baik,PJU Konvensional,Tiang Tunggal,SON T,Cikalong,0,-7.7933629,108.2996131,2.0,Cikalong
-7.7449058 108.2121258,Baik,PJU Solar Cell,Tiang Tunggal,LED,Cikalong,0,-7.7449058,108.2121258,2.0,Cikalong
-7.7948455 108.2931476,Baik,PJU Konvensional,Tiang Tunggal,SON T,Cikalong,0,-7.7948455,108.2931476,2.0,Cikalong
-7.7560592 108.2165105,Baik,PJU Konvensional,Tiang Tunggal,SON T,Cikalong,0,-7.7560592,108.2165105,2.0,Cikalong
-7.7567007 108.2165796,Baik,PJU Solar Cell,Tiang Tunggal,LED,Cikalong,0,-7.7567007,108.2165796,2.0,Cikalong
-7.7533195 108.2127189,Baik,PJU Solar Cell,Tiang Tunggal,LED,Cikalong,0,-7.7533195,108.2127189,2.0,Cikalong
-7.782490 108.286966,Baik,PJU Konvensional,Tiang Tunggal,SON T,Cikalong,0,-7.78249,108.286966,2.0,Cikalong
-7.761522 108.162796,Baik,PJU Konvensional,Tiang Tunggal,Mercury,Cikalong,0,-7.761522,108.162796,2.0,Cikalong
-7.7759075 108.1605164,Baik,PJU Konvensional,Tiang Tunggal,SON T,Cikalong,0,-7.7759075,108.1605164,2.0,Cikalong
-7.763334 108.173204,Baik,PJU Solar Cell,Tiang Tunggal,LED,Cikalong,0,-7.763334,108.173204,2.0,Cikalong
-7.762821 108.174667,Baik,PJU Konvensional,Tiang Tunggal,Mercury,Cikalong,0,-7.762821,108.174667,2.0,Cikalong
-7.760868 108.176761,Baik,PJU Solar Cell,Tiang Tunggal,LED,Cikalong,0,-7.760868,108.176761,2.0,Cikalong
-7.7760537 108.1585490,Baik,PJU Konvensional,Tiang Tunggal,SON T,Cikalong,0,-7.7760537,108.158549,2.0,Cikalong
-7.770292 108.177913,Baik,PJU Konvensional,Tiang Tunggal,SON T,Cikalong,0,-7.770292,108.177913,2.0,Cikalong
-7.748274 108.181493,Baik,PJU Konvensional,Tiang Tunggal,SON T,Cikalong,0,-7.748274,108.181493,2.0,Cikalong
-7.746534 108.181041,Baik,PJU Konvensional,Tiang Tunggal,SON T,Cikalong,0,-7.746534,108.181041,2.0,Cikalong
-7.745496 108.182824,Baik,PJU Konvensional,Tiang Tunggal,SON T,Cikalong,0,-7.745496,108.182824,2.0,Cikalong
-7.744709 108.183038,Baik,PJU Konvensional,Tiang Tunggal,SON T,Cikalong,0,-7.744709,108.183038,2.0,Cikalong
-7.740358 108.184886,Baik,PJU Konvensional,Tiang Tunggal,SON T,Cikalong,0,-7.740358,108.184886,2.0,Cikalong
-7.742154 108.185228,Baik,PJU Konvensional,Tiang Tunggal,SON T,Cikalong,0,-7.742154,108.185228,2.0,Cikalong
-7.737241 108.181669,Baik,PJU Solar Cell,Tiang Tunggal,LED,Cikalong,0,-7.737241,108.181669,2.0,Cikalong
-7.737750 108.182349,Baik,PJU Konvensional,Tiang Tunggal,Mercury,Cikalong,0,-7.73775,108.182349,2.0,Cikalong
-7.731169 108.179163,Baik,PJU Konvensional,Tiang Tunggal,SON T,Cikalong,0,-7.731169,108.179163,2.0,Cikalong
-7.726421 108.178405,Baik,PJU Konvensional,Tiang Tunggal,SON T,Cikalong,0,-7.726421,108.178405,2.0,Cikalong
-7.715900 108.175724,Baik,PJU Konvensional,Tiang Tunggal,SON T,Cikalong,0,-7.7159,108.175724,2.0,Cikalong
-7.710179 108.205740,Baik,PJU Solar Cell,Tiang Tunggal,LED,Cikalong,0,-7.710179,108.20574,2.0,Cikalong
-7.812496 108.316112,Baik,PJU Konvensional,Tiang Tunggal,SON T,Cikalong,0,-7.812496,108.316112,2.0,Cikalong
-7.794122 108.221710,Baik,PJU Konvensional,Tiang Tunggal,SON T,Cikalong,0,-7.794122,108.22171,2.0,Cikalong
-7.812657 108.316743,Baik,PJU Konvensional,Tiang Tunggal,Mercury,Cikalong,0,-7.812657,108.316743,2.0,Cikalong
-7.809350 108.304922,Baik,PJU Solar Cell,Tiang Tunggal,LED,Cikalong,0,-7.80935,108.304922,2.0,Cikalong
-7.810299 108.305133,Baik,PJU Solar Cell,Tiang Tunggal,LED,Cikalong,0,-7.810299,108.305133,2.0,Cikalong
-7.813287 108.319239,Baik,PJU Konvensional,Tiang Tunggal,LED,Cikalong,0,-7.813287,108.319239,2.0,Cikalong
-7.807229 108.292355,Baik,PJU Konvensional,Tiang Tunggal,SON T,Cikalong,0,-7.807229,108.292355,2.0,Cikalong
-7.810240 108.321023,Baik,PJU Konvensional,Tiang Tunggal,Mercury,Cikalong,0,-7.81024,108.321023,2.0,Cikalong
-7.810014 108.324195,Baik,PJU Konvensional,Tiang Tunggal,SON T,Cikalong,0,-7.810014,108.324195,2.0,Cikalong
-7.812766 108.316908,Baik,PJU Konvensional,Tiang Tunggal,SON T,Cikalong,0,-7.812766,108.316908,2.0,Cikalong
-7.812045 108.314452,Baik,PJU Konvensional,Tiang Tunggal,SON T,Cikalong,0,-7.812045,108.314452,2.0,Cikalong
-7.809559 108.313580,Baik,PJU Konvensional,Tiang Tunggal,SON T,Cikalong,0,-7.809559,108.31358,2.0,Cikalong
-7.814476 108.331507,Baik,PJU Solar Cell,Tiang Tunggal,LED,Cikalong,0,-7.814476,108.331507,2.0,Cikalong
-7.757332 108.158856,Baik,PJU Konvensional,Tiang Tunggal,Mercury,Cikalong,0,-7.757332,108.158856,2.0,Cikalong
-7.610866 108.261222,Baik,PJU Konvensional,Tiang Tunggal,Mercury,Cikatomas,0,-7.610866,108.261222,4.0,Cikatomas
-7.609820 108.262379,Baik,PJU Konvensional,Tiang Tunggal,SON T,Cikatomas,0,-7.60982,108.262379,4.0,Cikatomas
-7.6225260 108.2561076,Baik,PJU Konvensional,Tiang Tunggal,SON T,Cikatomas,0,-7.622526,108.2561076,4.0,Cikatomas
-7.616252 108.260212,Baik,PJU Solar Cell,Tiang Tunggal,LED,Cikatomas,0,-7.616252,108.260212,4.0,Cikatomas
-7.616424 108.260170,Baik,PJU Konvensional,Tiang Tunggal,Mercury,Cikatomas,0,-7.616424,108.26017,4.0,Cikatomas
-7.6224901 108.2578564,Baik,PJU Konvensional,Tiang Tunggal,SON T,Cikatomas,0,-7.6224901,108.2578564,4.0,Cikatomas
-7.616424 108.260170,Baik,PJU Konvensional,Tiang Tunggal,Mercury,Cikatomas,0,-7.616424,108.26017,4.0,Cikatomas
-7.6226128 108.2574538,Baik,PJU Solar Cell,Tiang Tunggal,LED,Cikatomas,0,-7.6226128,108.2574538,4.0,Cikatomas
-7.616946 108.259740,Baik,PJU Konvensional,Tiang Tunggal,Mercury,Cikatomas,0,-7.616946,108.25974,4.0,Cikatomas
-7.618650 108.258183,Baik,PJU Solar Cell,Tiang Tunggal,LED,Cikatomas,0,-7.61865,108.258183,4.0,Cikatomas
-7.6289529 108.2627183,Baik,PJU Konvensional,Tiang Tunggal,SON T,Cikatomas,0,-7.6289529,108.2627183,4.0,Cikatomas
-7.619246 108.257868,Baik,PJU Konvensional,Tiang Tunggal,Mercury,Cikatomas,0,-7.619246,108.257868,4.0,Cikatomas
-7.619693 108.257738,Baik,PJU Konvensional,Tiang Tunggal,SON T,Cikatomas,0,-7.619693,108.257738,4.0,Cikatomas
-7.6301565 108.2634482,Baik,PJU Konvensional,Tiang Tunggal,SON T,Cikatomas,0,-7.6301565,108.2634482,4.0,Cikatomas
-7.619963 108.257705,Baik,PJU Konvensional,Tiang Tunggal,Mercury,Cikatomas,0,-7.619963,108.257705,4.0,Cikatomas
-7.621125 108.257755,Baik,PJU Konvensional,Tiang Tunggal,SON T,Cikatomas,0,-7.621125,108.257755,4.0,Cikatomas
-7.6308723 108.2644852,Baik,PJU Konvensional,Tiang Tunggal,SON T,Cikatomas,0,-7.6308723,108.2644852,4.0,Cikatomas
-7.621120 108.258590,Baik,PJU Konvensional,Tiang Tunggal,Mercury,Cikatomas,0,-7.62112,108.25859,4.0,Cikatomas
-7.621609 108.257778,Baik,PJU Konvensional,Tiang Tunggal,SON T,Cikatomas,0,-7.621609,108.257778,4.0,Cikatomas
-7.6333872 108.2664831,Baik,PJU Konvensional,Tiang Tunggal,SON T,Cikatomas,0,-7.6333872,108.2664831,4.0,Cikatomas
-7.622459 108.257921,Baik,PJU Konvensional,Tiang Tunggal,SON T,Cikatomas,0,-7.622459,108.257921,4.0,Cikatomas
-7.623205 108.258052,Baik,PJU Konvensional,Tiang Tunggal,SON T,Cikatomas,0,-7.623205,108.258052,4.0,Cikatomas
-7.623843 108.259195,Baik,PJU Konvensional,Tiang Tunggal,SON T,Cikatomas,0,-7.623843,108.259195,4.0,Cikatomas
-7.6284810 108.2636416,Baik,PJU Solar Cell,Tiang Tunggal,LED,Cikatomas,0,-7.628481,108.2636416,4.0,Cikatomas
-7.6281873 108.2637003,Baik,PJU Konvensional,Tiang Tunggal,SON T,Cikatomas,0,-7.6281873,108.2637003,4.0,Cikatomas
-7.628322 108.262908,Baik,PJU Konvensional,Tiang Tunggal,SON T,Cikatomas,0,-7.628322,108.262908,4.0,Cikatomas
-7.628925 108.262807,Baik,PJU Konvensional,Tiang Tunggal,SON T,Cikatomas,0,-7.628925,108.262807,4.0,Cikatomas
-7.6286861 108.2628128,Baik,PJU Konvensional,Tiang Tunggal,SON T,Cikatomas,0,-7.6286861,108.2628128,4.0,Cikatomas
-7.627093 108.264720,Baik,PJU Konvensional,Tiang Tunggal,SON T,Cikatomas,0,-7.627093,108.26472,4.0,Cikatomas
-7.672386 108.273677,Baik,PJU Solar Cell,Tiang Tunggal,LED,Cikatomas,0,-7.672386,108.273677,3.0,Pancatengah
-7.639179 108.297850,Baik,PJU Solar Cell,Tiang Tunggal,LED,Cikatomas,0,-7.639179,108.29785,4.0,Cikatomas
-7.639650 108.299122,Baik,PJU Konvensional,Tiang Tunggal,SON T,Cikatomas,0,-7.63965,108.299122,4.0,Cikatomas
-7.6792475 108.2721553,Baik,PJU Konvensional,Tiang Tunggal,SON T,Cikatomas,0,-7.6792475,108.2721553,3.0,Pancatengah
-7.6835510 108.2697121,Baik,PJU Konvensional,Tiang Tunggal,SON T,Cikatomas,0,-7.683551,108.2697121,3.0,Pancatengah
-7.67178 108.2681913,Baik,PJU Konvensional,Tiang Tunggal,SON T,Cikatomas,0,-7.67178,108.2681913,4.0,Cikatomas
-7.6787754 108.2725603,Baik,PJU Solar Cell,Tiang Tunggal,LED,Cikatomas,0,-7.6787754,108.2725603,3.0,Pancatengah
-7.5879012 108.2950801,Baik,PJU Solar Cell,Tiang Tunggal,LED,Cikatomas,0,-7.5879012,108.2950801,4.0,Cikatomas
-7.5728705 108.2902133,Baik,PJU Konvensional,Tiang Tunggal,SON T,Cikatomas,0,-7.5728705,108.2902133,4.0,Cikatomas
-7.676224 108.261498,Baik,PJU Konvensional,Tiang Tunggal,SON T,Cikatomas,0,-7.676224,108.261498,4.0,Cikatomas
-7.677340 108.261960,Baik,PJU Solar Cell,Tiang Tunggal,LED,Cikatomas,0,-7.67734,108.26196,4.0,Cikatomas
-7.679009 108.264367,Baik,PJU Konvensional,Tiang Tunggal,LED,Cikatomas,0,-7.679009,108.264367,4.0,Cikatomas
-7.5904044 108.2986552,Baik,PJU Konvensional,Tiang Tunggal,SON T,Cikatomas,0,-7.5904044,108.2986552,3.0,Pancatengah
-7.5732122 108.2814652,Baik,PJU Konvensional,Tiang Tunggal,SON T,Cikatomas,0,-7.5732122,108.2814652,4.0,Cikatomas
-7.5797897 108.2815903,Baik,PJU Konvensional,Tiang Tunggal,SON T,Cikatomas,0,-7.5797897,108.2815903,4.0,Cikatomas
-7.5802813 108.2817968,Baik,PJU Konvensional,Tiang Tunggal,SON T,Cikatomas,0,-7.5802813,108.2817968,4.0,Cikatomas
-7.6113691 108.2879891,Baik,PJU Konvensional,Tiang Tunggal,SON T,Cikatomas,0,-7.6113691,108.2879891,4.0,Cikatomas
-7.6077917 108.2865397,Baik,PJU Konvensional,Tiang Tunggal,SON T,Cikatomas,0,-7.6077917,108.2865397,4.0,Cikatomas
-7.6127858 108.22266,Baik,PJU Solar Cell,Tiang Tunggal,LED,Cikatomas,0,-7.6127858,108.22266,1.0,Karangnunggal
-7.6019889 108.2685367,Baik,PJU Konvensional,Tiang Tunggal,SON T,Cikatomas,0,-7.6019889,108.2685367,4.0,Cikatomas
-7.6016662 108.2691874,Baik,PJU Konvensional,Tiang Tunggal,SON T,Cikatomas,0,-7.6016662,108.2691874,4.0,Cikatomas
-7.634664 108.237396,Baik,PJU Solar Cell,Tiang Tunggal,LED,Cikatomas,0,-7.634664,108.237396,4.0,Cikatomas
-7.6026808 108.2697748,Baik,PJU Solar Cell,Tiang Tunggal,LED,Cikatomas,0,-7.6026808,108.2697748,4.0,Cikatomas
-7.639731 108.241427,Baik,PJU Konvensional,Tiang Tunggal,SON T,Cikatomas,0,-7.639731,108.241427,4.0,Cikatomas
-7.636210 108.237732,Baik,PJU Solar Cell,Tiang Tunggal,LED,Cikatomas,0,-7.63621,108.237732,4.0,Cikatomas
-7.636398 108.237910,Baik,PJU Konvensional,Tiang Tunggal,SON T,Cikatomas,0,-7.636398,108.23791,4.0,Cikatomas
-7.636247 108.235276,Baik,PJU Konvensional,Tiang Tunggal,LED,Cikatomas,0,-7.636247,108.235276,4.0,Cikatomas
-7.6110159 108.2492325,Baik,PJU Konvensional,Tiang Tunggal,SON T,Cikatomas,0,-7.6110159,108.2492325,4.0,Cikatomas
-7.6110242 108.2508180,Baik,PJU Konvensional,Tiang Tunggal,SON T,Cikatomas,0,-7.6110242,108.250818,4.0,Cikatomas
-7.630467 108.225474,Baik,PJU Konvensional,Tiang Tunggal,SON T,Cikatomas,0,-7.630467,108.225474,1.0,Karangnunggal
-7.629540 108.227265,Baik,PJU Konvensional,Tiang Tunggal,Mercury,Cikatomas,0,-7.62954,108.227265,1.0,Karangnunggal
-7.630343 108.231154,Baik,PJU Konvensional,Tiang Tunggal,SON T,Cikatomas,0,-7.630343,108.231154,1.0,Karangnunggal
-7.652475 108.245257,Baik,PJU Konvensional,Tiang Tunggal,SON T,Cikatomas,0,-7.652475,108.245257,4.0,Cikatomas
-7.655971 108.240908,Baik,PJU Konvensional,Tiang Tunggal,SON T,Cikatomas,0,-7.655971,108.240908,4.0,Cikatomas
-7.660613 108.230735,Baik,PJU Konvensional,Tiang Tunggal,SON T,Cikatomas,0,-7.660613,108.230735,4.0,Cikatomas
-7.660849 108.230661,Baik,PJU Solar Cell,Tiang Tunggal,LED,Cikalong,0,-7.660849,108.230661,4.0,Cikatomas
-7.661051 108.228412,Baik,PJU Konvensional,Tiang Tunggal,SON T,Cikatomas,0,-7.661051,108.228412,4.0,Cikatomas
-7.672024 108.217762,Baik,PJU Konvensional,Tiang Tunggal,SON T,Cikatomas,0,-7.672024,108.217762,4.0,Cikatomas
-7.671741 108.217374,Baik,PJU Solar Cell,Tiang Tunggal,LED,Cikatomas,0,-7.671741,108.217374,4.0,Cikatomas
-7.682774 108.234053,Baik,PJU Solar Cell,Tiang Tunggal,LED,Cikatomas,0,-7.682774,108.234053,4.0,Cikatomas
-7.680421 108.198527,Baik,PJU Konvensional,Tiang Tunggal,LED,Cikatomas,0,-7.680421,108.198527,4.0,Cikatomas
-7.678664 108.198653,Baik,PJU Solar Cell,Tiang Tunggal,LED,Cikatomas,0,-7.678664,108.198653,4.0,Cikatomas
-7.671193 108.199012,Baik,PJU Solar Cell,Tiang Tunggal,LED,Cikatomas,0,-7.671193,108.199012,4.0,Cikatomas
-7.671505 108.198886,Baik,PJU Solar Cell,Tiang Tunggal,LED,Cikatomas,0,-7.671505,108.198886,4.0,Cikatomas
-7.677273 108.198158,Baik,PJU Konvensional,Tiang Tunggal,SON T,Cikatomas,0,-7.677273,108.198158,4.0,Cikatomas
-7.6991975 108.2289338,Baik,PJU Konvensional,Tiang Tunggal,LED,Cikatomas,0,-7.6991975,108.2289338,4.0,Cikatomas
-7.6946761 108.2213368,Baik,PJU Solar Cell,Tiang Tunggal,LED,Cikatomas,0,-7.6946761,108.2213368,4.0,Cikatomas
-7.6242062 108.2612518,Baik,PJU Konvensional,Tiang Tunggal,SON T,Cikatomas,0,-7.6242062,108.2612518,4.0,Cikatomas
-7.6133843 108.2607294,Baik,PJU Konvensional,Tiang Tunggal,Mercury,Cikatomas,0,-7.6133843,108.2607294,4.0,Cikatomas
-7.6371868 108.2386508,Baik,PJU Konvensional,Tiang Tunggal,Mercury,Cikatomas,0,-7.6371868,108.2386508,4.0,Cikatomas
-7.6371482 108.2384979,Baik,PJU Konvensional,Tiang Tunggal,Mercury,Cikatomas,0,-7.6371482,108.2384979,4.0,Cikatomas
-7.6359609 108.2399319,Baik,PJU Konvensional,Tiang Tunggal,Mercury,Cikatomas,0,-7.6359609,108.2399319,4.0,Cikatomas
-7.6358453 108.2377328,Baik,PJU Konvensional,Tiang Tunggal,SON T,Cikatomas,0,-7.6358453,108.2377328,4.0,Cikatomas
-7.6485972 108.2273886,Baik,PJU Konvensional,Tiang Tunggal,Mercury,Cikatomas,0,-7.6485972,108.2273886,4.0,Cikatomas
-7.6305 108.248168,Baik,PJU Konvensional,Tiang Tunggal,Mercury,Cikatomas,0,-7.6305,108.248168,4.0,Cikatomas
-7.571234 108.281117,Baik,PJU Konvensional,Tiang Tunggal,SON T,Cikatomas,0,-7.571234,108.281117,4.0,Cikatomas
-7.570676 108.281387,Baik,PJU Konvensional,Tiang Tunggal,SON T,Cikatomas,0,-7.570676,108.281387,4.0,Cikatomas
-7.5618373 108.3279308,Baik,PJU Solar Cell,Tiang Tunggal,LED,Cikatomas,0,-7.5618373,108.3279308,4.0,Cikatomas
-7.575927 108.272252,Baik,PJU Konvensional,Tiang Tunggal,Mercury,Cikatomas,0,-7.575927,108.272252,4.0,Cikatomas
-7.5711875 108.3097961,Baik,PJU Konvensional,Tiang Tunggal,Mercury,Cikatomas,0,-7.5711875,108.3097961,4.0,Cikatomas
-7.558807 108.253377,Baik,PJU Konvensional,Tiang Tunggal,SON T,Cikatomas,0,-7.558807,108.253377,4.0,Cikatomas
-7.560587 108.258372,Baik,PJU Konvensional,Tiang Tunggal,SON T,Cikatomas,0,-7.560587,108.258372,4.0,Cikatomas
-7.567477 108.266311,Baik,PJU Konvensional,Tiang Tunggal,SON T,Cikatomas,0,-7.567477,108.266311,4.0,Cikatomas
-7.563853 108.260195,Baik,PJU Konvensional,Tiang Tunggal,SON T,Cikatomas,0,-7.563853,108.260195,4.0,Cikatomas
-7.573206 108.281485,Baik,PJU Konvensional,Tiang Tunggal,SON T,Cikatomas,0,-7.573206,108.281485,4.0,Cikatomas
-7.573206 108.281485,Baik,PJU Konvensional,Tiang Tunggal,Mercury,Cikatomas,0,-7.573206,108.281485,4.0,Cikatomas
-7.568232 108.282718,Baik,PJU Konvensional,Tiang Tunggal,SON T,Cikatomas,0,-7.568232,108.282718,4.0,Cikatomas
-7.678702 108.220869,Baik,PJU Konvensional,Tiang Tunggal,SON T,Cikatomas,0,-7.678702,108.220869,4.0,Cikatomas
-7.676149 108.217857,Baik,PJU Konvensional,Tiang Tunggal,SON T,Cikatomas,0,-7.676149,108.217857,4.0,Cikatomas
-7.675517 108.217643,Baik,PJU Solar Cell,Tiang Tunggal,LED,Cikatomas,0,-7.675517,108.217643,4.0,Cikatomas
-7.674898 108.217875,Baik,PJU Konvensional,Tiang Tunggal,Mercury,Cikatomas,0,-7.674898,108.217875,4.0,Cikatomas
-7.670008 108.215930,Baik,PJU Konvensional,Tiang Tunggal,SON T,Cikatomas,0,-7.670008,108.21593,4.0,Cikatomas
-7.681269 108.226162,Baik,PJU Solar Cell,Tiang Tunggal,LED,Cikatomas,0,-7.681269,108.226162,4.0,Cikatomas
-7.681142 108.225654,Baik,PJU Konvensional,Tiang Tunggal,Mercury,Cikatomas,0,-7.681142,108.225654,4.0,Cikatomas
-7.680421 108.198527,Baik,PJU Solar Cell,Tiang Tunggal,LED,Cikatomas,0,-7.680421,108.198527,4.0,Cikatomas
-7.617643 108.272621,Baik,PJU Konvensional,Tiang Tunggal,LED,Cikatomas,0,-7.617643,108.272621,4.0,Cikatomas
-7.627823 108.295822,Baik,PJU Konvensional,Tiang Tunggal,Mercury,Cikatomas,0,-7.627823,108.295822,4.0,Cikatomas
-7.627375 108.301200,Baik,PJU Konvensional,Tiang Tunggal,SON T,Cikatomas,0,-7.627375,108.3012,4.0,Cikatomas
-7.625666 108.259849,Baik,PJU Konvensional,Tiang Tunggal,SON T,Cikatomas,0,-7.625666,108.259849,4.0,Cikatomas
-7.625666 108.259849,Baik,PJU Konvensional,Tiang Tunggal,SON T,Cikatomas,0,-7.625666,108.259849,4.0,Cikatomas
-7.623688 108.258388,Baik,PJU Konvensional,Tiang Tunggal,SON T,Cikatomas,0,-7.623688,108.258388,4.0,Cikatomas
-7.620940 108.257702,Baik,PJU Konvensional,Tiang Tunggal,Mercury,Cikatomas,0,-7.62094,108.257702,4.0,Cikatomas
-7.620940 108.257702,Baik,PJU Konvensional,Tiang Tunggal,Mercury,Cikatomas,0,-7.62094,108.257702,4.0,Cikatomas
-7.613465 108.260689,Baik,PJU Konvensional,Tiang Tunggal,SON T,Cikatomas,0,-7.613465,108.260689,4.0,Cikatomas
-7.615143 108.260859,Baik,PJU Konvensional,Tiang Tunggal,SON T,Cikatomas,0,-7.615143,108.260859,4.0,Cikatomas
-7.680239 108.260750,Baik,PJU Konvensional,Tiang Tunggal,SON T,Cikatomas,0,-7.680239,108.26075,4.0,Cikatomas
-7.679023 108.264361,Baik,PJU Solar Cell,Tiang Tunggal,LED,Cikatomas,0,-7.679023,108.264361,4.0,Cikatomas
-7.572802 108.290224,Baik,PJU Konvensional,Tiang Tunggal,SON T,Cikatomas,0,-7.572802,108.290224,4.0,Cikatomas
-7.568938 108.303168,Baik,PJU Konvensional,Tiang Tunggal,SON T,Cikatomas,0,-7.568938,108.303168,4.0,Cikatomas
-7.592749 108.273770,Baik,PJU Solar Cell,Tiang Tunggal,LED,Cikatomas,0,-7.592749,108.27377,4.0,Cikatomas
-7.677990 108.189685,Baik,PJU Solar Cell,Tiang Tunggal,LED,Cikatomas,0,-7.67799,108.189685,4.0,Cikatomas
-7.44602 108.40567,Baik,PJU Konvensional,Tiang Tunggal,Mercury,Cineam,0,-7.44602,108.40567,20.0,Karang Jaya
-7.44586 108.40553,Baik,PJU Konvensional,Tiang Tunggal,Mercury,Cineam,0,-7.44586,108.40553,20.0,Karang Jaya
-7.44803 108.41061,Baik,PJU Konvensional,Tiang Tunggal,Mercury,Cineam,0,-7.44803,108.41061,20.0,Karang Jaya
-7.44811 108.40822,Baik,PJU Konvensional,Tiang Tunggal,Mercury,Cineam,0,-7.44811,108.40822,20.0,Karang Jaya
-7.45665 108.41247,Baik,PJU Konvensional,Tiang Tunggal,Mercury,Cineam,0,-7.45665,108.41247,20.0,Karang Jaya
-7.43878 108.39456,Baik,PJU Konvensional,Tiang Tunggal,Mercury,Cineam,0,-7.43878,108.39456,20.0,Karang Jaya
-7.43887 108.39456,Baik,PJU Konvensional,Tiang Tunggal,Mercury,Cineam,0,-7.43887,108.39456,20.0,Karang Jaya
-7.43513 108.39314,Baik,PJU Konvensional,Tiang Tunggal,Mercury,Cineam,0,-7.43513,108.39314,20.0,Karang Jaya
-7.4333 108.39123,Baik,PJU Konvensional,Tiang Tunggal,Mercury,Cineam,0,-7.4333,108.39123,20.0,Karang Jaya
-7.4333 108.39123,Baik,PJU Konvensional,Tiang Tunggal,Mercury,Cineam,0,-7.4333,108.39123,20.0,Karang Jaya
-7.43075 108.38912,Baik,PJU Konvensional,Tiang Tunggal,Mercury,Cineam,0,-7.43075,108.38912,20.0,Karang Jaya
-7.43075 108.38912,Baik,PJU Konvensional,Tiang Tunggal,Mercury,Cineam,0,-7.43075,108.38912,20.0,Karang Jaya
-7.41282 108.38688,Baik,PJU Solar Cell,Tiang Tunggal,LED,Cineam,0,-7.41282,108.38688,19.0,Cineam
-7.41283 108.38689,Baik,PJU Konvensional,Tiang Tunggal,Mercury,Cineam,0,-7.41283,108.38689,19.0,Cineam
-7.412638 108.390931,Baik,PJU Solar Cell,Tiang Tunggal,LED,Cineam,0,-7.412638,108.390931,19.0,Cineam
-7.412943 108.387986,Baik,PJU Konvensional,Tiang Tunggal,SON T,Cineam,0,-7.412943,108.387986,19.0,Cineam
-7.39437 108.39055,Baik,PJU Konvensional,Tiang Tunggal,Mercury,Cineam,0,-7.39437,108.39055,19.0,Cineam
-7.395163 108.385440,Baik,PJU Konvensional,Tiang Tunggal,SON T,Cineam,0,-7.395163,108.38544,19.0,Cineam
-7.397975 108.380805,Baik,PJU Solar Cell,Tiang Tunggal,LED,Cineam,0,-7.397975,108.380805,19.0,Cineam
-7.41548 108.34714,Baik,PJU Konvensional,Tiang Tunggal,Mercury,Cineam,0,-7.41548,108.34714,19.0,Cineam
-7.40002 108.36771,Baik,PJU Konvensional,Tiang Tunggal,Mercury,Cineam,0,-7.40002,108.36771,19.0,Cineam
-7.40724 108.35916,Baik,PJU Konvensional,Tiang Tunggal,Mercury,Cineam,0,-7.40724,108.35916,19.0,Cineam
-7.40939 108.35956,Baik,PJU Konvensional,Tiang Tunggal,Mercury,Cineam,0,-7.40939,108.35956,19.0,Cineam
-7.40921 108.35962,Baik,PJU Konvensional,Tiang Tunggal,Mercury,Cineam,0,-7.40921,108.35962,19.0,Cineam
-7.40279 108.34885,Baik,PJU Konvensional,Tiang Tunggal,Mercury,Cineam,0,-7.40279,108.34885,19.0,Cineam
-7.40479 108.34836,Baik,PJU Konvensional,Tiang Tunggal,Mercury,Cineam,0,-7.40479,108.34836,19.0,Cineam
-7.384550 108.347669,Baik,PJU Konvensional,Tiang Tunggal,SON T,Cineam,0,-7.38455,108.347669,19.0,Cineam
-7.40024 108.35077,Baik,PJU Konvensional,Tiang Tunggal,Mercury,Cineam,0,-7.40024,108.35077,19.0,Cineam
-7.3886 108.34892,Baik,PJU Konvensional,Tiang Tunggal,Mercury,Cineam,0,-7.3886,108.34892,19.0,Cineam
-7.3859 108.35064,Baik,PJU Konvensional,Tiang Tunggal,Mercury,Cineam,0,-7.3859,108.35064,19.0,Cineam
-7.378914 108.347835,Baik,PJU Konvensional,Tiang Tunggal,SON T,Cineam,0,-7.378914,108.347835,19.0,Cineam
-7.37164 108.3543,Baik,PJU Konvensional,Tiang Tunggal,Mercury,Cineam,0,-7.37164,108.3543,21.0,Manonjaya
-7.378609 108.397176,Baik,PJU Konvensional,Tiang Tunggal,SON T,Cineam,0,-7.378609,108.397176,19.0,Cineam
-7.378735 108.394752,Baik,PJU Konvensional,Tiang Tunggal,LED,Cineam,0,-7.378735,108.394752,19.0,Cineam
-7.378482 108.397201,Baik,PJU Konvensional,Tiang Tunggal,SON T,Cineam,0,-7.378482,108.397201,19.0,Cineam
-7.385380 108.385993,Baik,PJU Konvensional,Tiang Tunggal,SON T,Cineam,0,-7.38538,108.385993,19.0,Cineam
-7.386061 108.385434,Baik,PJU Konvensional,Tiang Tunggal,SON T,Cineam,0,-7.386061,108.385434,19.0,Cineam
-7.396236 108.376971,Baik,PJU Konvensional,Tiang Tunggal,LED,Cineam,0,-7.396236,108.376971,19.0,Cineam
-7.394127 108.375710,Baik,PJU Konvensional,Tiang Tunggal,SON T,Cineam,0,-7.394127,108.37571,19.0,Cineam
-7.393874 108.374126,Baik,PJU Konvensional,Tiang Tunggal,SON T,Cineam,0,-7.393874,108.374126,19.0,Cineam
-7.37662 108.36913,Baik,PJU Konvensional,Tiang Tunggal,Mercury,Cineam,0,-7.37662,108.36913,19.0,Cineam
-7.3767 108.36917,Baik,PJU Konvensional,Tiang Tunggal,Mercury,Cineam,0,-7.3767,108.36917,19.0,Cineam
-7.38258 108.37002,Baik,PJU Konvensional,Tiang Tunggal,Mercury,Cineam,0,-7.38258,108.37002,19.0,Cineam
-7.38256 108.37008,Baik,PJU Konvensional,Tiang Tunggal,Mercury,Cineam,0,-7.38256,108.37008,19.0,Cineam
-7.37824 108.35398,Baik,PJU Solar Cell,Tiang Tunggal,LED,Cineam,0,-7.37824,108.35398,19.0,Cineam
-7.37842 108.35414,Baik,PJU Konvensional,Tiang Tunggal,Mercury,Cineam,0,-7.37842,108.35414,19.0,Cineam
-7.37895 108.35709,Baik,PJU Konvensional,Tiang Tunggal,Mercury,Cineam,0,-7.37895,108.35709,19.0,Cineam
-7.39068 108.36038,Baik,PJU Konvensional,Tiang Tunggal,Mercury,Cineam,0,-7.39068,108.36038,19.0,Cineam
-7.389222 108.361194,Baik,PJU Konvensional,Tiang Tunggal,SON T,Cineam,0,-7.389222,108.361194,19.0,Cineam
-7.3912 108.35614,Baik,PJU Konvensional,Tiang Tunggal,Mercury,Cineam,0,-7.3912,108.35614,19.0,Cineam
-7.39177 108.35596,Baik,PJU Konvensional,Tiang Tunggal,Mercury,Cineam,0,-7.39177,108.35596,19.0,Cineam
-7.38945 108.35751,Baik,PJU Konvensional,Tiang Tunggal,Mercury,Cineam,0,-7.38945,108.35751,19.0,Cineam
-7.38977 108.35742,Baik,PJU Solar Cell,Tiang Tunggal,LED,Cineam,0,-7.38977,108.35742,19.0,Cineam
-7.38981 108.3575,Baik,PJU Solar Cell,Tiang Tunggal,LED,Cineam,0,-7.38981,108.3575,19.0,Cineam
-7.38928 108.35817,Baik,PJU Solar Cell,Tiang Tunggal,LED,Cineam,0,-7.38928,108.35817,19.0,Cineam
-7.3871 108.35542,Baik,PJU Konvensional,Tiang Tunggal,Mercury,Cineam,0,-7.3871,108.35542,19.0,Cineam
-7.3887 108.35568,Baik,PJU Konvensional,Tiang Tunggal,Mercury,Cineam,0,-7.3887,108.35568,19.0,Cineam
-7.38751 108.3556,Baik,PJU Konvensional,Tiang Tunggal,Mercury,Cineam,0,-7.38751,108.3556,19.0,Cineam
-7.38883 108.35648,Baik,PJU Konvensional,Tiang Tunggal,Mercury,Cineam,0,-7.38883,108.35648,19.0,Cineam
-7.38885 108.35643,Baik,PJU Konvensional,Tiang Tunggal,Mercury,Cineam,0,-7.38885,108.35643,19.0,Cineam
-7.636867 108.084698,Baik,PJU Konvensional,Tiang Tunggal,SON T,Cipatujah,0,-7.636867,108.084698,0.0,Cipatujah
-7.640145 108.087458,Baik,PJU Solar Cell,Tiang Tunggal,LED,Cipatujah,0,-7.640145,108.087458,0.0,Cipatujah
-7.641244 108.087723,Baik,PJU Solar Cell,Tiang Tunggal,LED,Cipatujah,0,-7.641244,108.087723,0.0,Cipatujah
-7.648642 108.080151,Baik,PJU Konvensional,Tiang Tunggal,SON T,Cipatujah,0,-7.648642,108.080151,0.0,Cipatujah
-7.647571 108.081625,Baik,PJU Konvensional,Tiang Tunggal,SON T,Cipatujah,0,-7.647571,108.081625,0.0,Cipatujah
-7.6371994 108.0882242,Baik,PJU Konvensional,Tiang Tunggal,SON T,Cipatujah,0,-7.6371994,108.0882242,0.0,Cipatujah
-7.6403922 108.0874577,Baik,PJU Solar Cell,Tiang Tunggal,LED,Cipatujah,0,-7.6403922,108.0874577,0.0,Cipatujah
-7.6632431 108.0777334,Baik,PJU Solar Cell,Tiang Tunggal,LED,Bantarkalong,0,-7.6632431,108.0777334,0.0,Cipatujah
-7.669641 108.061052,Baik,PJU Konvensional,Tiang Tunggal,LED,Cipatujah,0,-7.669641,108.061052,0.0,Cipatujah
-7.6641396 108.0771161,Baik,PJU Konvensional,Tiang Tunggal,SON T,Bantarkalong,0,-7.6641396,108.0771161,0.0,Cipatujah
-7.674749 108.059443,Baik,PJU Solar Cell,Tiang Tunggal,LED,Cipatujah,0,-7.674749,108.059443,0.0,Cipatujah
-7.6656721 108.0752865,Baik,PJU Konvensional,Tiang Tunggal,SON T,Bantarkalong,0,-7.6656721,108.0752865,0.0,Cipatujah
-7.6649883 108.0753120,Baik,PJU Solar Cell,Tiang Tunggal,LED,Bantarkalong,0,-7.6649883,108.075312,0.0,Cipatujah
-7.676445 108.053956,Baik,PJU Konvensional,Tiang Tunggal,SON T,Cipatujah,0,-7.676445,108.053956,0.0,Cipatujah
-7.677162 108.053603,Baik,PJU Konvensional,Tiang Tunggal,SON T,Cipatujah,0,-7.677162,108.053603,0.0,Cipatujah
-7.6682635 108.0739387,Baik,PJU Konvensional,Tiang Tunggal,SON T,Bantarkalong,0,-7.6682635,108.0739387,0.0,Cipatujah
-7.674320 108.060404,Baik,PJU Solar Cell,Tiang Tunggal,LED,Cipatujah,0,-7.67432,108.060404,0.0,Cipatujah
-7.677675 108.053368,Baik,PJU Konvensional,Tiang Tunggal,LED,Cipatujah,0,-7.677675,108.053368,0.0,Cipatujah
-7.6682934 108.0747320,Baik,PJU Solar Cell,Tiang Tunggal,LED,Bantarkalong,0,-7.6682934,108.074732,0.0,Cipatujah
-7.681610 108.051662,Baik,PJU Konvensional,Tiang Tunggal,SON T,Cipatujah,0,-7.68161,108.051662,0.0,Cipatujah
-7.6688656 108.0729969,Baik,PJU Konvensional,Tiang Tunggal,SON T,Bantarkalong,0,-7.6688656,108.0729969,0.0,Cipatujah
-7.682490 108.050598,Baik,PJU Konvensional,Tiang Tunggal,SON T,Cipatujah,0,-7.68249,108.050598,0.0,Cipatujah
-7.676089 108.057855,Baik,PJU Konvensional,Tiang Tunggal,SON T,Cipatujah,0,-7.676089,108.057855,0.0,Cipatujah
-7.683556 108.051242,Baik,PJU Konvensional,Tiang Tunggal,Mercury,Cipatujah,0,-7.683556,108.051242,0.0,Cipatujah
-7.675422 108.055050,Baik,PJU Solar Cell,Tiang Tunggal,LED,Cipatujah,0,-7.675422,108.05505,0.0,Cipatujah
-7.692204 108.047087,Baik,PJU Konvensional,Tiang Tunggal,SON T,Cipatujah,0,-7.692204,108.047087,0.0,Cipatujah
-7.686067 108.041332,Baik,PJU Konvensional,Tiang Tunggal,SON T,Cipatujah,0,-7.686067,108.041332,0.0,Cipatujah
-7.6894251 108.0447637,Baik,PJU Konvensional,Tiang Tunggal,SON T,Cipatujah,0,-7.6894251,108.0447637,0.0,Cipatujah
-7.6922467 108.0471592,Baik,PJU Konvensional,Tiang Tunggal,SON T,Cipatujah,0,-7.6922467,108.0471592,0.0,Cipatujah
-7.6924128 108.0462761,Baik,PJU Solar Cell,Tiang Tunggal,LED,Cipatujah,0,-7.6924128,108.0462761,0.0,Cipatujah
-7.6653239 108.0468078,Baik,PJU Konvensional,Tiang Tunggal,SON T,Cipatujah,0,-7.6653239,108.0468078,0.0,Cipatujah
-7.655728 108.048040,Baik,PJU Konvensional,Tiang Tunggal,SON T,Cipatujah,0,-7.655728,108.04804,0.0,Cipatujah
-7.6620064 108.0469161,Baik,PJU Konvensional,Tiang Tunggal,SON T,Cipatujah,0,-7.6620064,108.0469161,0.0,Cipatujah
-7.655616 108.048355,Baik,PJU Konvensional,Tiang Tunggal,Mercury,Cipatujah,0,-7.655616,108.048355,0.0,Cipatujah
-7.6611743 108.0479753,Baik,PJU Solar Cell,Tiang Tunggal,LED,Cipatujah,0,-7.6611743,108.0479753,0.0,Cipatujah
-7.653960 108.049697,Baik,PJU Konvensional,Tiang Tunggal,SON T,Cipatujah,0,-7.65396,108.049697,0.0,Cipatujah
-7.6631823 108.0467123,Baik,PJU Konvensional,Tiang Tunggal,SON T,Cipatujah,0,-7.6631823,108.0467123,0.0,Cipatujah
-7.633806 108.056790,Baik,PJU Solar Cell,Tiang Tunggal,LED,Cipatujah,0,-7.633806,108.05679,9.0,Culamega
-7.6403712 108.0589502,Baik,PJU Konvensional,Tiang Tunggal,SON T,Cipatujah,0,-7.6403712,108.0589502,9.0,Culamega
-7.645710 108.053231,Baik,PJU Solar Cell,Tiang Tunggal,LED,Cipatujah,0,-7.64571,108.053231,9.0,Culamega
-7.644946 108.053524,Baik,PJU Konvensional,Tiang Tunggal,SON T,Cipatujah,0,-7.644946,108.053524,9.0,Culamega
-7.647082 108.052721,Baik,PJU Konvensional,Tiang Tunggal,Mercury,Cipatujah,0,-7.647082,108.052721,9.0,Culamega
-7.6573148 108.0361652,Baik,PJU Konvensional,Tiang Tunggal,SON T,Cipatujah,0,-7.6573148,108.0361652,9.0,Culamega
-7.713639 108.031342,Baik,PJU Konvensional,Tiang Tunggal,SON T,Cipatujah,0,-7.713639,108.031342,0.0,Cipatujah
-7.723646 108.030591,Baik,PJU Konvensional,Tiang Tunggal,SON T,Cipatujah,0,-7.723646,108.030591,0.0,Cipatujah
-7.728644 108.021853,Baik,PJU Konvensional,Tiang Tunggal,SON T,Cipatujah,0,-7.728644,108.021853,0.0,Cipatujah
-7.7035799 108.0789980,Baik,PJU Konvensional,Tiang Tunggal,SON T,Cipatujah,0,-7.7035799,108.078998,0.0,Cipatujah
-7.731396 108.020548,Baik,PJU Konvensional,Tiang Tunggal,SON T,Cipatujah,0,-7.731396,108.020548,0.0,Cipatujah
-7.7023057 108.0797819,Baik,PJU Konvensional,Tiang Tunggal,SON T,Cipatujah,0,-7.7023057,108.0797819,0.0,Cipatujah
-7.732252 108.020181,Baik,PJU Konvensional,Tiang Tunggal,SON T,Cipatujah,0,-7.732252,108.020181,0.0,Cipatujah
-7.7018090 108.0792562,Baik,PJU Solar Cell,Tiang Tunggal,LED,Cipatujah,0,-7.701809,108.0792562,0.0,Cipatujah
-7.761779 108.054724,Baik,PJU Konvensional,Tiang Tunggal,SON T,Cipatujah,0,-7.761779,108.054724,0.0,Cipatujah
-7.760943 108.054862,Baik,PJU Konvensional,Tiang Tunggal,Mercury,Cipatujah,0,-7.760943,108.054862,0.0,Cipatujah
-7.732309 108.020394,Baik,PJU Konvensional,Tiang Tunggal,Mercury,Cipatujah,0,-7.732309,108.020394,0.0,Cipatujah
-7.733080 108.022581,Baik,PJU Konvensional,Tiang Tunggal,SON T,Cipatujah,0,-7.73308,108.022581,0.0,Cipatujah
-7.7018090 108.0792562,Baik,PJU Konvensional,Tiang Tunggal,SON T,Cipatujah,0,-7.701809,108.0792562,0.0,Cipatujah
-7.760982 108.055281,Baik,PJU Konvensional,Tiang Tunggal,SON T,Cipatujah,0,-7.760982,108.055281,0.0,Cipatujah
-7.7162653 108.0762984,Baik,PJU Solar Cell,Tiang Tunggal,LED,Cipatujah,0,-7.7162653,108.0762984,0.0,Cipatujah
-7.734916 108.025494,Baik,PJU Konvensional,Tiang Tunggal,Mercury,Cipatujah,0,-7.734916,108.025494,0.0,Cipatujah
-7.7162653 108.0762984,Baik,PJU Solar Cell,Tiang Tunggal,LED,Cipatujah,0,-7.7162653,108.0762984,0.0,Cipatujah
-7.734353 108.025481,Baik,PJU Konvensional,Tiang Tunggal,SON T,Cipatujah,0,-7.734353,108.025481,0.0,Cipatujah
-7.761335 108.054858,Baik,PJU Konvensional,Tiang Tunggal,SON T,Cipatujah,0,-7.761335,108.054858,0.0,Cipatujah
-7.733625 108.019079,Baik,PJU Konvensional,Tiang Tunggal,SON T,Cipatujah,0,-7.733625,108.019079,0.0,Cipatujah
-7.761566 108.057413,Baik,PJU Solar Cell,Tiang Tunggal,LED,Cipatujah,0,-7.761566,108.057413,0.0,Cipatujah
-7.762472 108.057918,Baik,PJU Solar Cell,Tiang Tunggal,LED,Cipatujah,0,-7.762472,108.057918,0.0,Cipatujah
-7.733513 108.019472,Baik,PJU Konvensional,Tiang Tunggal,SON T,Cipatujah,0,-7.733513,108.019472,0.0,Cipatujah
-7.7391478 108.0511721,Baik,PJU Konvensional,Tiang Tunggal,LED,Cipatujah,0,-7.7391478,108.0511721,0.0,Cipatujah
-7.733045 108.019664,Baik,PJU Konvensional,Tiang Tunggal,SON T,Cipatujah,0,-7.733045,108.019664,0.0,Cipatujah
-7.761897 108.058082,Baik,PJU Konvensional,Tiang Tunggal,SON T,Cipatujah,0,-7.761897,108.058082,0.0,Cipatujah
-7.742808 108.017512,Baik,PJU Solar Cell,Tiang Tunggal,LED,Cipatujah,0,-7.742808,108.017512,0.0,Cipatujah
-7.743958 108.018113,Baik,PJU Konvensional,Tiang Tunggal,SON T,Cipatujah,0,-7.743958,108.018113,0.0,Cipatujah
-7.744786 108.015992,Baik,PJU Konvensional,Tiang Tunggal,SON T,Cipatujah,0,-7.744786,108.015992,0.0,Cipatujah
-7.745811 108.015812,Baik,PJU Konvensional,Tiang Tunggal,SON T,Cipatujah,0,-7.745811,108.015812,0.0,Cipatujah
-7.771205 108.088019,Baik,PJU Konvensional,Tiang Tunggal,SON T,Cipatujah,0,-7.771205,108.088019,0.0,Cipatujah
-7.7487612 108.0226777,Baik,PJU Konvensional,Tiang Tunggal,SON T,Cipatujah,0,-7.7487612,108.0226777,0.0,Cipatujah
-7.7478835 108.0235967,Baik,PJU Konvensional,Tiang Tunggal,SON T,Cipatujah,0,-7.7478835,108.0235967,0.0,Cipatujah
-7.7490768 108.0232191,Baik,PJU Konvensional,Tiang Tunggal,SON T,Cipatujah,0,-7.7490768,108.0232191,0.0,Cipatujah
-7.7497525 108.0263573,Baik,PJU Solar Cell,Tiang Tunggal,LED,Cipatujah,0,-7.7497525,108.0263573,0.0,Cipatujah
-7.7503438 108.0289209,Baik,PJU Konvensional,Tiang Tunggal,SON T,Cipatujah,0,-7.7503438,108.0289209,0.0,Cipatujah
-7.7495130 108.0297024,Baik,PJU Konvensional,Tiang Tunggal,SON T,Cipatujah,0,-7.749513,108.0297024,0.0,Cipatujah
-7.7485632 108.0297758,Baik,PJU Konvensional,Tiang Tunggal,SON T,Cipatujah,0,-7.7485632,108.0297758,0.0,Cipatujah
-7.7503807 108.0288736,Baik,PJU Konvensional,Tiang Tunggal,SON T,Cipatujah,0,-7.7503807,108.0288736,0.0,Cipatujah
-7.750982 108.081854,Baik,PJU Solar Cell,Tiang Tunggal,LED,Cipatujah,0,-7.750982,108.081854,0.0,Cipatujah
-7.749121 108.076362,Baik,PJU Konvensional,Tiang Tunggal,Mercury,Cipatujah,0,-7.749121,108.076362,0.0,Cipatujah
-7.752971 108.091127,Baik,PJU Konvensional,Tiang Tunggal,SON T,Cipatujah,0,-7.752971,108.091127,0.0,Cipatujah
-7.7618921 108.0578783,Baik,PJU Konvensional,Tiang Tunggal,SON T,Cipatujah,0,-7.7618921,108.0578783,0.0,Cipatujah
-7.741745 108.006040,Baik,PJU Konvensional,Tiang Tunggal,SON T,Cipatujah,0,-7.741745,108.00604,0.0,Cipatujah
-7.742779 108.007176,Baik,PJU Konvensional,Tiang Tunggal,Mercury,Cipatujah,0,-7.742779,108.007176,0.0,Cipatujah
-7.744965 108.009837,Baik,PJU Konvensional,Tiang Tunggal,SON T,Cipatujah,0,-7.744965,108.009837,0.0,Cipatujah
-7.770657 108.102717,Baik,PJU Konvensional,Tiang Tunggal,SON T,Cipatujah,0,-7.770657,108.102717,0.0,Cipatujah
-7.770254 108.101598,Baik,PJU Solar Cell,Tiang Tunggal,LED,Cipatujah,0,-7.770254,108.101598,0.0,Cipatujah
-7.737085 107.995546,Baik,PJU Konvensional,Tiang Tunggal,SON T,Cipatujah,0,-7.737085,107.995546,0.0,Cipatujah
-7.770973 108.089279,Baik,PJU Konvensional,Tiang Tunggal,Mercury,Cipatujah,0,-7.770973,108.089279,0.0,Cipatujah
-7.747000 108.013745,Baik,PJU Konvensional,Tiang Tunggal,SON T,Cipatujah,0,-7.747,108.013745,0.0,Cipatujah
-7.771279 108.090613,Baik,PJU Konvensional,Tiang Tunggal,SON T,Cipatujah,0,-7.771279,108.090613,0.0,Cipatujah
-7.7504302 108.0519332,Baik,PJU Solar Cell,Tiang Tunggal,LED,Cipatujah,0,-7.7504302,108.0519332,0.0,Cipatujah
-7.740740 108.003431,Baik,PJU Solar Cell,Tiang Tunggal,LED,Cipatujah,0,-7.74074,108.003431,0.0,Cipatujah
-7.740862 108.003665,Baik,PJU Konvensional,Tiang Tunggal,SON T,Cipatujah,0,-7.740862,108.003665,0.0,Cipatujah
-7.738703 108.000947,Baik,PJU Konvensional,Tiang Tunggal,Mercury,Cipatujah,0,-7.738703,108.000947,0.0,Cipatujah
-7.7449174 108.0096780,Baik,PJU Konvensional,Tiang Tunggal,SON T,Cipatujah,0,-7.7449174,108.009678,0.0,Cipatujah
-7.7469114 108.0136450,Baik,PJU Konvensional,Tiang Tunggal,SON T,Cipatujah,0,-7.7469114,108.013645,0.0,Cipatujah
-7.7466094 108.0148513,Baik,PJU Konvensional,Tiang Tunggal,SON T,Cipatujah,0,-7.7466094,108.0148513,0.0,Cipatujah
-7.727969 107.993078,Baik,PJU Konvensional,Tiang Tunggal,LED,Cipatujah,0,-7.727969,107.993078,0.0,Cipatujah
-7.7471619 108.0105189,Baik,PJU Konvensional,Tiang Tunggal,LED,Cipatujah,0,-7.7471619,108.0105189,0.0,Cipatujah
-7.7458908 108.0159004,Baik,PJU Konvensional,Tiang Tunggal,SON T,Cipatujah,0,-7.7458908,108.0159004,0.0,Cipatujah
-7.734198 107.965099,Baik,PJU Konvensional,Tiang Tunggal,SON T,Cipatujah,0,-7.734198,107.965099,0.0,Cipatujah
-7.7451892 108.0100438,Baik,PJU Konvensional,Tiang Tunggal,SON T,Cipatujah,0,-7.7451892,108.0100438,0.0,Cipatujah
-7.734789 107.966484,Baik,PJU Konvensional,Tiang Tunggal,SON T,Cipatujah,0,-7.734789,107.966484,0.0,Cipatujah
-7.735266 107.964902,Baik,PJU Konvensional,Tiang Tunggal,LED,Cipatujah,0,-7.735266,107.964902,0.0,Cipatujah
-7.722447 107.914658,Baik,PJU Konvensional,Tiang Tunggal,SON T,Cipatujah,0,-7.722447,107.914658,0.0,Cipatujah
-7.728730 107.914854,Baik,PJU Konvensional,Tiang Tunggal,SON T,Cipatujah,0,-7.72873,107.914854,0.0,Cipatujah
-7.734827 107.962897,Baik,PJU Konvensional,Tiang Tunggal,LED,Cipatujah,0,-7.734827,107.962897,0.0,Cipatujah
-7.731123 107.924299,Baik,PJU Konvensional,Tiang Tunggal,Mercury,Cipatujah,0,-7.731123,107.924299,0.0,Cipatujah
-7.731507 107.966208,Baik,PJU Konvensional,Tiang Tunggal,SON T,Cipatujah,0,-7.731507,107.966208,0.0,Cipatujah
-7.729894 107.927146,Baik,PJU Konvensional,Tiang Tunggal,SON T,Cipatujah,0,-7.729894,107.927146,0.0,Cipatujah
-7.724224 107.976920,Baik,PJU Konvensional,Tiang Tunggal,Mercury,Cipatujah,0,-7.724224,107.97692,0.0,Cipatujah
-7.728843 107.929634,Baik,PJU Konvensional,Tiang Tunggal,LED,Cipatujah,0,-7.728843,107.929634,0.0,Cipatujah
-7.719528 107.971774,Baik,PJU Konvensional,Tiang Tunggal,SON T,Cipatujah,0,-7.719528,107.971774,0.0,Cipatujah
-7.719134 107.967570,Baik,PJU Konvensional,Tiang Tunggal,SON T,Cipatujah,0,-7.719134,107.96757,0.0,Cipatujah
-7.718457 107.968777,Baik,PJU Konvensional,Tiang Tunggal,Mercury,Cipatujah,0,-7.718457,107.968777,0.0,Cipatujah
-7.719008 107.967811,Baik,PJU Konvensional,Tiang Tunggal,LED,Cipatujah,0,-7.719008,107.967811,0.0,Cipatujah
-7.730199 107.940443,Baik,PJU Konvensional,Tiang Tunggal,SON T,Cipatujah,0,-7.730199,107.940443,0.0,Cipatujah
-7.719008 107.967811,Baik,PJU Konvensional,Tiang Tunggal,LED,Cipatujah,0,-7.719008,107.967811,0.0,Cipatujah
-7.716108 107.968450,Baik,PJU Konvensional,Tiang Tunggal,SON T,Cipatujah,0,-7.716108,107.96845,0.0,Cipatujah
-7.733309 107.951253,Baik,PJU Konvensional,Tiang Tunggal,LED,Cipatujah,0,-7.733309,107.951253,0.0,Cipatujah
-7.715002 107.968845,Baik,PJU Konvensional,Tiang Tunggal,SON T,Cipatujah,0,-7.715002,107.968845,0.0,Cipatujah
-7.6765814 107.9660090,Baik,PJU Konvensional,Tiang Tunggal,SON T,Cipatujah,0,-7.6765814,107.966009,0.0,Cipatujah
-7.770950 108.089266,Baik,PJU Konvensional,Tiang Tunggal,Mercury,Cipatujah,0,-7.77095,108.089266,0.0,Cipatujah
-7.761406 108.088244,Baik,PJU Konvensional,Tiang Tunggal,LED,Cipatujah,0,-7.761406,108.088244,0.0,Cipatujah
-7.771325 108.088389,Baik,PJU Konvensional,Tiang Tunggal,Mercury,Cipatujah,0,-7.771325,108.088389,0.0,Cipatujah
-7.7635192 108.0598464,Baik,PJU Konvensional,Tiang Tunggal,LED,Cipatujah,0,-7.7635192,108.0598464,0.0,Cipatujah
-7.771603 108.083561,Baik,PJU Konvensional,Tiang Tunggal,Mercury,Cipatujah,0,-7.771603,108.083561,0.0,Cipatujah
-7.7642999 108.0598534,Baik,PJU Konvensional,Tiang Tunggal,SON T,Cipatujah,0,-7.7642999,108.0598534,0.0,Cipatujah
-7.727125 107.954969,Baik,PJU Konvensional,Tiang Tunggal,Mercury,Cipatujah,0,-7.727125,107.954969,0.0,Cipatujah
-7.726895 107.955029,Baik,PJU Konvensional,Tiang Tunggal,SON T,Cipatujah,0,-7.726895,107.955029,0.0,Cipatujah
-7.721114 107.954633,Baik,PJU Konvensional,Tiang Tunggal,Mercury,Cipatujah,0,-7.721114,107.954633,0.0,Cipatujah
-7.732708 107.959538,Baik,PJU Konvensional,Tiang Tunggal,Mercury,Cipatujah,0,-7.732708,107.959538,0.0,Cipatujah
-7.643056 108.087551,Baik,PJU Konvensional,Tiang Tunggal,SON T,Cipatujah,0,-7.643056,108.087551,0.0,Cipatujah
-7.643735 108.088681,Baik,PJU Konvensional,Tiang Tunggal,Mercury,Cipatujah,0,-7.643735,108.088681,0.0,Cipatujah
-7.634182 108.091765,Baik,PJU Konvensional,Tiang Tunggal,LED,Cipatujah,0,-7.634182,108.091765,7.0,Bantarkalong
-7.636981 108.084688,Baik,PJU Konvensional,Tiang Tunggal,SON T,Cipatujah,0,-7.636981,108.084688,0.0,Cipatujah
-7.640353 108.081789,Baik,PJU Konvensional,Tiang Tunggal,SON T,Cipatujah,0,-7.640353,108.081789,0.0,Cipatujah
-7.638972 108.085825,Baik,PJU Konvensional,Tiang Tunggal,LED,Cipatujah,0,-7.638972,108.085825,0.0,Cipatujah
-7.7471509 108.0159393,Baik,PJU Konvensional,Tiang Tunggal,Mercury,Cipatujah,0,-7.7471509,108.0159393,0.0,Cipatujah
-7.7455689 108.0160057,Baik,PJU Konvensional,Tiang Tunggal,Mercury,Cipatujah,0,-7.7455689,108.0160057,0.0,Cipatujah
-7.7479187 108.0199670,Baik,PJU Konvensional,Tiang Tunggal,Mercury,Cipatujah,0,-7.7479187,108.019967,0.0,Cipatujah
-7.7479290 108.0200216,Baik,PJU Konvensional,Tiang Tunggal,Mercury,Cipatujah,0,-7.747929,108.0200216,0.0,Cipatujah
-7.7489153 108.0233365,Baik,PJU Konvensional,Tiang Tunggal,Mercury,Cipatujah,0,-7.7489153,108.0233365,0.0,Cipatujah
-7.7488056 108.0226938,Baik,PJU Konvensional,Tiang Tunggal,Mercury,Cipatujah,0,-7.7488056,108.0226938,0.0,Cipatujah
-7.7397777 108.0019764,Baik,PJU Konvensional,Tiang Tunggal,Mercury,Cipatujah,0,-7.7397777,108.0019764,0.0,Cipatujah
-7.7185877 107.9891323,Baik,PJU Konvensional,Tiang Tunggal,Mercury,Cipatujah,0,-7.7185877,107.9891323,0.0,Cipatujah
-7.7207914 107.9914239,Baik,PJU Konvensional,Tiang Tunggal,LED,Cipatujah,0,-7.7207914,107.9914239,0.0,Cipatujah
-7.7327149 107.9938811,Baik,PJU Konvensional,Tiang Tunggal,LED,Cipatujah,0,-7.7327149,107.9938811,0.0,Cipatujah
-7.7349514 107.9860203,Baik,PJU Konvensional,Tiang Tunggal,LED,Cipatujah,0,-7.7349514,107.9860203,0.0,Cipatujah
-7.6997168 107.9692202,Baik,PJU Konvensional,Tiang Tunggal,Mercury,Cipatujah,0,-7.6997168,107.9692202,0.0,Cipatujah
-7.6996882 107.9692762,Baik,PJU Konvensional,Tiang Tunggal,Mercury,Cipatujah,0,-7.6996882,107.9692762,0.0,Cipatujah
-7.7030021 107.9655674,Baik,PJU Konvensional,Tiang Tunggal,LED,Cipatujah,0,-7.7030021,107.9655674,0.0,Cipatujah
-7.6506073 107.9905039,Baik,PJU Konvensional,Tiang Tunggal,LED,Cipatujah,0,-7.6506073,107.9905039,0.0,Cipatujah
-7.6817884 108.1330492,Baik,PJU Konvensional,Tiang Tunggal,LED,Cipatujah,0,-7.6817884,108.1330492,1.0,Karangnunggal
-7.6837517 108.0045811,Baik,PJU Konvensional,Tiang Tunggal,LED,Cipatujah,0,-7.6837517,108.0045811,0.0,Cipatujah
-7.6922015 108.0471388,Baik,PJU Konvensional,Tiang Tunggal,Mercury,Cipatujah,0,-7.6922015,108.0471388,0.0,Cipatujah
-7.6867238 108.0448227,Baik,PJU Konvensional,Tiang Tunggal,Mercury,Cipatujah,0,-7.6867238,108.0448227,0.0,Cipatujah
-7.6859463 108.0395729,Baik,PJU Konvensional,Tiang Tunggal,LED,Cipatujah,0,-7.6859463,108.0395729,0.0,Cipatujah
-7.6999650 108.0378194,Baik,PJU Konvensional,Tiang Tunggal,Mercury,Cipatujah,0,-7.699965,108.0378194,0.0,Cipatujah
-7.7025326 108.0389071,Baik,PJU Konvensional,Tiang Tunggal,Mercury,Cipatujah,0,-7.7025326,108.0389071,0.0,Cipatujah
-7.6620426 108.0250746,Baik,PJU Konvensional,Tiang Tunggal,Mercury,Cipatujah,0,-7.6620426,108.0250746,0.0,Cipatujah
-7.6607424 108.0259761,Baik,PJU Konvensional,Tiang Tunggal,LED,Cipatujah,0,-7.6607424,108.0259761,0.0,Cipatujah
-7.769530 108.080854,Baik,PJU Konvensional,Tiang Tunggal,Mercury,Cipatujah,0,-7.76953,108.080854,0.0,Cipatujah
-7.769235 108.079819,Baik,PJU Konvensional,Tiang Tunggal,Mercury,Cipatujah,0,-7.769235,108.079819,0.0,Cipatujah
-7.739924 108.002204,Baik,PJU Konvensional,Tiang Tunggal,SON T,Cipatujah,0,-7.739924,108.002204,0.0,Cipatujah
-7.732922 108.019748,Baik,PJU Konvensional,Tiang Tunggal,SON T,Cipatujah,0,-7.732922,108.019748,0.0,Cipatujah
-7.6683380 108.0735639,Baik,PJU Konvensional,Tiang Tunggal,LED,Bantarkalong,0,-7.668338,108.0735639,0.0,Cipatujah
-7.6608268 108.0271375,Baik,PJU Konvensional,Tiang Tunggal,Mercury,Cipatujah,0,-7.6608268,108.0271375,0.0,Cipatujah
-7.6613239 108.0256506,Baik,PJU Konvensional,Tiang Tunggal,LED,Cipatujah,0,-7.6613239,108.0256506,0.0,Cipatujah
-7.6608540 108.0247755,Baik,PJU Konvensional,Tiang Tunggal,Mercury,Cipatujah,0,-7.660854,108.0247755,0.0,Cipatujah
-7.6597379 108.0247346,Baik,PJU Konvensional,Tiang Tunggal,Mercury,Cipatujah,0,-7.6597379,108.0247346,0.0,Cipatujah
-7.6459698 108.0145201,Baik,PJU Konvensional,Tiang Tunggal,Mercury,Cipatujah,0,-7.6459698,108.0145201,0.0,Cipatujah
-7.6425920 108.0119076,Baik,PJU Konvensional,Tiang Tunggal,LED,Cipatujah,0,-7.642592,108.0119076,0.0,Cipatujah
-7.6396059 108.0239547,Baik,PJU Konvensional,Tiang Tunggal,Mercury,Cipatujah,0,-7.6396059,108.0239547,0.0,Cipatujah
-7.2716064 108.1906088,Baik,PJU Konvensional,Tiang Tunggal,SON T,Cisayong,0,-7.2716064,108.1906088,31.0,Cisayong
-7.2451698 108.1777684,Baik,PJU Konvensional,Tiang Tunggal,SON T,Cisayong,0,-7.2451698,108.1777684,31.0,Cisayong
-7.2432793 108.1779055,Baik,PJU Konvensional,Tiang Tunggal,SON T,Cisayong,0,-7.2432793,108.1779055,31.0,Cisayong
-7.2431061 108.1773768,Baik,PJU Konvensional,Tiang Tunggal,SON T,Cisayong,0,-7.2431061,108.1773768,31.0,Cisayong
-7.2426570 108.1751673,Baik,PJU Konvensional,Tiang Tunggal,SON T,Cisayong,0,-7.242657,108.1751673,31.0,Cisayong
-7.2427838 108.1760058,Baik,PJU Konvensional,Tiang Tunggal,SON T,Cisayong,0,-7.2427838,108.1760058,31.0,Cisayong
-7.2430000 108.1786384,Baik,PJU Konvensional,Tiang Tunggal,SON T,Cisayong,0,-7.243,108.1786384,31.0,Cisayong
-7.2430332 108.1799591,Baik,PJU Konvensional,Tiang Tunggal,SON T,Cisayong,0,-7.2430332,108.1799591,31.0,Cisayong
-7.2430485 108.1805203,Baik,PJU Konvensional,Tiang Tunggal,SON T,Cisayong,0,-7.2430485,108.1805203,31.0,Cisayong
-7.2457376 108.1778123,Baik,PJU Konvensional,Tiang Tunggal,SON T,Cisayong,0,-7.2457376,108.1778123,31.0,Cisayong
-7.2451918 108.1782086,Baik,PJU Konvensional,Tiang Tunggal,LED,Cisayong,0,-7.2451918,108.1782086,31.0,Cisayong
-7.2468821 108.1753071,Baik,PJU Konvensional,Tiang Tunggal,SON T,Cisayong,0,-7.2468821,108.1753071,31.0,Cisayong
-7.2484968 108.1802779,Baik,PJU Konvensional,Tiang Tunggal,SON T,Cisayong,0,-7.2484968,108.1802779,31.0,Cisayong
-7.2469399 108.1811205,Baik,PJU Konvensional,Tiang Tunggal,SON T,Cisayong,0,-7.2469399,108.1811205,31.0,Cisayong
-7.2474724 108.1804063,Baik,PJU Konvensional,Tiang Tunggal,LED,Cisayong,0,-7.2474724,108.1804063,31.0,Cisayong
-7.2517396 108.1888482,Baik,PJU Konvensional,Tiang Tunggal,SON T,Cisayong,0,-7.2517396,108.1888482,31.0,Cisayong
-7.2458759 108.1904264,Baik,PJU Konvensional,Tiang Tunggal,SON T,Cisayong,0,-7.2458759,108.1904264,31.0,Cisayong
-7.2489046 108.1906359,Baik,PJU Konvensional,Tiang Tunggal,SON T,Cisayong,0,-7.2489046,108.1906359,31.0,Cisayong
-7.2605543 108.1584635,Baik,PJU Konvensional,Tiang Tunggal,LED,Cisayong,0,-7.2605543,108.1584635,31.0,Cisayong
-7.2605543 108.1584635,Baik,PJU Konvensional,Tiang Tunggal,SON T,Cisayong,0,-7.2605543,108.1584635,31.0,Cisayong
-7.2603125 108.1571643,Baik,PJU Konvensional,Tiang Tunggal,LED,Cisayong,0,-7.2603125,108.1571643,31.0,Cisayong
-7.2616588 108.1628241,Baik,PJU Konvensional,Tiang Tunggal,SON T,Cisayong,0,-7.2616588,108.1628241,31.0,Cisayong
-7.2616588 108.1628241,Baik,PJU Konvensional,Tiang Tunggal,SON T,Cisayong,0,-7.2616588,108.1628241,31.0,Cisayong
-7.2611539 108.1629233,Baik,PJU Konvensional,Tiang Tunggal,LED,Cisayong,0,-7.2611539,108.1629233,31.0,Cisayong
-7.2645107 108.1598938,Baik,PJU Konvensional,Tiang Tunggal,SON T,Cisayong,0,-7.2645107,108.1598938,31.0,Cisayong
-7.2649707 108.1596641,Baik,PJU Konvensional,Tiang Tunggal,SON T,Cisayong,0,-7.2649707,108.1596641,31.0,Cisayong
-7.2646953 108.1587743,Baik,PJU Konvensional,Tiang Tunggal,SON T,Cisayong,0,-7.2646953,108.1587743,31.0,Cisayong
-7.230214 108.160200,Baik,PJU Konvensional,Tiang Tunggal,LED,Cisayong,0,-7.230214,108.1602,32.0,Sukahening
-7.2646384 108.1582882,Baik,PJU Konvensional,Tiang Tunggal,SON T,Cisayong,0,-7.2646384,108.1582882,31.0,Cisayong
-7.231362 108.159870,Baik,PJU Konvensional,Tiang Tunggal,LED,Cisayong,0,-7.231362,108.15987,31.0,Cisayong
-7.2648500 108.1574583,Baik,PJU Konvensional,Tiang Tunggal,SON T,Cisayong,0,-7.26485,108.1574583,31.0,Cisayong
-7.231644 108.160390,Baik,PJU Konvensional,Tiang Tunggal,SON T,Cisayong,0,-7.231644,108.16039,31.0,Cisayong
-7.2639307 108.1564971,Baik,PJU Konvensional,Tiang Tunggal,LED,Cisayong,0,-7.2639307,108.1564971,31.0,Cisayong
-7.232000 108.160900,Baik,PJU Konvensional,Tiang Tunggal,LED,Cisayong,0,-7.232,108.1609,31.0,Cisayong
-7.2639380 108.1564927,Baik,PJU Konvensional,Tiang Tunggal,SON T,Cisayong,0,-7.263938,108.1564927,31.0,Cisayong
-7.232272 108.161620,Baik,PJU Konvensional,Tiang Stang,SON T,Cisayong,0,-7.232272,108.16162,31.0,Cisayong
-7.232836 108.162990,Baik,PJU Konvensional,Tiang Tunggal,SON T,Cisayong,0,-7.232836,108.16299,31.0,Cisayong
-7.2640148 108.1571445,Baik,PJU Konvensional,Tiang Tunggal,LED,Cisayong,0,-7.2640148,108.1571445,31.0,Cisayong
-7.233996 108.163060,Baik,PJU Konvensional,Tiang Tunggal,LED,Cisayong,0,-7.233996,108.16306,31.0,Cisayong
-7.2640148 108.1571445,Baik,PJU Konvensional,Tiang Tunggal,LED,Cisayong,0,-7.2640148,108.1571445,31.0,Cisayong
-7.235145 108.163560,Baik,PJU Konvensional,Tiang Tunggal,LED,Cisayong,0,-7.235145,108.16356,31.0,Cisayong
-7.2663350 108.1563033,Baik,PJU Konvensional,Tiang Tunggal,LED,Cisayong,0,-7.266335,108.1563033,31.0,Cisayong
-7.235438 108.164110,Baik,PJU Konvensional,Tiang Tunggal,SON T,Cisayong,0,-7.235438,108.16411,31.0,Cisayong
-7.235438 108.164110,Baik,PJU Konvensional,Tiang Tunggal,SON T,Cisayong,0,-7.235438,108.16411,31.0,Cisayong
-7.2680517 108.1562668,Baik,PJU Konvensional,Tiang Tunggal,LED,Cisayong,0,-7.2680517,108.1562668,31.0,Cisayong
-7.235744 108.164530,Baik,PJU Konvensional,Tiang Tunggal,LED,Cisayong,0,-7.235744,108.16453,31.0,Cisayong
-7.2685190 108.1577507,Baik,PJU Konvensional,Tiang Tunggal,SON T,Cisayong,0,-7.268519,108.1577507,31.0,Cisayong
-7.2685190 108.1577507,Baik,PJU Konvensional,Tiang Tunggal,LED,Cisayong,0,-7.268519,108.1577507,31.0,Cisayong
-7.235744 108.164530,Baik,PJU Konvensional,Tiang Tunggal,LED,Cisayong,0,-7.235744,108.16453,31.0,Cisayong
-7.235744 108.164530,Baik,PJU Konvensional,Tiang Tunggal,LED,Cisayong,0,-7.235744,108.16453,31.0,Cisayong
-7.236956 108.164540,Baik,PJU Konvensional,Tiang Tunggal,LED,Cisayong,0,-7.236956,108.16454,31.0,Cisayong
-7.235143 108.163560,Baik,PJU Konvensional,Tiang Tunggal,LED,Cisayong,0,-7.235143,108.16356,31.0,Cisayong
-7.233921 108.163000,Baik,PJU Konvensional,Tiang Tunggal,LED,Cisayong,0,-7.233921,108.163,31.0,Cisayong
-7.233899 108.163010,Baik,PJU Konvensional,Tiang Tunggal,LED,Cisayong,0,-7.233899,108.16301,31.0,Cisayong
-7.2466097 108.1902980,Baik,PJU Konvensional,Tiang Tunggal,SON T,Cisayong,0,-7.2466097,108.190298,31.0,Cisayong
-7.2466097 108.1902980,Baik,PJU Konvensional,Tiang Tunggal,SON T,Cisayong,0,-7.2466097,108.190298,31.0,Cisayong
-7.2466097 108.1902980,Baik,PJU Konvensional,Tiang Tunggal,SON T,Cisayong,0,-7.2466097,108.190298,31.0,Cisayong
-7.2540528 108.1875306,Baik,PJU Konvensional,Tiang Tunggal,LED,Cisayong,0,-7.2540528,108.1875306,31.0,Cisayong
-7.2542687 108.1878498,Baik,PJU Konvensional,Tiang Tunggal,SON T,Cisayong,0,-7.2542687,108.1878498,31.0,Cisayong
-7.2642550 108.1856403,Baik,PJU Konvensional,Tiang Tunggal,SON T,Cisayong,0,-7.264255,108.1856403,31.0,Cisayong
-7.2666852 108.1852008,Baik,PJU Konvensional,Tiang Tunggal,SON T,Cisayong,0,-7.2666852,108.1852008,31.0,Cisayong
-7.2671548 108.1846348,Baik,PJU Konvensional,Tiang Tunggal,SON T,Cisayong,0,-7.2671548,108.1846348,31.0,Cisayong
-7.2671548 108.1846348,Baik,PJU Konvensional,Tiang Tunggal,LED,Cisayong,0,-7.2671548,108.1846348,31.0,Cisayong
-7.2674923 108.1843602,Baik,PJU Konvensional,Tiang Tunggal,LED,Cisayong,0,-7.2674923,108.1843602,31.0,Cisayong
-7.2674923 108.1843602,Baik,PJU Konvensional,Tiang Tunggal,LED,Cisayong,0,-7.2674923,108.1843602,31.0,Cisayong
-7.2661983 108.1827553,Baik,PJU Konvensional,Tiang Tunggal,SON T,Cisayong,0,-7.2661983,108.1827553,31.0,Cisayong
-7.2667311 108.1863927,Baik,PJU Konvensional,Tiang Tunggal,SON T,Ciawi,0,-7.2667311,108.1863927,31.0,Cisayong
-7.2667943 108.1858318,Baik,PJU Konvensional,Tiang Tunggal,LED,Cisayong,0,-7.2667943,108.1858318,31.0,Cisayong
-7.2641652 108.1856366,Baik,PJU Konvensional,Tiang Tunggal,SON T,Cisayong,0,-7.2641652,108.1856366,31.0,Cisayong
-7.2652118 108.1858066,Baik,PJU Konvensional,Tiang Tunggal,LED,Cisayong,0,-7.2652118,108.1858066,31.0,Cisayong
-7.2658870 108.1859468,Baik,PJU Konvensional,Tiang Tunggal,SON T,Cisayong,0,-7.265887,108.1859468,31.0,Cisayong
-7.2689238 108.1790987,Baik,PJU Konvensional,Tiang Tunggal,LED,Cisayong,0,-7.2689238,108.1790987,31.0,Cisayong
-7.2654330 108.1807986,Baik,PJU Konvensional,Tiang Tunggal,LED,Cisayong,0,-7.265433,108.1807986,31.0,Cisayong
-7.2671145 108.1800124,Baik,PJU Konvensional,Tiang Tunggal,LED,Cisayong,0,-7.2671145,108.1800124,31.0,Cisayong
-7.2671145 108.1800124,Baik,PJU Konvensional,Tiang Tunggal,LED,Cisayong,0,-7.2671145,108.1800124,31.0,Cisayong
-7.2633613 108.1763005,Baik,PJU Konvensional,Tiang Tunggal,SON T,Cisayong,0,-7.2633613,108.1763005,31.0,Cisayong
-7.2688257 108.1791769,Baik,PJU Konvensional,Tiang Tunggal,LED,Cisayong,0,-7.2688257,108.1791769,31.0,Cisayong
-7.2711630 108.1787799,Baik,PJU Konvensional,Tiang Tunggal,SON T,Cisayong,0,-7.271163,108.1787799,31.0,Cisayong
-7.2713313 108.1793676,Baik,PJU Konvensional,Tiang Tunggal,SON T,Cisayong,0,-7.2713313,108.1793676,31.0,Cisayong
-7.2722286 108.1784587,Baik,PJU Konvensional,Tiang Tunggal,LED,Cisayong,0,-7.2722286,108.1784587,31.0,Cisayong
-7.2721927 108.1784735,Baik,PJU Konvensional,Tiang Tunggal,SON T,Cisayong,0,-7.2721927,108.1784735,31.0,Cisayong
-7.2743242 108.1750396,Baik,PJU Konvensional,Tiang Tunggal,SON T,Cisayong,0,-7.2743242,108.1750396,31.0,Cisayong
-7.2573069 108.1471868,Baik,PJU Konvensional,Tiang Tunggal,SON T,Cisayong,0,-7.2573069,108.1471868,31.0,Cisayong
-7.2704340 108.1814775,Baik,PJU Konvensional,Tiang Tunggal,LED,Cisayong,0,-7.270434,108.1814775,31.0,Cisayong
-7.2572454 108.1475456,Baik,PJU Konvensional,Tiang Tunggal,SON T,Cisayong,0,-7.2572454,108.1475456,31.0,Cisayong
-7.2574070 108.1491998,Baik,PJU Konvensional,Tiang Tunggal,LED,Cisayong,0,-7.257407,108.1491998,31.0,Cisayong
-7.2574825 108.1504762,Baik,PJU Konvensional,Tiang Tunggal,SON T,Cisayong,0,-7.2574825,108.1504762,31.0,Cisayong
-7.2571393 108.1458279,Baik,PJU Konvensional,Tiang Tunggal,SON T,Cisayong,0,-7.2571393,108.1458279,31.0,Cisayong
-7.2572720 108.1479865,Baik,PJU Konvensional,Tiang Tunggal,LED,Cisayong,0,-7.257272,108.1479865,31.0,Cisayong
-7.2571569 108.1449401,Baik,PJU Konvensional,Tiang Tunggal,LED,Cisayong,0,-7.2571569,108.1449401,31.0,Cisayong
-7.2578380 108.1449609,Baik,PJU Konvensional,Tiang Tunggal,LED,Cisayong,0,-7.257838,108.1449609,31.0,Cisayong
-7.2603634 108.1450488,Baik,PJU Konvensional,Tiang Tunggal,LED,Cisayong,0,-7.2603634,108.1450488,31.0,Cisayong
-7.2611619 108.1448992,Baik,PJU Konvensional,Tiang Tunggal,SON T,Cisayong,0,-7.2611619,108.1448992,31.0,Cisayong
-7.2621880 108.1447386,Baik,PJU Konvensional,Tiang Tunggal,SON T,Cisayong,0,-7.262188,108.1447386,31.0,Cisayong
-7.2625741 108.1442904,Baik,PJU Konvensional,Tiang Tunggal,SON T,Cisayong,0,-7.2625741,108.1442904,31.0,Cisayong
-7.2667138 108.1777952,Baik,PJU Konvensional,Tiang Tunggal,SON T,Cisayong,0,-7.2667138,108.1777952,31.0,Cisayong
-7.2617503 108.1446679,Baik,PJU Konvensional,Tiang Tunggal,SON T,Cisayong,0,-7.2617503,108.1446679,31.0,Cisayong
-7.2589898 108.1452003,Baik,PJU Konvensional,Tiang Tunggal,LED,Cisayong,0,-7.2589898,108.1452003,31.0,Cisayong
-7.2570112 108.1439390,Baik,PJU Konvensional,Tiang Tunggal,SON T,Cisayong,0,-7.2570112,108.143939,31.0,Cisayong
-7.2572972 108.1418683,Baik,PJU Konvensional,Tiang Tunggal,SON T,Cisayong,0,-7.2572972,108.1418683,31.0,Cisayong
-7.2654300 108.1807278,Baik,PJU Konvensional,Tiang Tunggal,LED,Cisayong,0,-7.26543,108.1807278,31.0,Cisayong
-7.2400142 108.1312129,Baik,PJU Konvensional,Tiang Tunggal,LED,Cisayong,0,-7.2400142,108.1312129,31.0,Cisayong
-7.2633257 108.1763025,Baik,PJU Konvensional,Tiang Tunggal,SON T,Cisayong,0,-7.2633257,108.1763025,31.0,Cisayong
-7.2551510 108.1684460,Baik,PJU Konvensional,Tiang Tunggal,SON T,Cisayong,0,-7.255151,108.168446,31.0,Cisayong
-7.2545031 108.1654312,Baik,PJU Konvensional,Tiang Tunggal,SON T,Cisayong,0,-7.2545031,108.1654312,31.0,Cisayong
-7.2526180 108.1653658,Baik,PJU Konvensional,Tiang Tunggal,SON T,Cisayong,0,-7.252618,108.1653658,31.0,Cisayong
-7.2524936 108.1649179,Baik,PJU Konvensional,Tiang Tunggal,LED,Cisayong,0,-7.2524936,108.1649179,31.0,Cisayong
-7.2527667 108.1647318,Baik,PJU Konvensional,Tiang Tunggal,LED,Cisayong,0,-7.2527667,108.1647318,31.0,Cisayong
-7.2665604 108.1637920,Baik,PJU Konvensional,Tiang Tunggal,LED,Cisayong,0,-7.2665604,108.163792,31.0,Cisayong
-7.2680976 108.1650081,Baik,PJU Konvensional,Tiang Tunggal,SON T,Cisayong,0,-7.2680976,108.1650081,31.0,Cisayong
-7.2695736 108.1674365,Baik,PJU Konvensional,Tiang Tunggal,SON T,Cisayong,0,-7.2695736,108.1674365,31.0,Cisayong
-7.2352613 108.1505688,Baik,PJU Konvensional,Tiang Tunggal,SON T,Cisayong,0,-7.2352613,108.1505688,31.0,Cisayong
-7.2369023 108.1565025,Baik,PJU Konvensional,Tiang Tunggal,SON T,Cisayong,0,-7.2369023,108.1565025,31.0,Cisayong
-7.2369170 108.1529304,Baik,PJU Konvensional,Tiang Tunggal,SON T,Cisayong,0,-7.236917,108.1529304,31.0,Cisayong
-7.2314070 108.1600390,Baik,PJU Konvensional,Tiang Tunggal,LED,Cisayong,0,-7.231407,108.160039,31.0,Cisayong
-7.2315943 108.1603112,Baik,PJU Konvensional,Tiang Tunggal,SON T,Cisayong,0,-7.2315943,108.1603112,31.0,Cisayong
-7.2315943 108.1603112,Baik,PJU Konvensional,Tiang Tunggal,LED,Cisayong,0,-7.2315943,108.1603112,31.0,Cisayong
-7.230417 108.156920,Baik,PJU Konvensional,Tiang Stang,SON T,Sukarame,0,-7.230417,108.15692,31.0,Cisayong
-7.230504 108.156180,Baik,PJU Konvensional,Tiang Tunggal,SON T,Sukarame,0,-7.230504,108.15618,31.0,Cisayong
-7.231528 108.153260,Baik,PJU Konvensional,Tiang Tunggal,Mercury,Sukarame,0,-7.231528,108.15326,31.0,Cisayong
-7.230577 108.153360,Baik,PJU Konvensional,Tiang Stang,SON T,Sukarame,0,-7.230577,108.15336,31.0,Cisayong
-7.232233 108.153070,Baik,PJU Konvensional,Tiang Stang,SON T,Sukarame,0,-7.232233,108.15307,31.0,Cisayong
-7.235279 108.150570,Baik,PJU Konvensional,Tiang Tunggal,Mercury,Sukarame,0,-7.235279,108.15057,31.0,Cisayong
-7.235305 108.150560,Baik,PJU Konvensional,Tiang Stang,SON T,Sukarame,0,-7.235305,108.15056,31.0,Cisayong
-7.235956 108.151060,Baik,PJU Konvensional,Tiang Tunggal,LED,Sukarame,0,-7.235956,108.15106,31.0,Cisayong
-7.2622185 108.1708027,Baik,PJU Konvensional,Tiang Stang,Mercury,Cisayong,0,-7.2622185,108.1708027,31.0,Cisayong
-7.2619082 108.1659278,Baik,PJU Konvensional,Tiang Tunggal,Mercury,Cisayong,0,-7.2619082,108.1659278,31.0,Cisayong
-7.2581660 108.1671230,Baik,PJU Konvensional,Tiang Stang,Mercury,Cisayong,0,-7.258166,108.167123,31.0,Cisayong
-7.2621141 108.1686267,Baik,PJU Konvensional,Tiang Tunggal,LED,Cisayong,0,-7.2621141,108.1686267,31.0,Cisayong
-7.466193 108.202384,Baik,PJU Konvensional,Tiang Tunggal,SON T,Jatiwaras,0,-7.466193,108.202384,18.0,Jatiwaras
-7.485424 108.217483,Baik,PJU Konvensional,Tiang Tunggal,LED,Jatiwaras,0,-7.485424,108.217483,18.0,Jatiwaras
-7.484795 108.232526,Baik,PJU Konvensional,Tiang Tunggal,SON T,Jatiwaras,0,-7.484795,108.232526,18.0,Jatiwaras
-7.484777 108.232963,Baik,PJU Konvensional,Tiang Stang,SON T,Jatiwaras,0,-7.484777,108.232963,18.0,Jatiwaras
-7.486405 108.231521,Baik,PJU Konvensional,Tiang Tunggal,SON T,Jatiwaras,0,-7.486405,108.231521,18.0,Jatiwaras
-7.484809 108.232542,Baik,PJU Konvensional,Tiang Tunggal,SON T,Jatiwaras,0,-7.484809,108.232542,18.0,Jatiwaras
-7.5089296 108.1965321,Baik,PJU Konvensional,Tiang Tunggal,SON T,Cibalong,0,-7.5089296,108.1965321,18.0,Jatiwaras
-7.619784 108.140845,Baik,PJU Konvensional,Tiang Stang,SON T,Karangnunggal,0,-7.619784,108.140845,1.0,Karangnunggal
-7.6190916 108.1415713,Baik,PJU Konvensional,Tiang Stang,SON T,Karangnunggal,0,-7.6190916,108.1415713,1.0,Karangnunggal
-7.624086 108.138189,Baik,PJU Konvensional,Tiang Tunggal,LED,Karangnunggal,0,-7.624086,108.138189,1.0,Karangnunggal
-7.623979 108.139120,Baik,PJU Konvensional,Tiang Double Arm,SON T,Karangnunggal,0,-7.623979,108.13912,1.0,Karangnunggal
-7.623979 108.139120,Baik,PJU Konvensional,Tiang Double Arm,SON T,Karangnunggal,0,-7.623979,108.13912,1.0,Karangnunggal
-7.6267421 108.1347997,Baik,PJU Konvensional,Tiang Stang,SON T,Karangnunggal,0,-7.6267421,108.1347997,1.0,Karangnunggal
-7.624245 108.138947,Baik,PJU Konvensional,Tiang Stang,SON T,Karangnunggal,0,-7.624245,108.138947,1.0,Karangnunggal
-7.624776 108.138334,Baik,PJU Konvensional,Tiang Stang,SON T,Karangnunggal,0,-7.624776,108.138334,1.0,Karangnunggal
-7.6259316 108.1357814,Baik,PJU Konvensional,Tiang Stang,SON T,Karangnunggal,0,-7.6259316,108.1357814,1.0,Karangnunggal
-7.618069 108.145981,Baik,PJU Konvensional,Tiang Tunggal,SON T,Karangnunggal,0,-7.618069,108.145981,1.0,Karangnunggal
-7.625970 108.135854,Baik,PJU Konvensional,Tiang Stang,SON T,Karangnunggal,0,-7.62597,108.135854,1.0,Karangnunggal
-7.630000 108.132723,Baik,PJU Konvensional,Tiang Stang,SON T,Karangnunggal,0,-7.63,108.132723,1.0,Karangnunggal
-7.630371 108.132611,Baik,PJU Konvensional,Tiang Stang,SON T,Karangnunggal,0,-7.630371,108.132611,1.0,Karangnunggal
-7.6365700 108.1282152,Baik,PJU Konvensional,Tiang Stang,SON T,Karangnunggal,0,-7.63657,108.1282152,1.0,Karangnunggal
-7.6391314 108.1295392,Baik,PJU Konvensional,Tiang Tunggal,LED,Karangnunggal,0,-7.6391314,108.1295392,1.0,Karangnunggal
-7.633056 108.120700,Baik,PJU Konvensional,Tiang Stang,SON T,Karangnunggal,0,-7.633056,108.1207,1.0,Karangnunggal
-7.631283 108.114724,Baik,PJU Konvensional,Tiang Stang,Mercury,Karangnunggal,0,-7.631283,108.114724,1.0,Karangnunggal
-7.631221 108.115429,Baik,PJU Konvensional,Tiang Tunggal,LED,Karangnunggal,0,-7.631221,108.115429,1.0,Karangnunggal
-7.629430 108.114519,Baik,PJU Konvensional,Tiang Stang,SON T,Karangnunggal,0,-7.62943,108.114519,1.0,Karangnunggal
-7.631060 108.116239,Baik,PJU Konvensional,Tiang Tunggal,SON T,Karangnunggal,0,-7.63106,108.116239,1.0,Karangnunggal
-7.652378 108.125213,Baik,PJU Konvensional,Tiang Stang,SON T,Ciawi,0,-7.652378,108.125213,1.0,Karangnunggal
-7.624086 108.138983,Baik,PJU Konvensional,Tiang Stang,SON T,Karangnunggal,0,-7.624086,108.138983,1.0,Karangnunggal
-7.624086 108.138983,Baik,PJU Konvensional,Tiang Stang,SON T,Karangnunggal,0,-7.624086,108.138983,1.0,Karangnunggal
-7.617468 108.141830,Baik,PJU Konvensional,Tiang Tunggal,SON T,Karangnunggal,0,-7.617468,108.14183,1.0,Karangnunggal
-7.626787 108.134883,Baik,PJU Konvensional,Tiang Stang,SON T,Karangnunggal,0,-7.626787,108.134883,1.0,Karangnunggal
-7.630282 108.229867,Baik,PJU Konvensional,Tiang Tunggal,SON T,Sukarame,0,-7.630282,108.229867,1.0,Karangnunggal
-7.660148 108.272528,Baik,PJU Konvensional,Tiang Stang,SON T,Pancatengah,0,-7.660148,108.272528,3.0,Pancatengah
-7.658207 108.271628,Baik,PJU Konvensional,Tiang Stang,SON T,Pancatengah,0,-7.658207,108.271628,3.0,Pancatengah
-7.492128 108.141442,Baik,PJU Konvensional,Tiang Tunggal,LED,Parungponteng,0,-7.492128,108.141442,6.0,Parungponteng
-7.502697 108.165945,Baik,PJU Konvensional,Tiang Tunggal,SON T,Parungponteng,0,-7.502697,108.165945,6.0,Parungponteng
-7.494617 108.127722,Baik,PJU Konvensional,Tiang Tunggal,SON T,Parungponteng,0,-7.494617,108.127722,6.0,Parungponteng
-7.491398 108.137694,Baik,PJU Konvensional,Tiang Tunggal,LED,Parungponteng,0,-7.491398,108.137694,6.0,Parungponteng
-7.39832 108.28654,Baik,PJU Konvensional,Tiang Stang,Mercury,Gunung Tanjung,0,-7.39832,108.28654,22.0,Gunung Tanjung
-7.40439 108.28477,Baik,PJU Konvensional,Tiang Stang,Mercury,Gunung Tanjung,0,-7.40439,108.28477,22.0,Gunung Tanjung
-7.1858323 108.1793308,Baik,PJU Konvensional,Tiang Tunggal,SON T,Jamanis,0,-7.1858323,108.1793308,34.0,Jamanis
-7.1858323 108.1793308,Baik,PJU Konvensional,Tiang Tunggal,SON T,Jamanis,0,-7.1858323,108.1793308,34.0,Jamanis
-7.1933283 108.1754017,Baik,PJU Konvensional,Tiang Tunggal,LED,Jamanis,0,-7.1933283,108.1754017,34.0,Jamanis
-7.1893227 108.1803802,Baik,PJU Konvensional,Tiang Stang,Mercury,Jamanis,0,-7.1893227,108.1803802,34.0,Jamanis
-7.1924328 108.1465320,Baik,PJU Konvensional,Tiang Tunggal,Mercury,Jamanis,0,-7.1924328,108.146532,34.0,Jamanis
-7.1884598 108.1815432,Baik,PJU Konvensional,Tiang Stang,Mercury,Jamanis,0,-7.1884598,108.1815432,34.0,Jamanis
-7.1918876 108.1838090,Baik,PJU Konvensional,Tiang Tunggal,Mercury,Jamanis,0,-7.1918876,108.183809,34.0,Jamanis
-7.10413 108.10451,Baik,PJU Konvensional,Tiang Tunggal,LED,Kadipaten,0,-7.10413,108.10451,36.0,Kadipaten
-7.1160857 108.0994110,Baik,PJU Konvensional,Tiang Tunggal,Mercury,Kadipaten,0,-7.1160857,108.099411,36.0,Kadipaten
-7.1250970 108.1522777,Baik,PJU Konvensional,Tiang Tunggal,LED,Kadipaten,0,-7.125097,108.1522777,37.0,Pagerageung
-7.1165961 108.1187457,Baik,PJU Konvensional,Tiang Tunggal,Mercury,Kadipaten,0,-7.1165961,108.1187457,36.0,Kadipaten
-7.1204203 108.1373931,Baik,PJU Konvensional,Tiang Stang,Mercury,Kadipaten,0,-7.1204203,108.1373931,36.0,Kadipaten
-7.4240933 108.4076055,Baik,PJU Konvensional,Tiang Tunggal,Mercury,Karang Jaya,0,-7.4240933,108.4076055,20.0,Karang Jaya
-7.4235085 108.4086254,Baik,PJU Konvensional,Tiang Tunggal,Mercury,Karang Jaya,0,-7.4235085,108.4086254,20.0,Karang Jaya
-7.4247968 108.4065450,Baik,PJU Konvensional,Tiang Tunggal,LED,Karang Jaya,0,-7.4247968,108.406545,20.0,Karang Jaya
-7.4449311 108.4202079,Baik,PJU Konvensional,Tiang Tunggal,LED,Karang Jaya,0,-7.4449311,108.4202079,20.0,Karang Jaya
-7.4511083 108.4220003,Baik,PJU Konvensional,Tiang Tunggal,Mercury,Karang Jaya,0,-7.4511083,108.4220003,20.0,Karang Jaya
-7.4504391 108.4222876,Baik,PJU Konvensional,Tiang Tunggal,Mercury,Karang Jaya,0,-7.4504391,108.4222876,20.0,Karang Jaya
-7.4398954 108.3958263,Baik,PJU Konvensional,Tiang Tunggal,Mercury,Karang Jaya,0,-7.4398954,108.3958263,20.0,Karang Jaya
-7.4357607 108.3941073,Baik,PJU Konvensional,Tiang Tunggal,Mercury,Karang Jaya,0,-7.4357607,108.3941073,20.0,Karang Jaya
-7.4254784 108.3836725,Baik,PJU Konvensional,Tiang Tunggal,Mercury,Karang Jaya,0,-7.4254784,108.3836725,20.0,Karang Jaya
-7.428548 108.397108,Baik,PJU Konvensional,Tiang Tunggal,Mercury,Karang Jaya,0,-7.428548,108.397108,20.0,Karang Jaya
-7.428186 108.396721,Baik,PJU Solar Cell,Tiang Tunggal,LED,Karang Jaya,0,-7.428186,108.396721,20.0,Karang Jaya
-7.4232219 108.3982262,Baik,PJU Konvensional,Tiang Tunggal,Mercury,Karang Jaya,0,-7.4232219,108.3982262,20.0,Karang Jaya
-7.4248444 108.3991971,Baik,PJU Konvensional,Tiang Tunggal,Mercury,Karang Jaya,0,-7.4248444,108.3991971,20.0,Karang Jaya
-7.4258806 108.4004507,Baik,PJU Solar Cell,Tiang Tunggal,LED,Karang Jaya,0,-7.4258806,108.4004507,20.0,Karang Jaya
-7.4221703 108.4046849,Baik,PJU Konvensional,Tiang Tunggal,Mercury,Karang Jaya,0,-7.4221703,108.4046849,20.0,Karang Jaya
-7.4214692 108.3805454,Baik,PJU Konvensional,Tiang Tunggal,Mercury,Karang Jaya,0,-7.4214692,108.3805454,20.0,Karang Jaya
-7.4250069 108.3820474,Baik,PJU Konvensional,Tiang Tunggal,Mercury,Karang Jaya,0,-7.4250069,108.3820474,20.0,Karang Jaya
-7.4308200 108.3890684,Baik,PJU Konvensional,Tiang Tunggal,Mercury,Karang Jaya,0,-7.43082,108.3890684,20.0,Karang Jaya
-7.4284007 108.3926545,Baik,PJU Solar Cell,Tiang Tunggal,LED,Karang Jaya,0,-7.4284007,108.3926545,20.0,Karang Jaya
-7.4296847 108.3899824,Baik,PJU Konvensional,Tiang Tunggal,Mercury,Karang Jaya,0,-7.4296847,108.3899824,20.0,Karang Jaya
-7.4427645 108.3965260,Baik,PJU Konvensional,Tiang Tunggal,Mercury,Karang Jaya,0,-7.4427645,108.396526,20.0,Karang Jaya
-7.4448663 108.4035467,Baik,PJU Konvensional,Tiang Tunggal,Mercury,Karang Jaya,0,-7.4448663,108.4035467,20.0,Karang Jaya
-7.4452931 108.4046863,Baik,PJU Konvensional,Tiang Tunggal,Mercury,Karang Jaya,0,-7.4452931,108.4046863,20.0,Karang Jaya
-7.4482609 108.4088527,Rusak Ringan,PJU Konvensional,Tiang Tunggal,Mercury,Karang Jaya,1,-7.4482609,108.4088527,20.0,Karang Jaya
-7.4550105 108.4127835,Baik,PJU Konvensional,Tiang Tunggal,Mercury,Cineam,0,-7.4550105,108.4127835,20.0,Karang Jaya
-7.4895505 108.4130008,Baik,PJU Konvensional,Tiang Tunggal,Mercury,Karang Jaya,0,-7.4895505,108.4130008,20.0,Karang Jaya
-7.4904331 108.4258224,Baik,PJU Konvensional,Tiang Tunggal,Mercury,Karang Jaya,0,-7.4904331,108.4258224,20.0,Karang Jaya
-7.4929000 108.4230705,Baik,PJU Konvensional,Tiang Tunggal,Mercury,Karang Jaya,0,-7.4929,108.4230705,20.0,Karang Jaya
-7.33256 108.10031,Baik,PJU Solar Cell,Tiang Tunggal,LED,Leuwisari,0,-7.33256,108.10031,27.0,Leuwisari
-7.33533 108.09654,Baik,PJU Konvensional,Tiang Tunggal,SON T,Leuwisari,0,-7.33533,108.09654,29.0,Sariwangi
-7.32564 108.10246,Baik,PJU Konvensional,Tiang Tunggal,SON T,Leuwisari,0,-7.32564,108.10246,27.0,Leuwisari
-7.3246592 108.1025352,Baik,PJU Solar Cell,Tiang Tunggal,LED,Leuwisari,0,-7.3246592,108.1025352,27.0,Leuwisari
-7.3245711 108.1131012,Baik,PJU Solar Cell,Tiang Tunggal,LED,Leuwisari,0,-7.3245711,108.1131012,27.0,Leuwisari
-7.3214922 108.1132529,Baik,PJU Solar Cell,Tiang Tunggal,LED,Leuwisari,0,-7.3214922,108.1132529,27.0,Leuwisari
-7.3228938 108.1135935,Baik,PJU Konvensional,Tiang Tunggal,SON T,Leuwisari,0,-7.3228938,108.1135935,27.0,Leuwisari
-7.3230128 108.1147631,Baik,PJU Konvensional,Tiang Tunggal,SON T,Leuwisari,0,-7.3230128,108.1147631,27.0,Leuwisari
-7.335919 108.102010,Baik,PJU Solar Cell,Tiang Tunggal,LED,Leuwisari,0,-7.335919,108.10201,27.0,Leuwisari
-7.305658 108.0939352,Baik,PJU Konvensional,Tiang Tunggal,Mercury,Leuwisari,0,-7.305658,108.0939352,27.0,Leuwisari
-7.2996743 108.0885956,Rusak Ringan,PJU Solar Cell,Tiang Tunggal,LED,Leuwisari,1,-7.2996743,108.0885956,27.0,Leuwisari
-7.3048202 108.0983022,Baik,PJU Konvensional,Tiang Tunggal,Mercury,Leuwisari,0,-7.3048202,108.0983022,27.0,Leuwisari
-7.360777 108.112403,Baik,PJU Konvensional,Tiang Tunggal,SON T,Leuwisari,0,-7.360777,108.112403,23.0,Singaparna
-7.360778 108.112532,Baik,PJU Konvensional,Tiang Tunggal,SON T,Leuwisari,0,-7.360778,108.112532,23.0,Singaparna
-7.306699 108.119575,Baik,PJU Konvensional,Tiang Tunggal,SON T,Leuwisari,0,-7.306699,108.119575,28.0,Padakembang
-7.3168898 108.0998475,Baik,PJU Konvensional,Tiang Tunggal,SON T,Leuwisari,0,-7.3168898,108.0998475,27.0,Leuwisari
-7.3203150 108.1010280,Baik,PJU Konvensional,Tiang Tunggal,SON T,Leuwisari,0,-7.320315,108.101028,27.0,Leuwisari
-7.3088544 108.0980380,Rusak Ringan,PJU Konvensional,Tiang Tunggal,SON T,Leuwisari,1,-7.3088544,108.098038,27.0,Leuwisari
-7.3135809 108.0997013,Rusak Ringan,PJU Konvensional,Tiang Tunggal,SON T,Leuwisari,1,-7.3135809,108.0997013,27.0,Leuwisari
-7.3128028 108.0994522,Baik,PJU Konvensional,Tiang Tunggal,SON T,Leuwisari,0,-7.3128028,108.0994522,27.0,Leuwisari
-7.3116468 108.0991511,Baik,PJU Solar Cell,Tiang Tunggal,LED,Leuwisari,0,-7.3116468,108.0991511,27.0,Leuwisari
-7.2995897 108.0885635,Rusak Ringan,PJU Solar Cell,Tiang Tunggal,LED,Leuwisari,1,-7.2995897,108.0885635,27.0,Leuwisari
-7.3068361 108.0960428,Baik,PJU Solar Cell,Tiang Tunggal,LED,Leuwisari,0,-7.3068361,108.0960428,27.0,Leuwisari
-7.3055206 108.0939953,Baik,PJU Solar Cell,Tiang Tunggal,LED,Leuwisari,0,-7.3055206,108.0939953,27.0,Leuwisari
-7.3138739 108.1097546,Baik,PJU Konvensional,Tiang Tunggal,SON T,Leuwisari,0,-7.3138739,108.1097546,27.0,Leuwisari
-7.3162164 108.1073436,Baik,PJU Solar Cell,Tiang Tunggal,LED,Leuwisari,0,-7.3162164,108.1073436,27.0,Leuwisari
-7.3168309 108.1028496,Baik,PJU Solar Cell,Tiang Tunggal,LED,Leuwisari,0,-7.3168309,108.1028496,27.0,Leuwisari
-7.3170391 108.1053165,Baik,PJU Konvensional,Tiang Tunggal,SON T,Leuwisari,0,-7.3170391,108.1053165,27.0,Leuwisari
-7.3157598 108.1111936,Baik,PJU Konvensional,Tiang Tunggal,SON T,Leuwisari,0,-7.3157598,108.1111936,27.0,Leuwisari
-7.3270739 108.1027145,Baik,PJU Konvensional,Tiang Tunggal,SON T,Leuwisari,0,-7.3270739,108.1027145,27.0,Leuwisari
-7.3266299 108.1029907,Baik,PJU Konvensional,Tiang Tunggal,SON T,Leuwisari,0,-7.3266299,108.1029907,27.0,Leuwisari
-7.3261142 108.1032278,Baik,PJU Konvensional,Tiang Tunggal,SON T,Leuwisari,0,-7.3261142,108.1032278,27.0,Leuwisari
-7.3262133 108.1034393,Baik,PJU Konvensional,Tiang Tunggal,SON T,Leuwisari,0,-7.3262133,108.1034393,27.0,Leuwisari
-7.3265880 108.1036898,Baik,PJU Konvensional,Tiang Tunggal,SON T,Leuwisari,0,-7.326588,108.1036898,27.0,Leuwisari
-7.3268837 108.1033666,Baik,PJU Konvensional,Tiang Tunggal,SON T,Leuwisari,0,-7.3268837,108.1033666,27.0,Leuwisari
-7.3275697 108.1034390,Baik,PJU Konvensional,Tiang Tunggal,SON T,Leuwisari,0,-7.3275697,108.103439,27.0,Leuwisari
-7.3275624 108.1031637,Baik,PJU Konvensional,Tiang Tunggal,SON T,Leuwisari,0,-7.3275624,108.1031637,27.0,Leuwisari
-7.3282946 108.1037012,Baik,PJU Konvensional,Tiang Tunggal,SON T,Leuwisari,0,-7.3282946,108.1037012,27.0,Leuwisari
-7.3283442 108.1032821,Baik,PJU Konvensional,Tiang Tunggal,SON T,Leuwisari,0,-7.3283442,108.1032821,27.0,Leuwisari
-7.3281636 108.1027916,Baik,PJU Konvensional,Tiang Tunggal,SON T,Leuwisari,0,-7.3281636,108.1027916,27.0,Leuwisari
-7.3278364 108.1027761,Baik,PJU Konvensional,Tiang Tunggal,SON T,Leuwisari,0,-7.3278364,108.1027761,27.0,Leuwisari
-7.3273366 108.1028164,Baik,PJU Konvensional,Tiang Tunggal,SON T,Leuwisari,0,-7.3273366,108.1028164,27.0,Leuwisari
-7.342828 108.108196,Baik,PJU Solar Cell,Tiang Tunggal,LED,Leuwisari,0,-7.342828,108.108196,27.0,Leuwisari
-7.341828 108.108076,Baik,PJU Konvensional,Tiang Tunggal,SON T,Leuwisari,0,-7.341828,108.108076,27.0,Leuwisari
-7.341074 108.107926,Baik,PJU Konvensional,Tiang Tunggal,LED,Leuwisari,0,-7.341074,108.107926,27.0,Leuwisari
-7.341074 108.107926,Baik,PJU Konvensional,Tiang Tunggal,SON T,Leuwisari,0,-7.341074,108.107926,27.0,Leuwisari
-7.339466 108.107669,Baik,PJU Konvensional,Tiang Tunggal,SON T,Leuwisari,0,-7.339466,108.107669,27.0,Leuwisari
-7.338707 108.107749,Baik,PJU Konvensional,Tiang Tunggal,LED,Leuwisari,0,-7.338707,108.107749,27.0,Leuwisari
-7.334186 108.108392,Baik,PJU Konvensional,Tiang Tunggal,LED,Leuwisari,0,-7.334186,108.108392,27.0,Leuwisari
-7.328574 108.113199,Baik,PJU Konvensional,Tiang Tunggal,LED,Leuwisari,0,-7.328574,108.113199,27.0,Leuwisari
-7.324506 108.113126,Baik,PJU Konvensional,Tiang Tunggal,LED,Leuwisari,0,-7.324506,108.113126,27.0,Leuwisari
-7.326401 108.112581,Rusak Berat,PJU Konvensional,Tiang Stang,Mercury,Leuwisari,1,-7.326401,108.112581,27.0,Leuwisari
-7.326380 108.109726,Baik,PJU Konvensional,Tiang Tunggal,SON T,Leuwisari,0,-7.32638,108.109726,27.0,Leuwisari
-7.324027 108.113294,Rusak Berat,PJU Konvensional,Tiang Stang,Mercury,Leuwisari,1,-7.324027,108.113294,27.0,Leuwisari
-7.321558 108.113276,Baik,PJU Solar Cell,Tiang Tunggal,LED,Leuwisari,0,-7.321558,108.113276,27.0,Leuwisari
-7.318747 108.114738,Baik,PJU Solar Cell,Tiang Stang,LED,Leuwisari,0,-7.318747,108.114738,27.0,Leuwisari
-7.315828 108.111284,Baik,PJU Solar Cell,Tiang Stang,LED,Leuwisari,0,-7.315828,108.111284,27.0,Leuwisari
-7.319395 108.114569,Baik,PJU Konvensional,Tiang Stang,Mercury,Leuwisari,0,-7.319395,108.114569,27.0,Leuwisari
-7.324102 108.082988,Baik,PJU Konvensional,Tiang Tunggal,SON T,Leuwisari,0,-7.324102,108.082988,27.0,Leuwisari
-7.322889 108.082480,Baik,PJU Konvensional,Tiang Tunggal,LED,Leuwisari,0,-7.322889,108.08248,27.0,Leuwisari
-7.316159 108.080676,Baik,PJU Konvensional,Tiang Tunggal,SON T,Leuwisari,0,-7.316159,108.080676,27.0,Leuwisari
-7.317408 108.082777,Baik,PJU Konvensional,Tiang Tunggal,SON T,Leuwisari,0,-7.317408,108.082777,27.0,Leuwisari
-7.317332 108.083329,Baik,PJU Solar Cell,Tiang Tunggal,LED,Leuwisari,0,-7.317332,108.083329,27.0,Leuwisari
-7.317221 108.084382,Baik,PJU Konvensional,Tiang Tunggal,SON T,Leuwisari,0,-7.317221,108.084382,27.0,Leuwisari
-7.306806 108.083003,Baik,PJU Konvensional,Tiang Tunggal,LED,Leuwisari,0,-7.306806,108.083003,27.0,Leuwisari
-7.300791 108.083083,Baik,PJU Konvensional,Tiang Tunggal,SON T,Leuwisari,0,-7.300791,108.083083,27.0,Leuwisari
-7.300512 108.082065,Baik,PJU Konvensional,Tiang Tunggal,SON T,Leuwisari,0,-7.300512,108.082065,27.0,Leuwisari
-7.313121 108.083167,Baik,PJU Solar Cell,Tiang Tunggal,LED,Leuwisari,0,-7.313121,108.083167,27.0,Leuwisari
-7.317395 108.081763,Baik,PJU Konvensional,Tiang Tunggal,SON T,Leuwisari,0,-7.317395,108.081763,27.0,Leuwisari
-7.3245975 108.1130879,Baik,PJU Konvensional,Tiang Tunggal,LED,Leuwisari,0,-7.3245975,108.1130879,27.0,Leuwisari
-7.3281922 108.1118574,Baik,PJU Solar Cell,Tiang Tunggal,LED,Leuwisari,0,-7.3281922,108.1118574,27.0,Leuwisari
-7.3320154 108.1165513,Baik,PJU Konvensional,Tiang Tunggal,SON T,Leuwisari,0,-7.3320154,108.1165513,27.0,Leuwisari
-7.2982741 108.0981668,Baik,PJU Konvensional,Tiang Tunggal,SON T,Leuwisari,0,-7.2982741,108.0981668,27.0,Leuwisari
-7.3033034 108.1001442,Baik,PJU Konvensional,Tiang Tunggal,SON T,Leuwisari,0,-7.3033034,108.1001442,27.0,Leuwisari
-7.3332574 108.1226915,Baik,PJU Konvensional,Tiang Tunggal,SON T,Leuwisari,0,-7.3332574,108.1226915,27.0,Leuwisari
-7.3310906 108.1224864,Baik,PJU Konvensional,Tiang Tunggal,SON T,Leuwisari,0,-7.3310906,108.1224864,27.0,Leuwisari
-7.342032 108.119644,Baik,PJU Solar Cell,Tiang Tunggal,LED,Leuwisari,0,-7.342032,108.119644,27.0,Leuwisari
-7.325943 108.105704,Baik,PJU Konvensional,Tiang Tunggal,SON T,Leuwisari,0,-7.325943,108.105704,27.0,Leuwisari
-7.311950 108.099312,Baik,PJU Konvensional,Tiang Tunggal,SON T,Leuwisari,0,-7.31195,108.099312,27.0,Leuwisari
-7.312685 108.099503,Baik,PJU Konvensional,Tiang Tunggal,SON T,Leuwisari,0,-7.312685,108.099503,27.0,Leuwisari
-7.308810 108.098065,Baik,PJU Konvensional,Tiang Tunggal,SON T,Leuwisari,0,-7.30881,108.098065,27.0,Leuwisari
-7.306753 108.095973,Baik,PJU Konvensional,Tiang Tunggal,LED,Leuwisari,0,-7.306753,108.095973,27.0,Leuwisari
-7.304025 108.092590,Baik,PJU Konvensional,Tiang Tunggal,Mercury,Leuwisari,0,-7.304025,108.09259,27.0,Leuwisari
-7.3202568 108.0886570,Rusak Ringan,PJU Konvensional,Tiang Tunggal,SON T,Leuwisari,1,-7.3202568,108.088657,27.0,Leuwisari
-7.3209515 108.0818593,Rusak Ringan,PJU Konvensional,Tiang Tunggal,SON T,Leuwisari,1,-7.3209515,108.0818593,27.0,Leuwisari
-7.3247099 108.1148625,Baik,PJU Konvensional,Tiang Tunggal,SON T,Leuwisari,0,-7.3247099,108.1148625,27.0,Leuwisari
-7.3375025 108.1053890,Baik,PJU Konvensional,Tiang Tunggal,SON T,Leuwisari,0,-7.3375025,108.105389,27.0,Leuwisari
-7.3056054 108.0939000,Baik,PJU Konvensional,Tiang Tunggal,SON T,Leuwisari,0,-7.3056054,108.0939,27.0,Leuwisari
-7.326702 108.102691,Baik,PJU Konvensional,Tiang Tunggal,SON T,Leuwisari,0,-7.326702,108.102691,27.0,Leuwisari
-7.325854 108.102640,Baik,PJU Konvensional,Tiang Tunggal,SON T,Leuwisari,0,-7.325854,108.10264,27.0,Leuwisari
-7.331739 108.103387,Rusak Berat,PJU Konvensional,Tiang Stang,Mercury,Leuwisari,1,-7.331739,108.103387,27.0,Leuwisari
-7.333624 108.100450,Baik,PJU Konvensional,Tiang Tunggal,SON T,Leuwisari,0,-7.333624,108.10045,27.0,Leuwisari
-7.330970 108.100338,Baik,PJU Konvensional,Tiang Tunggal,SON T,Leuwisari,0,-7.33097,108.100338,27.0,Leuwisari
-7.3173716 108.0821852,Baik,PJU Konvensional,Tiang Tunggal,SON T,Leuwisari,0,-7.3173716,108.0821852,27.0,Leuwisari
-7.3171019 108.1052471,Baik,PJU Konvensional,Tiang Tunggal,SON T,Leuwisari,0,-7.3171019,108.1052471,27.0,Leuwisari
-7.35018 108.29629,Baik,PJU Konvensional,Tiang Tunggal,Mercury,Manonjaya,0,-7.35018,108.29629,21.0,Manonjaya
-7.35046 108.29581,Rusak Ringan,PJU Konvensional,Tiang Tunggal,Mercury,Manonjaya,1,-7.35046,108.29581,21.0,Manonjaya
-7.35361 108.28557,Baik,PJU Konvensional,Tiang Tunggal,Mercury,Manonjaya,0,-7.35361,108.28557,21.0,Manonjaya
-7.35372 108.28467,Baik,PJU Konvensional,Tiang Tunggal,Mercury,Manonjaya,0,-7.35372,108.28467,21.0,Manonjaya
-7.35945 108.34513,Baik,PJU Konvensional,Tiang Tunggal,Mercury,Manonjaya,0,-7.35945,108.34513,21.0,Manonjaya
-7.35919 108.34519,Baik,PJU Konvensional,Tiang Tunggal,Mercury,Manonjaya,0,-7.35919,108.34519,21.0,Manonjaya
-7.3593 108.3498,Rusak Ringan,PJU Konvensional,Tiang Tunggal,Mercury,Manonjaya,1,-7.3593,108.3498,21.0,Manonjaya
-7.35228 108.31001,Rusak Ringan,PJU Konvensional,Tiang Tunggal,Mercury,Manonjaya,1,-7.35228,108.31001,21.0,Manonjaya
-7.35272 108.31174,Baik,PJU Konvensional,Tiang Tunggal,Mercury,Manonjaya,0,-7.35272,108.31174,21.0,Manonjaya
-7.34966 108.31034,Baik,PJU Konvensional,Tiang Tunggal,LED,Manonjaya,0,-7.34966,108.31034,21.0,Manonjaya
-7.34958 108.31024,Rusak Ringan,PJU Konvensional,Tiang Tunggal,Mercury,Manonjaya,1,-7.34958,108.31024,21.0,Manonjaya
-7.34936 108.31044,Baik,PJU Konvensional,Tiang Tunggal,Mercury,Manonjaya,0,-7.34936,108.31044,21.0,Manonjaya
-7.34933 108.3105,Baik,PJU Konvensional,Tiang Tunggal,Mercury,Manonjaya,0,-7.34933,108.3105,21.0,Manonjaya
-7.36059 108.33184,Baik,PJU Konvensional,Tiang Tunggal,Mercury,Manonjaya,0,-7.36059,108.33184,21.0,Manonjaya
-7.36116 108.3336,Baik,PJU Konvensional,Tiang Tunggal,Mercury,Manonjaya,0,-7.36116,108.3336,21.0,Manonjaya
-7.36317 108.33462,Baik,PJU Konvensional,Tiang Tunggal,Mercury,Manonjaya,0,-7.36317,108.33462,21.0,Manonjaya
-7.36347 108.33631,Baik,PJU Konvensional,Tiang Tunggal,Mercury,Manonjaya,0,-7.36347,108.33631,21.0,Manonjaya
-7.36408 108.33691,Baik,PJU Konvensional,Tiang Tunggal,Mercury,Manonjaya,0,-7.36408,108.33691,21.0,Manonjaya
-7.3585 108.32455,Baik,PJU Konvensional,Tiang Tunggal,LED,Manonjaya,0,-7.3585,108.32455,21.0,Manonjaya
-7.35508 108.32707,Baik,PJU Konvensional,Tiang Stang,Mercury,Manonjaya,0,-7.35508,108.32707,21.0,Manonjaya
-7.35506 108.32708,Baik,PJU Konvensional,Tiang Stang,Mercury,Manonjaya,0,-7.35506,108.32708,21.0,Manonjaya
-7.35362 108.30893,Baik,PJU Solar Cell,Tiang Stang,LED,Manonjaya,0,-7.35362,108.30893,21.0,Manonjaya
-7.34941 108.30026,Baik,PJU Konvensional,Tiang Tunggal,Mercury,Manonjaya,0,-7.34941,108.30026,21.0,Manonjaya
-7.3496 108.30021,Baik,PJU Konvensional,Tiang Tunggal,Mercury,Manonjaya,0,-7.3496,108.30021,21.0,Manonjaya
-7.36582 108.38449,Baik,PJU Konvensional,Tiang Tunggal,Mercury,Manonjaya,0,-7.36582,108.38449,19.0,Cineam
-7.36514 108.37747,Baik,PJU Konvensional,Tiang Tunggal,Mercury,Manonjaya,0,-7.36514,108.37747,19.0,Cineam
-7.36577 108.38481,Baik,PJU Konvensional,Tiang Tunggal,Mercury,Manonjaya,0,-7.36577,108.38481,19.0,Cineam
-7.36566 108.38601,Baik,PJU Konvensional,Tiang Tunggal,Mercury,Manonjaya,0,-7.36566,108.38601,19.0,Cineam
-7.36537 108.38648,Baik,PJU Konvensional,Tiang Stang,Mercury,Manonjaya,0,-7.36537,108.38648,19.0,Cineam
-7.36546 108.38685,Baik,PJU Konvensional,Tiang Stang,Mercury,Manonjaya,0,-7.36546,108.38685,19.0,Cineam
-7.36509 108.37737,Baik,PJU Konvensional,Tiang Stang,Mercury,Manonjaya,0,-7.36509,108.37737,19.0,Cineam
-7.37768 108.28725,Baik,PJU Konvensional,Tiang Stang,Mercury,Manonjaya,0,-7.37768,108.28725,21.0,Manonjaya
-7.37775 108.28783,Baik,PJU Konvensional,Tiang Stang,Mercury,Manonjaya,0,-7.37775,108.28783,21.0,Manonjaya
-7.37779 108.2887,Baik,PJU Konvensional,Tiang Stang,Mercury,Manonjaya,0,-7.37779,108.2887,21.0,Manonjaya
-7.37791 108.2889,Baik,PJU Konvensional,Tiang Stang,Mercury,Manonjaya,0,-7.37791,108.2889,21.0,Manonjaya
-7.37792 108.28885,Baik,PJU Konvensional,Tiang Stang,Mercury,Manonjaya,0,-7.37792,108.28885,21.0,Manonjaya
-7.37734 108.28971,Baik,PJU Solar Cell,Tiang Stang,LED,Manonjaya,0,-7.37734,108.28971,21.0,Manonjaya
-7.37311 108.27143,Rusak Ringan,PJU Konvensional,Tiang Stang,LED,Manonjaya,1,-7.37311,108.27143,21.0,Manonjaya
-7.37461 108.2818,Rusak Ringan,PJU Konvensional,Tiang Stang,LED,Karang Jaya,1,-7.37461,108.2818,21.0,Manonjaya
-7.37034 108.27979,Baik,PJU Konvensional,Tiang Tunggal,Mercury,Manonjaya,0,-7.37034,108.27979,21.0,Manonjaya
-7.36965 108.28097,Baik,PJU Solar Cell,Tiang Tunggal,LED,Manonjaya,0,-7.36965,108.28097,21.0,Manonjaya
-7.36636 108.28271,Rusak Ringan,PJU Solar Cell,Tiang Tunggal,LED,Manonjaya,1,-7.36636,108.28271,21.0,Manonjaya
-7.36543 108.2836,Baik,PJU Konvensional,Tiang Tunggal,Mercury,Manonjaya,0,-7.36543,108.2836,21.0,Manonjaya
-7.37303 108.27862,Baik,PJU Konvensional,Tiang Stang,Mercury,Manonjaya,0,-7.37303,108.27862,21.0,Manonjaya
-7.37321 108.27172,Baik,PJU Konvensional,Tiang Stang,Mercury,Karang Jaya,0,-7.37321,108.27172,21.0,Manonjaya
-7.37317 108.27156,Baik,PJU Konvensional,Tiang Stang,Mercury,Manonjaya,0,-7.37317,108.27156,21.0,Manonjaya
-7.37298 108.29365,Baik,PJU Konvensional,Tiang Stang,Mercury,Gunung Tanjung,0,-7.37298,108.29365,21.0,Manonjaya
-7.37305 108.29352,Baik,PJU Konvensional,Tiang Stang,Mercury,Manonjaya,0,-7.37305,108.29352,21.0,Manonjaya
-7.37416 108.29139,Rusak Ringan,PJU Konvensional,Tiang Tunggal,Mercury,Gunung Tanjung,1,-7.37416,108.29139,21.0,Manonjaya
-7.37317 108.2931,Baik,PJU Konvensional,Tiang Tunggal,Mercury,Gunung Tanjung,0,-7.37317,108.2931,21.0,Manonjaya
-7.35236 108.31472,Baik,PJU Konvensional,Tiang Tunggal,LED,Manonjaya,0,-7.35236,108.31472,21.0,Manonjaya
-7.3524 108.31456,Rusak Ringan,PJU Konvensional,Tiang Tunggal,LED,Manonjaya,1,-7.3524,108.31456,21.0,Manonjaya
-7.34941 108.31533,Baik,PJU Konvensional,Tiang Stang,LED,Manonjaya,0,-7.34941,108.31533,21.0,Manonjaya
-7.34929 108.31532,Baik,PJU Konvensional,Tiang Stang,LED,Manonjaya,0,-7.34929,108.31532,21.0,Manonjaya
-7.35207 108.3127,Baik,PJU Konvensional,Tiang Stang,Mercury,Manonjaya,0,-7.35207,108.3127,21.0,Manonjaya
-7.3486 108.3157,Baik,PJU Konvensional,Tiang Stang,LED,Manonjaya,0,-7.3486,108.3157,21.0,Manonjaya
-7.34858 108.31715,Baik,PJU Konvensional,Tiang Stang,Mercury,Manonjaya,0,-7.34858,108.31715,21.0,Manonjaya
-7.35751 108.28864,Rusak Ringan,PJU Konvensional,Tiang Tunggal,Mercury,Manonjaya,1,-7.35751,108.28864,21.0,Manonjaya
-7.36337 108.28556,Rusak Ringan,PJU Konvensional,Tiang Tunggal,LED,Manonjaya,1,-7.36337,108.28556,21.0,Manonjaya
-7.36354 108.28461,Baik,PJU Konvensional,Tiang Stang,Mercury,Manonjaya,0,-7.36354,108.28461,21.0,Manonjaya
-7.36295 108.28472,Baik,PJU Konvensional,Tiang Stang,Mercury,Manonjaya,0,-7.36295,108.28472,21.0,Manonjaya
-7.36161 108.28499,Baik,PJU Konvensional,Tiang Tunggal,Mercury,Manonjaya,0,-7.36161,108.28499,21.0,Manonjaya
-7.3431 108.30738,Baik,PJU Konvensional,Tiang Stang,LED,Manonjaya,0,-7.3431,108.30738,21.0,Manonjaya
-7.3507 108.30606,Baik,PJU Konvensional,Tiang Stang,LED,Manonjaya,0,-7.3507,108.30606,21.0,Manonjaya
-7.3469 108.30604,Baik,PJU Konvensional,Tiang Stang,Mercury,Manonjaya,0,-7.3469,108.30604,21.0,Manonjaya
-7.34834 108.30544,Baik,PJU Konvensional,Tiang Stang,Mercury,Manonjaya,0,-7.34834,108.30544,21.0,Manonjaya
-7.35608 108.30412,Baik,PJU Konvensional,Tiang Tunggal,Mercury,Manonjaya,0,-7.35608,108.30412,21.0,Manonjaya
-7.35678 108.30332,Baik,PJU Konvensional,Tiang Tunggal,Mercury,Manonjaya,0,-7.35678,108.30332,21.0,Manonjaya
-7.35743 108.30302,Baik,PJU Konvensional,Tiang Tunggal,Mercury,Manonjaya,0,-7.35743,108.30302,21.0,Manonjaya
-7.36009 108.30286,Baik,PJU Konvensional,Tiang Tunggal,Mercury,Manonjaya,0,-7.36009,108.30286,21.0,Manonjaya
-7.36244 108.30254,Baik,PJU Konvensional,Tiang Tunggal,Mercury,Manonjaya,0,-7.36244,108.30254,21.0,Manonjaya
-7.36225 108.3026,Baik,PJU Konvensional,Tiang Stang,Mercury,Manonjaya,0,-7.36225,108.3026,21.0,Manonjaya
-7.36302 108.30419,Baik,PJU Solar Cell,Tiang Tunggal,LED,Manonjaya,0,-7.36302,108.30419,21.0,Manonjaya
-7.36228 108.31466,Baik,PJU Konvensional,Tiang Tunggal,Mercury,Manonjaya,0,-7.36228,108.31466,21.0,Manonjaya
-7.3622 108.31461,Baik,PJU Konvensional,Tiang Tunggal,Mercury,Manonjaya,0,-7.3622,108.31461,21.0,Manonjaya
-7.36306 108.31472,Baik,PJU Konvensional,Tiang Tunggal,Mercury,Manonjaya,0,-7.36306,108.31472,21.0,Manonjaya
-7.36358 108.31466,Baik,PJU Konvensional,Tiang Tunggal,Mercury,Manonjaya,0,-7.36358,108.31466,21.0,Manonjaya
-7.36365 108.31452,Baik,PJU Konvensional,Tiang Tunggal,Mercury,Manonjaya,0,-7.36365,108.31452,21.0,Manonjaya
-7.36559 108.31441,Baik,PJU Konvensional,Tiang Tunggal,Mercury,Manonjaya,0,-7.36559,108.31441,21.0,Manonjaya
-7.3668 108.31387,Baik,PJU Konvensional,Tiang Tunggal,Mercury,Manonjaya,0,-7.3668,108.31387,21.0,Manonjaya
-7.36715 108.314,Baik,PJU Konvensional,Tiang Tunggal,Mercury,Manonjaya,0,-7.36715,108.314,21.0,Manonjaya
-7.35754 108.28972,Baik,PJU Konvensional,Tiang Tunggal,Mercury,Manonjaya,0,-7.35754,108.28972,21.0,Manonjaya
-7.35775 108.29037,Baik,PJU Konvensional,Tiang Tunggal,Mercury,Manonjaya,0,-7.35775,108.29037,21.0,Manonjaya
-7.35748 108.2901,Baik,PJU Konvensional,Tiang Tunggal,Mercury,Manonjaya,0,-7.35748,108.2901,21.0,Manonjaya
-7.3575 108.29232,Baik,PJU Konvensional,Tiang Tunggal,Mercury,Manonjaya,0,-7.3575,108.29232,21.0,Manonjaya
-7.35332 108.3058,Baik,PJU Konvensional,Tiang Stang,Mercury,Manonjaya,0,-7.35332,108.3058,21.0,Manonjaya
-7.35333 108.30579,Baik,PJU Konvensional,Tiang Stang,Mercury,Manonjaya,0,-7.35333,108.30579,21.0,Manonjaya
-7.35476 108.30439,Baik,PJU Konvensional,Tiang Tunggal,Mercury,Manonjaya,0,-7.35476,108.30439,21.0,Manonjaya
-7.35292 108.30424,Baik,PJU Konvensional,Tiang Tunggal,Mercury,Manonjaya,0,-7.35292,108.30424,21.0,Manonjaya
-7.35765 108.29233,Baik,PJU Konvensional,Tiang Tunggal,Mercury,Manonjaya,0,-7.35765,108.29233,21.0,Manonjaya
-7.3574 108.29349,Baik,PJU Konvensional,Tiang Tunggal,Mercury,Manonjaya,0,-7.3574,108.29349,21.0,Manonjaya
-7.35738 108.29357,Baik,PJU Konvensional,Tiang Tunggal,Mercury,Manonjaya,0,-7.35738,108.29357,21.0,Manonjaya
-7.35738 108.29357,Baik,PJU Konvensional,Tiang Tunggal,Mercury,Manonjaya,0,-7.35738,108.29357,21.0,Manonjaya
-7.35288 108.30428,Baik,PJU Konvensional,Tiang Tunggal,Mercury,Manonjaya,0,-7.35288,108.30428,21.0,Manonjaya
-7.35859 108.29495,Baik,PJU Konvensional,Tiang Tunggal,Mercury,Manonjaya,0,-7.35859,108.29495,21.0,Manonjaya
-7.3595 108.29505,Baik,PJU Konvensional,Tiang Tunggal,Mercury,Manonjaya,0,-7.3595,108.29505,21.0,Manonjaya
-7.35963 108.29694,Baik,PJU Solar Cell,Tiang Tunggal,LED,Manonjaya,0,-7.35963,108.29694,21.0,Manonjaya
-7.35974 108.29661,Baik,PJU Konvensional,Tiang Tunggal,Mercury,Manonjaya,0,-7.35974,108.29661,21.0,Manonjaya
-7.35173 108.30596,Baik,PJU Konvensional,Tiang Tunggal,Mercury,Manonjaya,0,-7.35173,108.30596,21.0,Manonjaya
-7.36077 108.2978,Baik,PJU Konvensional,Tiang Tunggal,Mercury,Manonjaya,0,-7.36077,108.2978,21.0,Manonjaya
-7.35134 108.3051,Baik,PJU Konvensional,Tiang Tunggal,Mercury,Manonjaya,0,-7.35134,108.3051,21.0,Manonjaya
-7.36189 108.32117,Baik,PJU Konvensional,Tiang Tunggal,LED,Manonjaya,0,-7.36189,108.32117,21.0,Manonjaya
-7.35777 108.31134,Baik,PJU Konvensional,Tiang Tunggal,Mercury,Manonjaya,0,-7.35777,108.31134,21.0,Manonjaya
-7.35153 108.3056,Baik,PJU Konvensional,Tiang Tunggal,Mercury,Manonjaya,0,-7.35153,108.3056,21.0,Manonjaya
-7.35777 108.3114,Baik,PJU Konvensional,Tiang Tunggal,Mercury,Manonjaya,0,-7.35777,108.3114,21.0,Manonjaya
-7.38945 108.35751,Baik,PJU Konvensional,Tiang Tunggal,Mercury,Manonjaya,0,-7.38945,108.35751,19.0,Cineam
-7.39018 108.35971,Baik,PJU Konvensional,Tiang Tunggal,Mercury,Manonjaya,0,-7.39018,108.35971,19.0,Cineam
-7.36112 108.3503,Baik,PJU Konvensional,Tiang Tunggal,Mercury,Manonjaya,0,-7.36112,108.3503,21.0,Manonjaya
-7.36085 108.3055,Baik,PJU Solar Cell,Tiang Tunggal,LED,Manonjaya,0,-7.36085,108.3055,21.0,Manonjaya
-7.36038 108.30595,Baik,PJU Konvensional,Tiang Tunggal,Mercury,Manonjaya,0,-7.36038,108.30595,21.0,Manonjaya
-7.35972 108.30633,Baik,PJU Konvensional,Tiang Tunggal,Mercury,Manonjaya,0,-7.35972,108.30633,21.0,Manonjaya
-7.35778 108.30672,Rusak Ringan,PJU Solar Cell,Tiang Tunggal,LED,Manonjaya,1,-7.35778,108.30672,21.0,Manonjaya
-7.35761 108.30672,Baik,PJU Solar Cell,Tiang Tunggal,LED,Manonjaya,0,-7.35761,108.30672,21.0,Manonjaya
-7.35632 108.30679,Baik,PJU Solar Cell,Tiang Tunggal,LED,Manonjaya,0,-7.35632,108.30679,21.0,Manonjaya
-7.37425 108.30457,Baik,PJU Solar Cell,Tiang Tunggal,LED,Manonjaya,0,-7.37425,108.30457,21.0,Manonjaya
-7.37408 108.30429,Baik,PJU Konvensional,Tiang Tunggal,Mercury,Manonjaya,0,-7.37408,108.30429,21.0,Manonjaya
-7.37434 108.30326,Baik,PJU Solar Cell,Tiang Tunggal,LED,Manonjaya,0,-7.37434,108.30326,21.0,Manonjaya
-7.37405 108.30287,Baik,PJU Konvensional,Tiang Tunggal,Mercury,Manonjaya,0,-7.37405,108.30287,21.0,Manonjaya
-7.39242 108.33486,Baik,PJU Konvensional,Tiang Tunggal,Mercury,Manonjaya,0,-7.39242,108.33486,21.0,Manonjaya
-7.39299 108.33158,Rusak Ringan,PJU Konvensional,Tiang Tunggal,Mercury,Manonjaya,1,-7.39299,108.33158,21.0,Manonjaya
-7.39106 108.3261,Baik,PJU Konvensional,Tiang Tunggal,Mercury,Manonjaya,0,-7.39106,108.3261,21.0,Manonjaya
-7.39108 108.323434,Baik,PJU Konvensional,Tiang Tunggal,Mercury,Manonjaya,0,-7.39108,108.323434,21.0,Manonjaya
-7.39099 108.32416,Baik,PJU Konvensional,Tiang Tunggal,LED,Manonjaya,0,-7.39099,108.32416,21.0,Manonjaya
-7.39073 108.32314,Baik,PJU Konvensional,Tiang Tunggal,Mercury,Manonjaya,0,-7.39073,108.32314,21.0,Manonjaya
-7.39017 108.32053,Baik,PJU Konvensional,Tiang Tunggal,Mercury,Manonjaya,0,-7.39017,108.32053,21.0,Manonjaya
-7.39011 108.32055,Baik,PJU Konvensional,Tiang Stang,Mercury,Manonjaya,0,-7.39011,108.32055,21.0,Manonjaya
-7.38998 108.31944,Baik,PJU Konvensional,Tiang Tunggal,Mercury,Manonjaya,0,-7.38998,108.31944,21.0,Manonjaya
-7.38705 108.29489,Baik,PJU Konvensional,Tiang Tunggal,Mercury,Gunung Tanjung,0,-7.38705,108.29489,22.0,Gunung Tanjung
-7.38724 108.33147,Baik,PJU Solar Cell,Tiang Tunggal,LED,Manonjaya,0,-7.38724,108.33147,21.0,Manonjaya
-7.3864 108.33266,Baik,PJU Konvensional,Tiang Tunggal,Mercury,Manonjaya,0,-7.3864,108.33266,21.0,Manonjaya
-7.38605 108.33315,Baik,PJU Konvensional,Tiang Tunggal,Mercury,Manonjaya,0,-7.38605,108.33315,21.0,Manonjaya
-7.38603 108.33307,Baik,PJU Konvensional,Tiang Tunggal,Mercury,Manonjaya,0,-7.38603,108.33307,21.0,Manonjaya
-7.402 108.33039,Baik,PJU Konvensional,Tiang Tunggal,Mercury,Manonjaya,0,-7.402,108.33039,21.0,Manonjaya
-7.40202 108.33063,Baik,PJU Konvensional,Tiang Tunggal,Mercury,Manonjaya,0,-7.40202,108.33063,21.0,Manonjaya
-7.40202 108.33063,Baik,PJU Konvensional,Tiang Stang,LED,Manonjaya,0,-7.40202,108.33063,21.0,Manonjaya
-7.40017 108.3334,Baik,PJU Konvensional,Tiang Tunggal,Mercury,Manonjaya,0,-7.40017,108.3334,21.0,Manonjaya
-7.39659 108 28625,Baik,PJU Konvensional,Tiang Tunggal,Mercury,Gunung Tanjung,0,-7.39659,108.0,13.0,Salawu
-7.3532336 108.2877644,Baik,PJU Solar Cell,Tiang Tunggal,LED,Manonjaya,0,-7.3532336,108.2877644,21.0,Manonjaya
-7.3535734 108.2857799,Baik,PJU Konvensional,Tiang Tunggal,Mercury,Manonjaya,0,-7.3535734,108.2857799,21.0,Manonjaya
-7.3534494 108.2864464,Baik,PJU Konvensional,Tiang Tunggal,Mercury,Manonjaya,0,-7.3534494,108.2864464,21.0,Manonjaya
-7.3509472 108.2951187,Baik,PJU Konvensional,Tiang Tunggal,Mercury,Manonjaya,0,-7.3509472,108.2951187,21.0,Manonjaya
-7.3532951 108.2872303,Baik,PJU Konvensional,Tiang Tunggal,Mercury,Manonjaya,0,-7.3532951,108.2872303,21.0,Manonjaya
-7.3509438 108.2951127,Baik,PJU Solar Cell,Tiang Tunggal,LED,Manonjaya,0,-7.3509438,108.2951127,21.0,Manonjaya
-7.3501172 108.2963485,Baik,PJU Konvensional,Tiang Tunggal,Mercury,Manonjaya,0,-7.3501172,108.2963485,21.0,Manonjaya
-7.3504068 108.2957587,Rusak Ringan,PJU Konvensional,Tiang Tunggal,Mercury,Manonjaya,1,-7.3504068,108.2957587,21.0,Manonjaya
-7.3521143 108.2935727,Baik,PJU Konvensional,Tiang Tunggal,Mercury,Manonjaya,0,-7.3521143,108.2935727,21.0,Manonjaya
-7.3525293 108.2925317,Baik,PJU Konvensional,Tiang Tunggal,Mercury,Manonjaya,0,-7.3525293,108.2925317,21.0,Manonjaya
-7.3526327 108.2919631,Baik,PJU Konvensional,Tiang Tunggal,Mercury,Manonjaya,0,-7.3526327,108.2919631,21.0,Manonjaya
-7.3499403 108.3001656,Baik,PJU Solar Cell,Tiang Tunggal,LED,Manonjaya,0,-7.3499403,108.3001656,21.0,Manonjaya
-7.3522882 108.3100009,Rusak Ringan,PJU Konvensional,Tiang Tunggal,Mercury,Manonjaya,1,-7.3522882,108.3100009,21.0,Manonjaya
-7.3522882 108.3100009,Baik,PJU Konvensional,Tiang Tunggal,Mercury,Manonjaya,0,-7.3522882,108.3100009,21.0,Manonjaya
-7.3531910 108.3142284,Baik,PJU Konvensional,Tiang Tunggal,Mercury,Manonjaya,0,-7.353191,108.3142284,21.0,Manonjaya
-7.3511710 108.3087430,Baik,PJU Konvensional,Tiang Tunggal,Mercury,Manonjaya,0,-7.351171,108.308743,21.0,Manonjaya
-7.3513169 108.3095708,Baik,PJU Konvensional,Tiang Tunggal,Mercury,Manonjaya,0,-7.3513169,108.3095708,21.0,Manonjaya
-7.3522882 108.3100009,Baik,PJU Konvensional,Tiang Tunggal,Mercury,Manonjaya,0,-7.3522882,108.3100009,21.0,Manonjaya
-7.3519703 108.2971418,Baik,PJU Konvensional,Tiang Tunggal,Mercury,Manonjaya,0,-7.3519703,108.2971418,21.0,Manonjaya
-7.3508321 108.3072057,Baik,PJU Konvensional,Tiang Tunggal,Mercury,Manonjaya,0,-7.3508321,108.3072057,21.0,Manonjaya
-7.3507314 108.3065322,Baik,PJU Konvensional,Tiang Tunggal,Mercury,Manonjaya,0,-7.3507314,108.3065322,21.0,Manonjaya
-7.3505718 108.3059602,Baik,PJU Konvensional,Tiang Tunggal,Mercury,Manonjaya,0,-7.3505718,108.3059602,21.0,Manonjaya
-7.3504939 108.3054871,Baik,PJU Konvensional,Tiang Tunggal,Mercury,Manonjaya,0,-7.3504939,108.3054871,21.0,Manonjaya
-7.3504025 108.3049808,Rusak Ringan,PJU Konvensional,Tiang Tunggal,Mercury,Manonjaya,1,-7.3504025,108.3049808,21.0,Manonjaya
-7.3502552 108.3044129,Baik,PJU Konvensional,Tiang Tunggal,Mercury,Manonjaya,0,-7.3502552,108.3044129,21.0,Manonjaya
-7.3500869 108.3034449,Baik,PJU Konvensional,Tiang Tunggal,Mercury,Manonjaya,0,-7.3500869,108.3034449,21.0,Manonjaya
-7.3491436 108.2993130,Baik,PJU Konvensional,Tiang Tunggal,Mercury,Manonjaya,0,-7.3491436,108.299313,21.0,Manonjaya
-7.354980 108.286511,Rusak Ringan,PJU Solar Cell,Tiang Tunggal,LED,Manonjaya,1,-7.35498,108.286511,21.0,Manonjaya
-7.354947 108.287321,Baik,PJU Solar Cell,Tiang Tunggal,LED,Manonjaya,0,-7.354947,108.287321,21.0,Manonjaya
-7.353153 108.288366,Baik,PJU Konvensional,Tiang Tunggal,Mercury,Manonjaya,0,-7.353153,108.288366,21.0,Manonjaya
-7.359928 108.331184,Baik,PJU Konvensional,Tiang Tunggal,Mercury,Manonjaya,0,-7.359928,108.331184,21.0,Manonjaya
-7.359414 108.349834,Baik,PJU Konvensional,Tiang Tunggal,SON T,Manonjaya,0,-7.359414,108.349834,21.0,Manonjaya
-7.364360 108.366145,Baik,PJU Konvensional,Tiang Stang,SON T,Manonjaya,0,-7.36436,108.366145,21.0,Manonjaya
-7.363254 108.365937,Baik,PJU Solar Cell,Tiang Tunggal,LED,Manonjaya,0,-7.363254,108.365937,21.0,Manonjaya
-7.363909 108.361845,Baik,PJU Solar Cell,Tiang Stang,LED,Manonjaya,0,-7.363909,108.361845,21.0,Manonjaya
-7.360792 108.358271,Baik,PJU Konvensional,Tiang Tunggal,SON T,Manonjaya,0,-7.360792,108.358271,21.0,Manonjaya
-7.362579 108.355500,Baik,PJU Konvensional,Tiang Tunggal,SON T,Manonjaya,0,-7.362579,108.3555,21.0,Manonjaya
-7.3511304 108.3085220,Baik,PJU Konvensional,Tiang Tunggal,Mercury,Manonjaya,0,-7.3511304,108.308522,21.0,Manonjaya
-7.3509518 108.3077586,Baik,PJU Konvensional,Tiang Tunggal,Mercury,Manonjaya,0,-7.3509518,108.3077586,21.0,Manonjaya
-7.3799440 108.3233080,Baik,PJU Konvensional,Tiang Tunggal,Mercury,Manonjaya,0,-7.379944,108.323308,21.0,Manonjaya
-7.3781585 108.3252288,Rusak Ringan,PJU Konvensional,Tiang Stang,Mercury,Manonjaya,1,-7.3781585,108.3252288,21.0,Manonjaya
-7.3771284 108.3249650,Rusak Ringan,PJU Konvensional,Tiang Tunggal,LED,Manonjaya,1,-7.3771284,108.324965,21.0,Manonjaya
-7.3746686 108.3261817,Rusak Ringan,PJU Konvensional,Tiang Tunggal,Mercury,Manonjaya,1,-7.3746686,108.3261817,21.0,Manonjaya
-7.375804 108.313456,Baik,PJU Konvensional,Tiang Tunggal,Mercury,Manonjaya,0,-7.375804,108.313456,21.0,Manonjaya
-7.376057 108.315277,Baik,PJU Konvensional,Tiang Stang,LED,Manonjaya,0,-7.376057,108.315277,21.0,Manonjaya
-7.377472 108.313870,Baik,PJU Konvensional,Tiang Stang,LED,Manonjaya,0,-7.377472,108.31387,21.0,Manonjaya
-7.387486 108.314633,Baik,PJU Konvensional,Tiang Tunggal,LED,Manonjaya,0,-7.387486,108.314633,22.0,Gunung Tanjung
-7.392490 108.335098,Baik,PJU Konvensional,Tiang Stang,SON T,Manonjaya,0,-7.39249,108.335098,21.0,Manonjaya
-7.392767 108.331706,Baik,PJU Konvensional,Tiang Stang,SON T,Manonjaya,0,-7.392767,108.331706,21.0,Manonjaya
-7.404362 108.337181,Baik,PJU Konvensional,Tiang Tunggal,LED,Manonjaya,0,-7.404362,108.337181,21.0,Manonjaya
-7.361647 108.320930,Baik,PJU Konvensional,Tiang Tunggal,LED,Manonjaya,0,-7.361647,108.32093,21.0,Manonjaya
-7.385750 108.323234,Baik,PJU Konvensional,Tiang Tunggal,Mercury,Manonjaya,0,-7.38575,108.323234,21.0,Manonjaya
-7.386486 108.324219,Baik,PJU Konvensional,Tiang Stang,Mercury,Manonjaya,0,-7.386486,108.324219,21.0,Manonjaya
-7.376065 108.320818,Baik,PJU Konvensional,Tiang Tunggal,Mercury,Manonjaya,0,-7.376065,108.320818,21.0,Manonjaya
-7.3845990 108.2978157,Rusak Berat,PJU Konvensional,Tiang Stang,Mercury,Manonjaya,1,-7.384599,108.2978157,21.0,Manonjaya
-7.3774995 108.2949564,Baik,PJU Konvensional,Tiang Tunggal,Mercury,Manonjaya,0,-7.3774995,108.2949564,21.0,Manonjaya
-7.3596644 108.3198886,Rusak Ringan,PJU Konvensional,Tiang Stang,Mercury,Manonjaya,1,-7.3596644,108.3198886,21.0,Manonjaya
-7.3732099 108.2686959,Baik,PJU Konvensional,Tiang Tunggal,Mercury,Manonjaya,0,-7.3732099,108.2686959,21.0,Manonjaya
-7.3778326 108.2886023,Baik,PJU Konvensional,Tiang Tunggal,Mercury,Manonjaya,0,-7.3778326,108.2886023,21.0,Manonjaya
-7.3082796 108.1262888,Baik,PJU Konvensional,Tiang Stang,SON T,Padakembang,0,-7.3082796,108.1262888,28.0,Padakembang
-7.3083008 108.1257451,Rusak Ringan,PJU Konvensional,Tiang Stang,SON T,Padakembang,1,-7.3083008,108.1257451,28.0,Padakembang
-7.3084045 108.1244599,Baik,PJU Konvensional,Tiang Stang,SON T,Padakembang,0,-7.3084045,108.1244599,28.0,Padakembang
-7.309882 108.119174,Baik,PJU Konvensional,Tiang Stang,LED,Padakembang,0,-7.309882,108.119174,28.0,Padakembang
-7.306908 108.117830,Baik,PJU Konvensional,Tiang Tunggal,LED,Padakembang,0,-7.306908,108.11783,28.0,Padakembang
-7.304938 108.117294,Rusak Ringan,PJU Konvensional,Tiang Tunggal,SON T,Padakembang,1,-7.304938,108.117294,28.0,Padakembang
-7.3446990 108.1261470,Baik,PJU Konvensional,Tiang Tunggal,SON T,Padakembang,0,-7.344699,108.126147,28.0,Padakembang
-7.333171 108.123657,Baik,PJU Konvensional,Tiang Tunggal,SON T,Padakembang,0,-7.333171,108.123657,28.0,Padakembang
-7.343247 108.127346,Baik,PJU Konvensional,Tiang Tunggal,SON T,Padakembang,0,-7.343247,108.127346,28.0,Padakembang
-7.342832 108.125131,Baik,PJU Konvensional,Tiang Double Arm,LED,Padakembang,0,-7.342832,108.125131,28.0,Padakembang
-7.334402 108.124281,Baik,PJU Konvensional,Tiang Tunggal,LED,Padakembang,0,-7.334402,108.124281,28.0,Padakembang
-7.342181 108.127038,Baik,PJU Konvensional,Tiang Tunggal,SON T,Padakembang,0,-7.342181,108.127038,28.0,Padakembang
-7.343012 108.125295,Rusak Berat,PJU Konvensional,Tiang Stang,SON T,Padakembang,1,-7.343012,108.125295,28.0,Padakembang
-7.335069 108.125442,Baik,PJU Konvensional,Tiang Tunggal,LED,Padakembang,0,-7.335069,108.125442,28.0,Padakembang
-7.335584 108.125362,Rusak Berat,PJU Konvensional,Tiang Stang,Mercury,Padakembang,1,-7.335584,108.125362,28.0,Padakembang
-7.342884 108.126669,Baik,PJU Konvensional,Tiang Stang,LED,Padakembang,0,-7.342884,108.126669,28.0,Padakembang
-7.342944 108.125714,Baik,PJU Konvensional,Tiang Stang,LED,Padakembang,0,-7.342944,108.125714,28.0,Padakembang
-7.336124 108.126081,Baik,PJU Konvensional,Tiang Tunggal,Mercury,Padakembang,0,-7.336124,108.126081,28.0,Padakembang
-7.308850 108.121312,Baik,PJU Konvensional,Tiang Stang,LED,Padakembang,0,-7.30885,108.121312,28.0,Padakembang
-7.342827 108.125471,Baik,PJU Konvensional,Tiang Stang,LED,Padakembang,0,-7.342827,108.125471,28.0,Padakembang
-7.343418 108.126172,Baik,PJU Konvensional,Tiang Tunggal,LED,Padakembang,0,-7.343418,108.126172,28.0,Padakembang
-7.342447 108.121541,Baik,PJU Konvensional,Tiang Tunggal,SON T,Padakembang,0,-7.342447,108.121541,28.0,Padakembang
-7.342308 108.121594,Baik,PJU Konvensional,Tiang Stang,SON T,Padakembang,0,-7.342308,108.121594,28.0,Padakembang
-7.308839 108.119278,Baik,PJU Konvensional,Tiang Tunggal,SON T,Padakembang,0,-7.308839,108.119278,28.0,Padakembang
-7.308579 108.119209,Baik,PJU Konvensional,Tiang Tunggal,SON T,Padakembang,0,-7.308579,108.119209,28.0,Padakembang
-7.308142 108.119280,Baik,PJU Konvensional,Tiang Tunggal,SON T,Padakembang,0,-7.308142,108.11928,28.0,Padakembang
-7.298768 108.124805,Baik,PJU Konvensional,Tiang Tunggal,SON T,Padakembang,0,-7.298768,108.124805,28.0,Padakembang
-7.309874 108.118990,Baik,PJU Konvensional,Tiang Tunggal,SON T,Padakembang,0,-7.309874,108.11899,28.0,Padakembang
-7.299081 108.125370,Baik,PJU Konvensional,Tiang Tunggal,LED,Padakembang,0,-7.299081,108.12537,28.0,Padakembang
-7.309341 108.117808,Baik,PJU Konvensional,Tiang Tunggal,SON T,Padakembang,0,-7.309341,108.117808,28.0,Padakembang
-7.298271 108.125520,Baik,PJU Konvensional,Tiang Tunggal,SON T,Padakembang,0,-7.298271,108.12552,28.0,Padakembang
-7.297491 108.125778,Baik,PJU Konvensional,Tiang Tunggal,SON T,Padakembang,0,-7.297491,108.125778,28.0,Padakembang
-7.306648 108.119615,Baik,PJU Konvensional,Tiang Tunggal,SON T,Padakembang,0,-7.306648,108.119615,28.0,Padakembang
-7.297021 108.126066,Baik,PJU Konvensional,Tiang Tunggal,SON T,Padakembang,0,-7.297021,108.126066,28.0,Padakembang
-7.308142 108.119280,Baik,PJU Konvensional,Tiang Tunggal,SON T,Padakembang,0,-7.308142,108.11928,28.0,Padakembang
-7.306699 108.119575,Baik,PJU Konvensional,Tiang Tunggal,SON T,Padakembang,0,-7.306699,108.119575,28.0,Padakembang
-7.3343332 108.1242092,Baik,PJU Konvensional,Tiang Tunggal,Mercury,Padakembang,0,-7.3343332,108.1242092,28.0,Padakembang
-7.3332775 108.1229052,Baik,PJU Konvensional,Tiang Tunggal,LED,Padakembang,0,-7.3332775,108.1229052,27.0,Leuwisari
-7.3208563 108.1211959,Baik,PJU Konvensional,Tiang Tunggal,Mercury,Padakembang,0,-7.3208563,108.1211959,28.0,Padakembang
-7.3222586 108.122209,Baik,PJU Konvensional,Tiang Tunggal,Mercury,Padakembang,0,-7.3222586,108.122209,28.0,Padakembang
-7.3269811 108.1229625,Rusak Ringan,PJU Konvensional,Tiang Tunggal,Mercury,Padakembang,1,-7.3269811,108.1229625,28.0,Padakembang
-7.32411 108.1222119,Baik,PJU Konvensional,Tiang Tunggal,Mercury,Padakembang,0,-7.32411,108.1222119,28.0,Padakembang
-7.324821 108.1224097,Rusak Ringan,PJU Konvensional,Tiang Tunggal,Mercury,Padakembang,1,-7.324821,108.1224097,28.0,Padakembang
-7.3260933 108.1227154,Rusak Ringan,PJU Konvensional,Tiang Tunggal,Mercury,Padakembang,1,-7.3260933,108.1227154,28.0,Padakembang
-7.3285284 108.1242366,Baik,PJU Konvensional,Tiang Stang,SON T,Padakembang,0,-7.3285284,108.1242366,28.0,Padakembang
-7.3345754 108.1250402,Baik,PJU Konvensional,Tiang Tunggal,Mercury,Padakembang,0,-7.3345754,108.1250402,28.0,Padakembang
-7.3230239 108.1220348,Baik,PJU Konvensional,Tiang Tunggal,Mercury,Padakembang,0,-7.3230239,108.1220348,28.0,Padakembang
-7.3300395 108.1255727,Baik,PJU Konvensional,Tiang Stang,Mercury,Padakembang,0,-7.3300395,108.1255727,28.0,Padakembang
-7.328472 108.1246769,Baik,PJU Konvensional,Tiang Stang,Mercury,Padakembang,0,-7.328472,108.1246769,28.0,Padakembang
-7.3286906 108.1443896,Baik,PJU Konvensional,Tiang Tunggal,Mercury,Padakembang,0,-7.3286906,108.1443896,28.0,Padakembang
-7.3195072 108.1409543,Baik,PJU Konvensional,Tiang Tunggal,SON T,Padakembang,0,-7.3195072,108.1409543,28.0,Padakembang
-7.3178334 108.1432667,Rusak Ringan,PJU Konvensional,Tiang Tunggal,LED,Padakembang,1,-7.3178334,108.1432667,28.0,Padakembang
-7.3189059 108.1411673,Baik,PJU Konvensional,Tiang Tunggal,Mercury,Padakembang,0,-7.3189059,108.1411673,28.0,Padakembang
-7.3223093 108.1405385,Baik,PJU Konvensional,Tiang Stang,SON T,Padakembang,0,-7.3223093,108.1405385,28.0,Padakembang
-7.31273 108.1399697,Baik,PJU Konvensional,Tiang Tunggal,LED,Padakembang,0,-7.31273,108.1399697,28.0,Padakembang
-7.3153125 108.1420735,Baik,PJU Konvensional,Tiang Stang,LED,Padakembang,0,-7.3153125,108.1420735,28.0,Padakembang
-7.3397667 108.1273291,Baik,PJU Konvensional,Tiang Tunggal,SON T,Padakembang,0,-7.3397667,108.1273291,28.0,Padakembang
-7.3414370 108.1272386,Rusak Berat,PJU Konvensional,Tiang Tunggal,SON T,Padakembang,1,-7.341437,108.1272386,28.0,Padakembang
-7.3419022 108.1271869,Baik,PJU Konvensional,Tiang Tunggal,SON T,Padakembang,0,-7.3419022,108.1271869,28.0,Padakembang
-7.3383834 108.1268185,Baik,PJU Konvensional,Tiang Tunggal,SON T,Padakembang,0,-7.3383834,108.1268185,28.0,Padakembang
-7.3380445 108.1266532,Baik,PJU Konvensional,Tiang Tunggal,SON T,Padakembang,0,-7.3380445,108.1266532,28.0,Padakembang
-7.2988302 108.1249868,Baik,PJU Konvensional,Tiang Tunggal,SON T,Padakembang,0,-7.2988302,108.1249868,28.0,Padakembang
-7.2981661 108.1255012,Baik,PJU Konvensional,Tiang Tunggal,SON T,Padakembang,0,-7.2981661,108.1255012,28.0,Padakembang
-7.2973949 108.1257644,Baik,PJU Konvensional,Tiang Tunggal,SON T,Padakembang,0,-7.2973949,108.1257644,28.0,Padakembang
-7.2969362 108.1259826,Baik,PJU Konvensional,Tiang Tunggal,SON T,Padakembang,0,-7.2969362,108.1259826,28.0,Padakembang
-7.3049007 108.1207174,Baik,PJU Konvensional,Tiang Tunggal,SON T,Padakembang,0,-7.3049007,108.1207174,28.0,Padakembang
-7.3058358 108.1200479,Baik,PJU Konvensional,Tiang Tunggal,SON T,Padakembang,0,-7.3058358,108.1200479,28.0,Padakembang
-7.3044517 108.1209780,Baik,PJU Konvensional,Tiang Tunggal,SON T,Padakembang,0,-7.3044517,108.120978,28.0,Padakembang
-7.3034524 108.1214245,Baik,PJU Konvensional,Tiang Tunggal,SON T,Padakembang,0,-7.3034524,108.1214245,28.0,Padakembang
-7.3025445 108.1217887,Baik,PJU Konvensional,Tiang Tunggal,SON T,Padakembang,0,-7.3025445,108.1217887,28.0,Padakembang
-7.3019080 108.1220746,Baik,PJU Konvensional,Tiang Tunggal,SON T,Padakembang,0,-7.301908,108.1220746,28.0,Padakembang
-7.3010660 108.1226949,Baik,PJU Konvensional,Tiang Tunggal,SON T,Padakembang,0,-7.301066,108.1226949,28.0,Padakembang
-7.3002921 108.1235277,Baik,PJU Konvensional,Tiang Tunggal,SON T,Padakembang,0,-7.3002921,108.1235277,28.0,Padakembang
-7.3103835 108.1166710,Rusak Ringan,PJU Konvensional,Tiang Tunggal,LED,Padakembang,1,-7.3103835,108.116671,28.0,Padakembang
-7.3092006 108.1164551,Baik,PJU Konvensional,Tiang Tunggal,SON T,Padakembang,0,-7.3092006,108.1164551,28.0,Padakembang
-7.3131340 108.1173077,Baik,PJU Konvensional,Tiang Tunggal,LED,Padakembang,0,-7.313134,108.1173077,28.0,Padakembang
-7.3147193 108.1177707,Baik,PJU Konvensional,Tiang Tunggal,SON T,Padakembang,0,-7.3147193,108.1177707,28.0,Padakembang
-7.3152467 108.1181482,Baik,PJU Konvensional,Tiang Tunggal,SON T,Padakembang,0,-7.3152467,108.1181482,28.0,Padakembang
-7.3110150 108.1168215,Baik,PJU Konvensional,Tiang Tunggal,SON T,Padakembang,0,-7.311015,108.1168215,28.0,Padakembang
-7.3152846 108.1112006,Baik,PJU Konvensional,Tiang Tunggal,LED,Padakembang,0,-7.3152846,108.1112006,27.0,Leuwisari
-7.319142 108.120806,Baik,PJU Konvensional,Tiang Tunggal,SON T,Padakembang,0,-7.319142,108.120806,28.0,Padakembang
-7.299391 108.1240414,Rusak Berat,PJU Konvensional,Tiang Stang,Mercury,Padakembang,1,-7.299391,108.1240414,28.0,Padakembang
-7.3004839 108.1233254,Baik,PJU Konvensional,Tiang Tunggal,SON T,Padakembang,0,-7.3004839,108.1233254,28.0,Padakembang
-7.3069223 108.1152477,Rusak Ringan,PJU Konvensional,Tiang Tunggal,SON T,Padakembang,1,-7.3069223,108.1152477,28.0,Padakembang
-7.2979319 108.1223264,Baik,PJU Konvensional,Tiang Tunggal,LED,Padakembang,0,-7.2979319,108.1223264,28.0,Padakembang
-7.3099941 108.1191373,Baik,PJU Konvensional,Tiang Tunggal,SON T,Padakembang,0,-7.3099941,108.1191373,28.0,Padakembang
-7.3094976 108.1192070,Baik,PJU Konvensional,Tiang Tunggal,SON T,Padakembang,0,-7.3094976,108.119207,28.0,Padakembang
-7.2966537 108.1211513,Baik,PJU Konvensional,Tiang Tunggal,LED,Padakembang,0,-7.2966537,108.1211513,28.0,Padakembang
-7.3090799 108.1192748,Baik,PJU Konvensional,Tiang Tunggal,SON T,Padakembang,0,-7.3090799,108.1192748,28.0,Padakembang
-7.3084583 108.1193086,Baik,PJU Konvensional,Tiang Tunggal,SON T,Padakembang,0,-7.3084583,108.1193086,28.0,Padakembang
-7.2944687 108.1191862,Rusak Ringan,PJU Konvensional,Tiang Tunggal,LED,Padakembang,1,-7.2944687,108.1191862,28.0,Padakembang
-7.3079625 108.1193478,Baik,PJU Konvensional,Tiang Tunggal,SON T,Padakembang,0,-7.3079625,108.1193478,28.0,Padakembang
-7.2957722 108.1174825,Baik,PJU Konvensional,Tiang Tunggal,SON T,Padakembang,0,-7.2957722,108.1174825,28.0,Padakembang
-7.3074321 108.1194068,Baik,PJU Konvensional,Tiang Tunggal,SON T,Padakembang,0,-7.3074321,108.1194068,28.0,Padakembang
-7.3066256 108.1195805,Baik,PJU Konvensional,Tiang Tunggal,SON T,Padakembang,0,-7.3066256,108.1195805,28.0,Padakembang
-7.2646594 108.0889508,Baik,PJU Konvensional,Tiang Tunggal,SON T,Padakembang,0,-7.2646594,108.0889508,30.0,Sukaratu
-7.3073453 108.1180232,Baik,PJU Konvensional,Tiang Tunggal,SON T,Padakembang,0,-7.3073453,108.1180232,28.0,Padakembang
-7.2784107 108.1078481,Baik,PJU Konvensional,Tiang Tunggal,SON T,Padakembang,0,-7.2784107,108.1078481,30.0,Sukaratu
-7.3034714 108.1156390,Baik,PJU Konvensional,Tiang Tunggal,LED,Padakembang,0,-7.3034714,108.115639,28.0,Padakembang
-7.2800424 108.104528,Baik,PJU Konvensional,Tiang Tunggal,LED,Padakembang,0,-7.2800424,108.104528,28.0,Padakembang
-7.3044467 108.1164068,Baik,PJU Konvensional,Tiang Tunggal,SON T,Padakembang,0,-7.3044467,108.1164068,28.0,Padakembang
-7.3093176 108.1177717,Baik,PJU Konvensional,Tiang Stang,SON T,Padakembang,0,-7.3093176,108.1177717,28.0,Padakembang
-7.3127423 108.1190012,Baik,PJU Konvensional,Tiang Tunggal,SON T,Padakembang,0,-7.3127423,108.1190012,28.0,Padakembang
-7.3141542 108.1198484,Baik,PJU Konvensional,Tiang Tunggal,SON T,Padakembang,0,-7.3141542,108.1198484,28.0,Padakembang
-7.3078192 108.118028,Baik,PJU Konvensional,Tiang Tunggal,SON T,Padakembang,0,-7.3078192,108.118028,28.0,Padakembang
-7.3039128 108.1157145,Rusak Ringan,PJU Konvensional,Tiang Tunggal,SON T,Padakembang,1,-7.3039128,108.1157145,28.0,Padakembang
-7.3037992 108.1157369,Baik,PJU Konvensional,Tiang Tunggal,LED,Padakembang,0,-7.3037992,108.1157369,28.0,Padakembang
-7.3270719 108.1332544,Baik,PJU Konvensional,Tiang Tunggal,LED,Padakembang,0,-7.3270719,108.1332544,28.0,Padakembang
-7.2972783 108.111647,Baik,PJU Konvensional,Tiang Tunggal,LED,Padakembang,0,-7.2972783,108.111647,28.0,Padakembang
-7.2956322 108.1106208,Baik,PJU Konvensional,Tiang Tunggal,SON T,Padakembang,0,-7.2956322,108.1106208,28.0,Padakembang
-7.3301016 108.1283433,Baik,PJU Konvensional,Tiang Tunggal,LED,Padakembang,0,-7.3301016,108.1283433,28.0,Padakembang
-7.327289 108.138853,Baik,PJU Konvensional,Tiang Stang,LED,Padakembang,0,-7.327289,108.138853,28.0,Padakembang
-7.3289674 108.1282182,Baik,PJU Konvensional,Tiang Stang,SON T,Padakembang,0,-7.3289674,108.1282182,28.0,Padakembang
-7.3326236 108.1300941,Rusak Ringan,PJU Konvensional,Tiang Tunggal,LED,Padakembang,1,-7.3326236,108.1300941,28.0,Padakembang
-7.2961281 108.1103305,Baik,PJU Konvensional,Tiang Tunggal,LED,Padakembang,0,-7.2961281,108.1103305,28.0,Padakembang
-7.3320293 108.1294678,Rusak Ringan,PJU Konvensional,Tiang Tunggal,LED,Padakembang,1,-7.3320293,108.1294678,28.0,Padakembang
-7.2943399 108.1064247,Baik,PJU Konvensional,Tiang Tunggal,SON T,Padakembang,0,-7.2943399,108.1064247,28.0,Padakembang
-7.2949613 108.1062338,Baik,PJU Konvensional,Tiang Tunggal,LED,Padakembang,0,-7.2949613,108.1062338,28.0,Padakembang
-7.3069963 108.1152097,Rusak Ringan,PJU Konvensional,Tiang Tunggal,SON T,Padakembang,1,-7.3069963,108.1152097,28.0,Padakembang
-7.307794 108.134185,Baik,PJU Konvensional,Tiang Tunggal,SON T,Padakembang,0,-7.307794,108.134185,28.0,Padakembang
-7.314531 108.129632,Baik,PJU Konvensional,Tiang Tunggal,SON T,Padakembang,0,-7.314531,108.129632,28.0,Padakembang
-7.316439 108.117477,Baik,PJU Konvensional,Tiang Tunggal,SON T,Padakembang,0,-7.316439,108.117477,28.0,Padakembang
-7.3382936 108.1262609,Baik,PJU Konvensional,Tiang Stang,Mercury,Padakembang,0,-7.3382936,108.1262609,28.0,Padakembang
-7.3377546 108.1256950,Baik,PJU Konvensional,Tiang Stang,Mercury,Padakembang,0,-7.3377546,108.125695,28.0,Padakembang
-7.3381692 108.1252836,Baik,PJU Konvensional,Tiang Stang,Mercury,Padakembang,0,-7.3381692,108.1252836,28.0,Padakembang
-7.3387139 108.1254210,Rusak Ringan,PJU Konvensional,Tiang Stang,Mercury,Padakembang,1,-7.3387139,108.125421,28.0,Padakembang
-7.3387335 108.1244645,Baik,PJU Konvensional,Tiang Stang,Mercury,Padakembang,0,-7.3387335,108.1244645,28.0,Padakembang
-7.3380798 108.1247579,Baik,PJU Konvensional,Tiang Stang,Mercury,Padakembang,0,-7.3380798,108.1247579,28.0,Padakembang
-7.3092295 108.1165117,Baik,PJU Konvensional,Tiang Stang,SON T,Padakembang,0,-7.3092295,108.1165117,28.0,Padakembang
-7.3111866 108.1168111,Baik,PJU Konvensional,Tiang Tunggal,SON T,Padakembang,0,-7.3111866,108.1168111,28.0,Padakembang
-7.3144289 108.1175960,Baik,PJU Konvensional,Tiang Stang,SON T,Padakembang,0,-7.3144289,108.117596,28.0,Padakembang
-7.3153198 108.1182243,Baik,PJU Konvensional,Tiang Stang,SON T,Padakembang,0,-7.3153198,108.1182243,28.0,Padakembang
-7.3157794 108.1197280,Baik,PJU Konvensional,Tiang Tunggal,SON T,Padakembang,0,-7.3157794,108.119728,28.0,Padakembang
-7.2953689 108.1037729,Rusak Ringan,PJU Konvensional,Tiang Tunggal,SON T,Padakembang,1,-7.2953689,108.1037729,28.0,Padakembang
-7.2896471 108.1010666,Baik,PJU Konvensional,Tiang Tunggal,LED,Padakembang,0,-7.2896471,108.1010666,28.0,Padakembang
-7.3044763 108.1080457,Rusak Ringan,PJU Konvensional,Tiang Tunggal,LED,Padakembang,1,-7.3044763,108.1080457,28.0,Padakembang
-7.3057218 108.1119084,Baik,PJU Konvensional,Tiang Tunggal,SON T,Padakembang,0,-7.3057218,108.1119084,28.0,Padakembang
-7.2996247 108.1064132,Rusak Ringan,PJU Konvensional,Tiang Stang,SON T,Padakembang,1,-7.2996247,108.1064132,28.0,Padakembang
-7.3191754 108.1206611,Baik,PJU Konvensional,Tiang Tunggal,SON T,Padakembang,0,-7.3191754,108.1206611,28.0,Padakembang
-7.3208165 108.1211637,Baik,PJU Konvensional,Tiang Tunggal,SON T,Padakembang,0,-7.3208165,108.1211637,28.0,Padakembang
-7.3218533 108.1218088,Rusak Ringan,PJU Konvensional,Tiang Tunggal,SON T,Padakembang,1,-7.3218533,108.1218088,28.0,Padakembang
-7.3423514 108.1215003,Baik,PJU Konvensional,Tiang Tunggal,SON T,Padakembang,0,-7.3423514,108.1215003,28.0,Padakembang
-7.3395565 108.1213779,Baik,PJU Konvensional,Tiang Tunggal,SON T,Padakembang,0,-7.3395565,108.1213779,28.0,Padakembang
-7.3368185 108.1214041,Baik,PJU Konvensional,Tiang Stang,SON T,Padakembang,0,-7.3368185,108.1214041,28.0,Padakembang
-7.3368185 108.1214041,Baik,PJU Konvensional,Tiang Tunggal,SON T,Padakembang,0,-7.3368185,108.1214041,28.0,Padakembang
-7.344130 108.121291,Baik,PJU Konvensional,Tiang Stang,SON T,Padakembang,0,-7.34413,108.121291,28.0,Padakembang
-7.336896 108.121405,Baik,PJU Konvensional,Tiang Tunggal,SON T,Padakembang,0,-7.336896,108.121405,28.0,Padakembang
-7.341908 108.126923,Baik,PJU Konvensional,Tiang Tunggal,SON T,Padakembang,0,-7.341908,108.126923,28.0,Padakembang
-7.3332497 108.1238436,Rusak Berat,PJU Konvensional,Tiang Stang,SON T,Padakembang,1,-7.3332497,108.1238436,28.0,Padakembang
-7.3195920 108.1404702,Baik,PJU Konvensional,Tiang Tunggal,LED,Padakembang,0,-7.319592,108.1404702,28.0,Padakembang
-7.3189117 108.1411529,Baik,PJU Konvensional,Tiang Tunggal,SON T,Padakembang,0,-7.3189117,108.1411529,28.0,Padakembang
-7.3268790 108.1389015,Baik,PJU Konvensional,Tiang Tunggal,SON T,Padakembang,0,-7.326879,108.1389015,28.0,Padakembang
-7.1139671 108.1720402,Rusak Ringan,PJU Konvensional,Tiang Stang,SON T,Pagerageung,1,-7.1139671,108.1720402,37.0,Pagerageung
-7.11328 108.16291,Rusak Berat,PJU Konvensional,Tiang Stang,SON T,Ciawi,1,-7.11328,108.16291,37.0,Pagerageung
-7.11179 108.16416,Baik,PJU Konvensional,Tiang Stang,Mercury,Pagerageung,0,-7.11179,108.16416,37.0,Pagerageung
-7.11411 108.16190,Baik,PJU Konvensional,Tiang Stang,Mercury,Pagerageung,0,-7.11411,108.1619,37.0,Pagerageung
-7.14212 108.16036,Baik,PJU Konvensional,Tiang Tunggal,SON T,Pagerageung,0,-7.14212,108.16036,37.0,Pagerageung
-7.1281434 108.1682130,Baik,PJU Solar Cell,Tiang Tunggal,LED,Pagerageung,0,-7.1281434,108.168213,37.0,Pagerageung
-7.0978467 108.1808690,Baik,PJU Solar Cell,Tiang Tunggal,LED,Pagerageung,0,-7.0978467,108.180869,37.0,Pagerageung
-7.0788598 108.1839317,Baik,PJU Solar Cell,Tiang Tunggal,LED,Pagerageung,0,-7.0788598,108.1839317,37.0,Pagerageung
-7.0823287 108.1827164,Baik,PJU Solar Cell,Tiang Tunggal,LED,Pagerageung,0,-7.0823287,108.1827164,37.0,Pagerageung
-7.1160325 108.1605372,Baik,PJU Konvensional,Tiang Tunggal,Mercury,Pagerageung,0,-7.1160325,108.1605372,37.0,Pagerageung
-7.1393963 108.1773751,Baik,PJU Solar Cell,Tiang Tunggal,LED,Pagerageung,0,-7.1393963,108.1773751,38.0,Sukaresik
-7.1373879 108.1802548,Baik,PJU Solar Cell,Tiang Tunggal,LED,Pagerageung,0,-7.1373879,108.1802548,37.0,Pagerageung
-7.1403291 108.1805827,Baik,PJU Konvensional,Tiang Tunggal,Mercury,Pagerageung,0,-7.1403291,108.1805827,38.0,Sukaresik
-7.1410500 108.1823472,Baik,PJU Solar Cell,Tiang Tunggal,LED,Pagerageung,0,-7.14105,108.1823472,38.0,Sukaresik
-7.1413777 108.2026351,Rusak Berat,PJU Solar Cell,Tiang Tunggal,LED,Pagerageung,1,-7.1413777,108.2026351,38.0,Sukaresik
-7.1223460 108.2024457,Baik,PJU Konvensional,Tiang Tunggal,Mercury,Pagerageung,0,-7.122346,108.2024457,37.0,Pagerageung
-7.1126124 108.1599994,Baik,PJU Solar Cell,Tiang Tunggal,LED,Pagerageung,0,-7.1126124,108.1599994,37.0,Pagerageung
-7.362997 108.101845,Baik,PJU Konvensional,Tiang Tunggal,SON T,Mangunreja,0,-7.362997,108.101845,23.0,Singaparna
-7.362606 108.101826,Baik,PJU Konvensional,Tiang Stang,SON T,Mangunreja,0,-7.362606,108.101826,23.0,Singaparna
-7.362019 108.098835,Baik,PJU Solar Cell,Tiang Tunggal,LED,Mangunreja,0,-7.362019,108.098835,23.0,Singaparna
-7.365588 108.099365,Baik,PJU Konvensional,Tiang Stang,SON T,Mangunreja,0,-7.365588,108.099365,24.0,Mangunreja
-7.367275 108.101791,Baik,PJU Konvensional,Tiang Stang,SON T,Mangunreja,0,-7.367275,108.101791,24.0,Mangunreja
-7.372162 108.084080,Baik,PJU Konvensional,Tiang Stang,SON T,Mangunreja,0,-7.372162,108.08408,24.0,Mangunreja
-7.372237 108.083137,Baik,PJU Konvensional,Tiang Tunggal,SON T,Mangunreja,0,-7.372237,108.083137,24.0,Mangunreja
-7.370567 108.096608,Baik,PJU Solar Cell,Tiang Tunggal,LED,Mangunreja,0,-7.370567,108.096608,24.0,Mangunreja
-7.370540 108.097445,Baik,PJU Solar Cell,Tiang Tunggal,LED,Mangunreja,0,-7.37054,108.097445,24.0,Mangunreja
-7.370566 108.089530,Baik,PJU Konvensional,Tiang Tunggal,SON T,Mangunreja,0,-7.370566,108.08953,24.0,Mangunreja
-7.370691 108.089290,Baik,PJU Konvensional,Tiang Tunggal,SON T,Mangunreja,0,-7.370691,108.08929,24.0,Mangunreja
-7.3655373 108.1019028,Baik,PJU Konvensional,Tiang Tunggal,SON T,Mangunreja,0,-7.3655373,108.1019028,24.0,Mangunreja
-7.3656011 108.1018505,Baik,PJU Konvensional,Tiang Stang,SON T,Mangunreja,0,-7.3656011,108.1018505,24.0,Mangunreja
-7.3655196 108.1014890,Baik,PJU Konvensional,Tiang Tunggal,SON T,Mangunreja,0,-7.3655196,108.101489,24.0,Mangunreja
-7.3655130 108.1014756,Baik,PJU Konvensional,Tiang Tunggal,SON T,Mangunreja,0,-7.365513,108.1014756,24.0,Mangunreja
-7.3658827 108.1021311,Baik,PJU Konvensional,Tiang Stang,SON T,Mangunreja,0,-7.3658827,108.1021311,24.0,Mangunreja
-7.3648456 108.1017713,Baik,PJU Konvensional,Tiang Stang,SON T,Mangunreja,0,-7.3648456,108.1017713,24.0,Mangunreja
-7.375349 108.119675,Baik,PJU Konvensional,Tiang Stang,SON T,Mangunreja,0,-7.375349,108.119675,24.0,Mangunreja
-7.377404 108.106456,Baik,PJU Konvensional,Tiang Stang,SON T,Mangunreja,0,-7.377404,108.106456,24.0,Mangunreja
-7.376187 108.106673,Baik,PJU Konvensional,Tiang Stang,SON T,Mangunreja,0,-7.376187,108.106673,24.0,Mangunreja
-7.376437 108.106663,Baik,PJU Konvensional,Tiang Stang,SON T,Mangunreja,0,-7.376437,108.106663,24.0,Mangunreja
-7.376930 108.106569,Baik,PJU Konvensional,Tiang Stang,SON T,Mangunreja,0,-7.37693,108.106569,24.0,Mangunreja
-7.377066 108.105763,Baik,PJU Solar Cell,Tiang Stang,LED,Mangunreja,0,-7.377066,108.105763,24.0,Mangunreja
-7.377514 108.105797,Baik,PJU Konvensional,Tiang Stang,SON T,Mangunreja,0,-7.377514,108.105797,24.0,Mangunreja
-7.377862 108.106343,Baik,PJU Konvensional,Tiang Stang,SON T,Mangunreja,0,-7.377862,108.106343,24.0,Mangunreja
-7.377054 108.099804,Baik,PJU Konvensional,Tiang Tunggal,SON T,Mangunreja,0,-7.377054,108.099804,24.0,Mangunreja
-7.375272 108.100027,Baik,PJU Solar Cell,Tiang Tunggal,LED,Mangunreja,0,-7.375272,108.100027,24.0,Mangunreja
-7.377255 108.100806,Baik,PJU Konvensional,Tiang Tunggal,SON T,Mangunreja,0,-7.377255,108.100806,24.0,Mangunreja
-7.376980 108.098021,Rusak Berat,PJU Konvensional,Tiang Tunggal,Mercury,Mangunreja,1,-7.37698,108.098021,24.0,Mangunreja
-7.3907502 108.0870981,Baik,PJU Solar Cell,Tiang Tunggal,LED,Mangunreja,0,-7.3907502,108.0870981,24.0,Mangunreja
-7.376916 108.097467,Baik,PJU Konvensional,Tiang Stang,SON T,Mangunreja,0,-7.376916,108.097467,24.0,Mangunreja
-7.376481 108.095773,Baik,PJU Konvensional,Tiang Stang,SON T,Mangunreja,0,-7.376481,108.095773,24.0,Mangunreja
-7.376144 108.094318,Rusak Berat,PJU Konvensional,Tiang Stang,Mercury,Mangunreja,1,-7.376144,108.094318,24.0,Mangunreja
-7.380512 108.095164,Baik,PJU Konvensional,Tiang Stang,SON T,Mangunreja,0,-7.380512,108.095164,24.0,Mangunreja
-7.379764 108.093161,Baik,PJU Konvensional,Tiang Tunggal,SON T,Mangunreja,0,-7.379764,108.093161,24.0,Mangunreja
-7.379527 108.092853,Baik,PJU Konvensional,Tiang Tunggal,SON T,Mangunreja,0,-7.379527,108.092853,24.0,Mangunreja
-7.379327 108.092407,Baik,PJU Konvensional,Tiang Tunggal,SON T,Mangunreja,0,-7.379327,108.092407,24.0,Mangunreja
-7.378765 108.092155,Baik,PJU Konvensional,Tiang Tunggal,SON T,Mangunreja,0,-7.378765,108.092155,24.0,Mangunreja
-7.3706095 108.0966651,Baik,PJU Solar Cell,Tiang Tunggal,LED,Mangunreja,0,-7.3706095,108.0966651,24.0,Mangunreja
-7.372498 108.120089,Baik,PJU Solar Cell,Tiang Tunggal,LED,Mangunreja,0,-7.372498,108.120089,24.0,Mangunreja
-7.3705219 108.0974818,Baik,PJU Solar Cell,Tiang Tunggal,LED,Mangunreja,0,-7.3705219,108.0974818,24.0,Mangunreja
-7.371097 108.120703,Baik,PJU Solar Cell,Tiang Tunggal,LED,Mangunreja,0,-7.371097,108.120703,24.0,Mangunreja
-7.372289 108.118987,Baik,PJU Konvensional,Tiang Tunggal,SON T,Mangunreja,0,-7.372289,108.118987,24.0,Mangunreja
-7.371730 108.118406,Rusak Berat,PJU Konvensional,Tiang Tunggal,Mercury,Mangunreja,1,-7.37173,108.118406,24.0,Mangunreja
-7.373313 108.119702,Baik,PJU Konvensional,Tiang Tunggal,SON T,Mangunreja,0,-7.373313,108.119702,24.0,Mangunreja
-7.374019 108.119662,Baik,PJU Konvensional,Tiang Tunggal,SON T,Mangunreja,0,-7.374019,108.119662,24.0,Mangunreja
-7.3795697 108.0933791,Baik,PJU Konvensional,Tiang Tunggal,SON T,Mangunreja,0,-7.3795697,108.0933791,24.0,Mangunreja
-7.374385 108.119666,Rusak Berat,PJU Konvensional,Tiang Tunggal,Mercury,Mangunreja,1,-7.374385,108.119666,24.0,Mangunreja
-7.3795393 108.0927766,Baik,PJU Konvensional,Tiang Tunggal,SON T,Mangunreja,0,-7.3795393,108.0927766,24.0,Mangunreja
-7.3795268 108.0927755,Baik,PJU Konvensional,Tiang Tunggal,SON T,Mangunreja,0,-7.3795268,108.0927755,24.0,Mangunreja
-7.3766715 108.0934873,Baik,PJU Konvensional,Tiang Tunggal,SON T,Mangunreja,0,-7.3766715,108.0934873,24.0,Mangunreja
-7.376449 108.0940796,Baik,PJU Konvensional,Tiang Tunggal,SON T,Mangunreja,0,-7.376449,108.0940796,24.0,Mangunreja
-7.3719939 108.0948792,Baik,PJU Konvensional,Tiang Tunggal,SON T,Mangunreja,0,-7.3719939,108.0948792,24.0,Mangunreja
-7.370597 108.0887806,Baik,PJU Konvensional,Tiang Tunggal,SON T,Mangunreja,0,-7.370597,108.0887806,24.0,Mangunreja
-7.3705851 108.088762,Baik,PJU Konvensional,Tiang Tunggal,SON T,Mangunreja,0,-7.3705851,108.088762,24.0,Mangunreja
-7.3682064 108.1004373,Baik,PJU Solar Cell,Tiang Tunggal,LED,Mangunreja,0,-7.3682064,108.1004373,24.0,Mangunreja
-7.372280 108.083495,Baik,PJU Konvensional,Tiang Tunggal,SON T,Mangunreja,0,-7.37228,108.083495,24.0,Mangunreja
-7.372124 108.084189,Baik,PJU Konvensional,Tiang Stang,SON T,Mangunreja,0,-7.372124,108.084189,24.0,Mangunreja
-7.372124 108.084189,Baik,PJU Konvensional,Tiang Tunggal,SON T,Mangunreja,0,-7.372124,108.084189,24.0,Mangunreja
-7.373160 108.075181,Baik,PJU Konvensional,Tiang Stang,SON T,Mangunreja,0,-7.37316,108.075181,24.0,Mangunreja
-7.373372 108.074374,Baik,PJU Konvensional,Tiang Stang,SON T,Mangunreja,0,-7.373372,108.074374,24.0,Mangunreja
-7.373581 108.073879,Baik,PJU Konvensional,Tiang Stang,SON T,Mangunreja,0,-7.373581,108.073879,24.0,Mangunreja
-7.372111 108.067782,Baik,PJU Konvensional,Tiang Stang,SON T,Mangunreja,0,-7.372111,108.067782,24.0,Mangunreja
-7.374031 108.064282,Baik,PJU Konvensional,Tiang Stang,SON T,Mangunreja,0,-7.374031,108.064282,24.0,Mangunreja
-7.375029 108.063088,Baik,PJU Konvensional,Tiang Tunggal,SON T,Mangunreja,0,-7.375029,108.063088,24.0,Mangunreja
-7.375283 108.061879,Baik,PJU Konvensional,Tiang Stang,SON T,Mangunreja,0,-7.375283,108.061879,24.0,Mangunreja
-7.380099 108.071113,Baik,PJU Konvensional,Tiang Tunggal,SON T,Mangunreja,0,-7.380099,108.071113,24.0,Mangunreja
-7.380103 108.073451,Baik,PJU Konvensional,Tiang Tunggal,SON T,Mangunreja,0,-7.380103,108.073451,24.0,Mangunreja
-7.379573 108.074511,Baik,PJU Konvensional,Tiang Tunggal,SON T,Mangunreja,0,-7.379573,108.074511,24.0,Mangunreja
-7.381723 108.078576,Baik,PJU Solar Cell,Tiang Tunggal,LED,Mangunreja,0,-7.381723,108.078576,24.0,Mangunreja
-7.386483 108.080311,Baik,PJU Solar Cell,Tiang Tunggal,LED,Mangunreja,0,-7.386483,108.080311,24.0,Mangunreja
-7.375812 108.058726,Baik,PJU Konvensional,Tiang Tunggal,SON T,Mangunreja,0,-7.375812,108.058726,24.0,Mangunreja
-7.374838 108.053662,Baik,PJU Konvensional,Tiang Stang,SON T,Mangunreja,0,-7.374838,108.053662,24.0,Mangunreja
-7.374110 108.053503,Baik,PJU Konvensional,Tiang Stang,SON T,Mangunreja,0,-7.37411,108.053503,24.0,Mangunreja
-7.381511 108.054681,Baik,PJU Solar Cell,Tiang Tunggal,LED,Mangunreja,0,-7.381511,108.054681,24.0,Mangunreja
-7.382137 108.057283,Baik,PJU Konvensional,Tiang Tunggal,SON T,Mangunreja,0,-7.382137,108.057283,24.0,Mangunreja
-7.367639 108.115352,Baik,PJU Konvensional,Tiang Tunggal,SON T,Mangunreja,0,-7.367639,108.115352,24.0,Mangunreja
-7.367826 108.115591,Baik,PJU Konvensional,Tiang Tunggal,SON T,Mangunreja,0,-7.367826,108.115591,24.0,Mangunreja
-7.368000 108.115198,Rusak Berat,PJU Konvensional,Tiang Tunggal,SON T,Mangunreja,1,-7.368,108.115198,24.0,Mangunreja
-7.370867 108.111498,Baik,PJU Konvensional,Tiang Tunggal,SON T,Mangunreja,0,-7.370867,108.111498,24.0,Mangunreja
-7.373052 108.114173,Baik,PJU Konvensional,Tiang Tunggal,SON T,Mangunreja,0,-7.373052,108.114173,24.0,Mangunreja
-7.367673 108.112076,Baik,PJU Konvensional,Tiang Tunggal,LED,Mangunreja,0,-7.367673,108.112076,24.0,Mangunreja
-7.367504 108.111011,Baik,PJU Solar Cell,Tiang Tunggal,LED,Mangunreja,0,-7.367504,108.111011,24.0,Mangunreja
-7.367367 108.109254,Baik,PJU Konvensional,Tiang Tunggal,Mercury,Mangunreja,0,-7.367367,108.109254,24.0,Mangunreja
-7.368115 108.105271,Baik,PJU Solar Cell,Tiang Tunggal,LED,Mangunreja,0,-7.368115,108.105271,24.0,Mangunreja
-7.365437 108.099021,Baik,PJU Konvensional,Tiang Tunggal,SON T,Mangunreja,0,-7.365437,108.099021,24.0,Mangunreja
-7.362885 108.101686,Baik,PJU Solar Cell,Tiang Tunggal,LED,Mangunreja,0,-7.362885,108.101686,23.0,Singaparna
-7.365369 108.101842,Baik,PJU Solar Cell,Tiang Tunggal,LED,Mangunreja,0,-7.365369,108.101842,24.0,Mangunreja
-7.369755 108.117057,Baik,PJU Solar Cell,Tiang Tunggal,LED,Mangunreja,0,-7.369755,108.117057,24.0,Mangunreja
-7.3996691 108.0529840,Baik,PJU Konvensional,Tiang Tunggal,Mercury,Mangunreja,0,-7.3996691,108.052984,24.0,Mangunreja
-7.374409 108.079980,Baik,PJU Solar Cell,Tiang Tunggal,LED,Mangunreja,0,-7.374409,108.07998,24.0,Mangunreja
-7.374371 108.079796,Rusak Berat,PJU Konvensional,Tiang Tunggal,Mercury,Mangunreja,1,-7.374371,108.079796,24.0,Mangunreja
-7.374371 108.079796,Rusak Berat,PJU Konvensional,Tiang Tunggal,Mercury,Mangunreja,1,-7.374371,108.079796,24.0,Mangunreja
-7.374133 108.080099,Rusak Berat,PJU Konvensional,Tiang Tunggal,Mercury,Mangunreja,1,-7.374133,108.080099,24.0,Mangunreja
-7.373504 108.080223,Baik,PJU Solar Cell,Tiang Stang,LED,Mangunreja,0,-7.373504,108.080223,24.0,Mangunreja
-7.372432 108.076718,Baik,PJU Konvensional,Tiang Stang,SON T,Mangunreja,0,-7.372432,108.076718,24.0,Mangunreja
-7.3969041 108.0544538,Baik,PJU Konvensional,Tiang Stang,SON T,Mangunreja,0,-7.3969041,108.0544538,24.0,Mangunreja
-7.372858 108.076000,Baik,PJU Konvensional,Tiang Stang,SON T,Mangunreja,0,-7.372858,108.076,24.0,Mangunreja
-7.373307 108.072622,Baik,PJU Konvensional,Tiang Stang,SON T,Mangunreja,0,-7.373307,108.072622,24.0,Mangunreja
-7.397506 108.05618,Baik,PJU Solar Cell,Tiang Tunggal,LED,Mangunreja,0,-7.397506,108.05618,24.0,Mangunreja
-7.368768 108.070929,Baik,PJU Solar Cell,Tiang Tunggal,LED,Mangunreja,0,-7.368768,108.070929,24.0,Mangunreja
-7.369995 108.070170,Baik,PJU Konvensional,Tiang Tunggal,SON T,Mangunreja,0,-7.369995,108.07017,24.0,Mangunreja
-7.3650964 108.1027872,Baik,PJU Solar Cell,Tiang Tunggal,LED,Mangunreja,0,-7.3650964,108.1027872,24.0,Mangunreja
-7.3655293 108.1043385,Baik,PJU Konvensional,Tiang Tunggal,Mercury,Mangunreja,0,-7.3655293,108.1043385,24.0,Mangunreja
-7.3656317 108.1025569,Baik,PJU Konvensional,Tiang Stang,Mercury,Mangunreja,0,-7.3656317,108.1025569,24.0,Mangunreja
-7.3654548 108.0990097,Baik,PJU Konvensional,Tiang Tunggal,Mercury,Mangunreja,0,-7.3654548,108.0990097,24.0,Mangunreja
-7.3652533 108.0984849,Baik,PJU Konvensional,Tiang Tunggal,Mercury,Mangunreja,0,-7.3652533,108.0984849,24.0,Mangunreja
-7.3649544 108.0996960,Baik,PJU Konvensional,Tiang Tunggal,Mercury,Mangunreja,0,-7.3649544,108.099696,24.0,Mangunreja
-7.3649873 108.1016275,Baik,PJU Konvensional,Tiang Tunggal,Mercury,Mangunreja,0,-7.3649873,108.1016275,24.0,Mangunreja
-7.3673551 108.1017653,Baik,PJU Solar Cell,Tiang Stang,LED,Mangunreja,0,-7.3673551,108.1017653,24.0,Mangunreja
-7.3678110 108.1011417,Baik,PJU Konvensional,Tiang Stang,Mercury,Mangunreja,0,-7.367811,108.1011417,24.0,Mangunreja
-7.3683692 108.0997922,Baik,PJU Konvensional,Tiang Stang,Mercury,Mangunreja,0,-7.3683692,108.0997922,24.0,Mangunreja
-7.3684105 108.0996933,Baik,PJU Konvensional,Tiang Tunggal,Mercury,Mangunreja,0,-7.3684105,108.0996933,24.0,Mangunreja
-7.3687470 108.0988769,Baik,PJU Konvensional,Tiang Stang,Mercury,Mangunreja,0,-7.368747,108.0988769,24.0,Mangunreja
-7.3696787 108.0971941,Baik,PJU Konvensional,Tiang Stang,Mercury,Mangunreja,0,-7.3696787,108.0971941,24.0,Mangunreja
-7.3722805 108.0796461,Rusak Berat,PJU Konvensional,Tiang Tunggal,Mercury,Mangunreja,1,-7.3722805,108.0796461,24.0,Mangunreja
-7.3724537 108.0810161,Rusak Berat,PJU Konvensional,Tiang Stang,Mercury,Mangunreja,1,-7.3724537,108.0810161,24.0,Mangunreja
-7.3724537 108.0810161,Rusak Berat,PJU Konvensional,Tiang Stang,Mercury,Mangunreja,1,-7.3724537,108.0810161,24.0,Mangunreja
-7.3724537 108.0810161,Rusak Berat,PJU Konvensional,Tiang Stang,Mercury,Mangunreja,1,-7.3724537,108.0810161,24.0,Mangunreja
-7.3721259 108.0842421,Baik,PJU Konvensional,Tiang Tunggal,Mercury,Mangunreja,0,-7.3721259,108.0842421,24.0,Mangunreja
-7.3721259 108.0842421,Baik,PJU Konvensional,Tiang Stang,Mercury,Mangunreja,0,-7.3721259,108.0842421,24.0,Mangunreja
-7.370927 108.088675,Baik,PJU Konvensional,Tiang Tunggal,SON T,Mangunreja,0,-7.370927,108.088675,24.0,Mangunreja
-7.371357 108.086843,Baik,PJU Konvensional,Tiang Stang,SON T,Mangunreja,0,-7.371357,108.086843,24.0,Mangunreja
-7.371823 108.085125,Baik,PJU Konvensional,Tiang Tunggal,SON T,Mangunreja,0,-7.371823,108.085125,24.0,Mangunreja
-7.372082 108.084307,Baik,PJU Konvensional,Tiang Tunggal,SON T,Mangunreja,0,-7.372082,108.084307,24.0,Mangunreja
-7.372053 108.084515,Baik,PJU Solar Cell,Tiang Tunggal,LED,Mangunreja,0,-7.372053,108.084515,24.0,Mangunreja
-7.373316 108.069143,Baik,PJU Konvensional,Tiang Stang,SON T,Mangunreja,0,-7.373316,108.069143,24.0,Mangunreja
-7.372785 108.068565,Baik,PJU Konvensional,Tiang Tunggal,SON T,Mangunreja,0,-7.372785,108.068565,24.0,Mangunreja
-7.375615 108.057996,Baik,PJU Konvensional,Tiang Tunggal,SON T,Mangunreja,0,-7.375615,108.057996,24.0,Mangunreja
-7.375535 108.061282,Rusak Berat,PJU Konvensional,Tiang Tunggal,Mercury,Mangunreja,1,-7.375535,108.061282,24.0,Mangunreja
-7.3716202 108.1113354,Baik,PJU Konvensional,Tiang Tunggal,Mercury,Mangunreja,0,-7.3716202,108.1113354,24.0,Mangunreja
-7.3768810 108.0975163,Baik,PJU Konvensional,Tiang Tunggal,Mercury,Mangunreja,0,-7.376881,108.0975163,24.0,Mangunreja
-7.3768032 108.0989248,Baik,PJU Konvensional,Tiang Tunggal,Mercury,Mangunreja,0,-7.3768032,108.0989248,24.0,Mangunreja
-7.3763201 108.0991190,Baik,PJU Konvensional,Tiang Tunggal,Mercury,Mangunreja,0,-7.3763201,108.099119,24.0,Mangunreja
-7.3764930 108.0984541,Baik,PJU Konvensional,Tiang Tunggal,Mercury,Mangunreja,0,-7.376493,108.0984541,24.0,Mangunreja
-7.3767610 108.0985064,Baik,PJU Konvensional,Tiang Tunggal,SON T,Mangunreja,0,-7.376761,108.0985064,24.0,Mangunreja
-7.3770809 108.0998002,Baik,PJU Konvensional,Tiang Tunggal,Mercury,Mangunreja,0,-7.3770809,108.0998002,24.0,Mangunreja
-7.3770809 108.0998002,Baik,PJU Konvensional,Tiang Tunggal,LED,Mangunreja,0,-7.3770809,108.0998002,24.0,Mangunreja
-7.3673873 108.1093117,Baik,PJU Konvensional,Tiang Tunggal,Mercury,Mangunreja,0,-7.3673873,108.1093117,24.0,Mangunreja
-7.3652965 108.0986053,Baik,PJU Konvensional,Tiang Stang,Mercury,Mangunreja,0,-7.3652965,108.0986053,24.0,Mangunreja
-7.3662828 108.0962859,Baik,PJU Konvensional,Tiang Tunggal,Mercury,Mangunreja,0,-7.3662828,108.0962859,24.0,Mangunreja
-7.3684424 108.0994311,Baik,PJU Konvensional,Tiang Tunggal,Mercury,Mangunreja,0,-7.3684424,108.0994311,24.0,Mangunreja
-7.3650072 108.0997154,Baik,PJU Konvensional,Tiang Tunggal,Mercury,Mangunreja,0,-7.3650072,108.0997154,24.0,Mangunreja
-7.3628579 108.1016751,Baik,PJU Konvensional,Tiang Tunggal,LED,Mangunreja,0,-7.3628579,108.1016751,23.0,Singaparna
-7.376826 108.097386,Baik,PJU Konvensional,Tiang Stang,SON T,Mangunreja,0,-7.376826,108.097386,24.0,Mangunreja
-7.376354 108.098391,Baik,PJU Konvensional,Tiang Stang,SON T,Mangunreja,0,-7.376354,108.098391,24.0,Mangunreja
-7.376216 108.098969,Baik,PJU Konvensional,Tiang Tunggal,LED,Mangunreja,0,-7.376216,108.098969,24.0,Mangunreja
-7.376216 108.098969,Baik,PJU Solar Cell,Tiang Tunggal,LED,Mangunreja,0,-7.376216,108.098969,24.0,Mangunreja
-7.376639 108.096552,Baik,PJU Konvensional,Tiang Tunggal,Mercury,Mangunreja,0,-7.376639,108.096552,24.0,Mangunreja
-7.372965 108.114155,Baik,PJU Konvensional,Tiang Tunggal,SON T,Mangunreja,0,-7.372965,108.114155,24.0,Mangunreja
-7.367471 108.115309,Baik,PJU Konvensional,Tiang Tunggal,SON T,Mangunreja,0,-7.367471,108.115309,24.0,Mangunreja
-7.366883 108.115438,Rusak Berat,PJU Konvensional,Tiang Tunggal,SON T,Mangunreja,1,-7.366883,108.115438,24.0,Mangunreja
-7.375780 108.058469,Baik,PJU Konvensional,Tiang Tunggal,SON T,Mangunreja,0,-7.37578,108.058469,24.0,Mangunreja
-7.373759 108.054253,Baik,PJU Konvensional,Tiang Tunggal,SON T,Mangunreja,0,-7.373759,108.054253,24.0,Mangunreja
-7.3707610 108.0481352,Baik,PJU Konvensional,Tiang Tunggal,SON T,Mangunreja,0,-7.370761,108.0481352,13.0,Salawu
-7.3709724 108.0525696,Baik,PJU Konvensional,Tiang Tunggal,SON T,Mangunreja,0,-7.3709724,108.0525696,13.0,Salawu
-7.3651725 108.1028285,Baik,PJU Konvensional,Tiang Tunggal,SON T,Mangunreja,0,-7.3651725,108.1028285,24.0,Mangunreja
-7.3734902 108.0705373,Baik,PJU Konvensional,Tiang Tunggal,SON T,Mangunreja,0,-7.3734902,108.0705373,24.0,Mangunreja
-7.3725558 108.0663806,Baik,PJU Konvensional,Tiang Stang,SON T,Mangunreja,0,-7.3725558,108.0663806,24.0,Mangunreja
-7.377042 108.117599,Baik,PJU Konvensional,Tiang Tunggal,SON T,Mangunreja,0,-7.377042,108.117599,24.0,Mangunreja
-7.377034 108.117596,Baik,PJU Konvensional,Tiang Tunggal,SON T,Mangunreja,0,-7.377034,108.117596,24.0,Mangunreja
-7.374110 108.119662,Baik,PJU Konvensional,Tiang Tunggal,SON T,Mangunreja,0,-7.37411,108.119662,24.0,Mangunreja
-7.366237 108.093202,Baik,PJU Konvensional,Tiang Tunggal,SON T,Mangunreja,0,-7.366237,108.093202,24.0,Mangunreja
-7.365598 108.093627,Baik,PJU Konvensional,Tiang Tunggal,SON T,Mangunreja,0,-7.365598,108.093627,24.0,Mangunreja
-7.365012 108.101487,Baik,PJU Konvensional,Tiang Tunggal,SON T,Mangunreja,0,-7.365012,108.101487,24.0,Mangunreja
-7.3818027 108.0787057,Baik,PJU Konvensional,Tiang Tunggal,LED,Mangunreja,0,-7.3818027,108.0787057,24.0,Mangunreja
-7.366281 108.096225,Baik,PJU Konvensional,Tiang Stang,SON T,Mangunreja,0,-7.366281,108.096225,24.0,Mangunreja
-7.385068 108.092933,Rusak Berat,PJU Konvensional,Tiang Tunggal,Mercury,Mangunreja,1,-7.385068,108.092933,24.0,Mangunreja
-7.385068 108.092933,Rusak Berat,PJU Konvensional,Tiang Tunggal,Mercury,Mangunreja,1,-7.385068,108.092933,24.0,Mangunreja
-7.373327 108.119670,Baik,PJU Konvensional,Tiang Tunggal,SON T,Mangunreja,0,-7.373327,108.11967,24.0,Mangunreja
-7.3772488 108.1008654,Baik,PJU Konvensional,Tiang Tunggal,Mercury,Mangunreja,0,-7.3772488,108.1008654,24.0,Mangunreja
-7.3765395 108.0958420,Baik,PJU Konvensional,Tiang Tunggal,Mercury,Mangunreja,0,-7.3765395,108.095842,24.0,Mangunreja
-7.3767666 108.0984337,Baik,PJU Konvensional,Tiang Tunggal,Mercury,Mangunreja,0,-7.3767666,108.0984337,24.0,Mangunreja
-7.3762935 108.0949632,Baik,PJU Konvensional,Tiang Tunggal,Mercury,Mangunreja,0,-7.3762935,108.0949632,24.0,Mangunreja
-7.3728970 108.0910636,Baik,PJU Konvensional,Tiang Tunggal,Mercury,Mangunreja,0,-7.372897,108.0910636,24.0,Mangunreja
-7.3723756 108.0666086,Baik,PJU Konvensional,Tiang Tunggal,Mercury,Mangunreja,0,-7.3723756,108.0666086,24.0,Mangunreja
-7.3799330 108.0521816,Baik,PJU Konvensional,Tiang Tunggal,Mercury,Mangunreja,0,-7.379933,108.0521816,24.0,Mangunreja
-7.3840613 108.0617343,Baik,PJU Konvensional,Tiang Tunggal,Mercury,Mangunreja,0,-7.3840613,108.0617343,24.0,Mangunreja
-7.3849863 108.0672644,Baik,PJU Solar Cell,Tiang Tunggal,LED,Mangunreja,0,-7.3849863,108.0672644,24.0,Mangunreja
-7.3681518 108.0994133,Baik,PJU Konvensional,Tiang Tunggal,Mercury,Mangunreja,0,-7.3681518,108.0994133,24.0,Mangunreja
-7.3677258 108.1120908,Baik,PJU Konvensional,Tiang Tunggal,SON T,Mangunreja,0,-7.3677258,108.1120908,24.0,Mangunreja
-7.3717631 108.1203949,Baik,PJU Konvensional,Tiang Tunggal,Mercury,Mangunreja,0,-7.3717631,108.1203949,24.0,Mangunreja
-7.3732727 108.1198038,Baik,PJU Konvensional,Tiang Tunggal,Mercury,Mangunreja,0,-7.3732727,108.1198038,24.0,Mangunreja
-7.3997516 108.0451221,Baik,PJU Solar Cell,Tiang Tunggal,LED,Puspahiang,0,-7.3997516,108.0451221,13.0,Salawu
-7.407726 108.0504502,Baik,PJU Konvensional,Tiang Tunggal,SON T,Puspahiang,0,-7.407726,108.0504502,14.0,Puspahiang
-7.4069654 108.0501394,Baik,PJU Konvensional,Tiang Tunggal,SON T,Puspahiang,0,-7.4069654,108.0501394,14.0,Puspahiang
-7.4568735 107.9716907,Baik,PJU Solar Cell,Tiang Tunggal,LED,Puspahiang,0,-7.4568735,107.9716907,12.0,Taraju
-7.4052678 108.08732,Baik,PJU Solar Cell,Tiang Tunggal,LED,Puspahiang,0,-7.4052678,108.08732,14.0,Puspahiang
-7.499162 108.061990,Baik,PJU Solar Cell,Tiang Tunggal,LED,Puspahiang,0,-7.499162,108.06199,11.0,Sodonghilir
-7.4035826 108.0741301,Baik,PJU Solar Cell,Tiang Tunggal,LED,Puspahiang,0,-7.4035826,108.0741301,14.0,Puspahiang
-7.4178256 108.0493717,Baik,PJU Konvensional,Tiang Tunggal,SON T,Puspahiang,0,-7.4178256,108.0493717,14.0,Puspahiang
-7.4192489 108.0501378,Baik,PJU Konvensional,Tiang Tunggal,SON T,Puspahiang,0,-7.4192489,108.0501378,14.0,Puspahiang
-7.442305 108.058371,Baik,PJU Solar Cell,Tiang Tunggal,LED,Puspahiang,0,-7.442305,108.058371,14.0,Puspahiang
-7.4173010 108.0492118,Baik,PJU Konvensional,Tiang Tunggal,SON T,Puspahiang,0,-7.417301,108.0492118,14.0,Puspahiang
-7.4189005 108.0481493,Baik,PJU Konvensional,Tiang Tunggal,SON T,Puspahiang,0,-7.4189005,108.0481493,14.0,Puspahiang
-7.4165732 108.0702027,Baik,PJU Konvensional,Tiang Tunggal,SON T,Puspahiang,0,-7.4165732,108.0702027,14.0,Puspahiang
-7.4175407 108.0689032,Baik,PJU Solar Cell,Tiang Tunggal,LED,Puspahiang,0,-7.4175407,108.0689032,14.0,Puspahiang
-7.431647 108.082963,Baik,PJU Solar Cell,Tiang Tunggal,LED,Puspahiang,0,-7.431647,108.082963,14.0,Puspahiang
-7.4170134 108.0708807,Baik,PJU Solar Cell,Tiang Tunggal,LED,Puspahiang,0,-7.4170134,108.0708807,14.0,Puspahiang
-7.4162341 108.0701363,Baik,PJU Konvensional,Tiang Tunggal,SON T,Puspahiang,0,-7.4162341,108.0701363,14.0,Puspahiang
-7.432933 108.082248,Baik,PJU Solar Cell,Tiang Tunggal,LED,Puspahiang,0,-7.432933,108.082248,14.0,Puspahiang
-7.431869 108.084471,Baik,PJU Konvensional,Tiang Tunggal,SON T,Puspahiang,0,-7.431869,108.084471,14.0,Puspahiang
-7.432907 108.085511,Baik,PJU Konvensional,Tiang Tunggal,SON T,Puspahiang,0,-7.432907,108.085511,14.0,Puspahiang
-7.4185019 108.0811307,Baik,PJU Konvensional,Tiang Tunggal,SON T,Puspahiang,0,-7.4185019,108.0811307,14.0,Puspahiang
-7.429601 108.086183,Baik,PJU Konvensional,Tiang Tunggal,SON T,Puspahiang,0,-7.429601,108.086183,14.0,Puspahiang
-7.4190418 108.0810905,Baik,PJU Konvensional,Tiang Tunggal,SON T,Puspahiang,0,-7.4190418,108.0810905,14.0,Puspahiang
-7.406869 108.050150,Baik,PJU Konvensional,Tiang Tunggal,SON T,Puspahiang,0,-7.406869,108.05015,14.0,Puspahiang
-7.433498 108.085954,Baik,PJU Konvensional,Tiang Tunggal,Mercury,Puspahiang,0,-7.433498,108.085954,14.0,Puspahiang
-7.4177395 108.0722432,Baik,PJU Solar Cell,Tiang Tunggal,LED,Puspahiang,0,-7.4177395,108.0722432,14.0,Puspahiang
-7.4184407 108.0616525,Baik,PJU Konvensional,Tiang Tunggal,LED,Puspahiang,0,-7.4184407,108.0616525,14.0,Puspahiang
-7.414527 108.049219,Baik,PJU Konvensional,Tiang Stang,SON T,Puspahiang,0,-7.414527,108.049219,14.0,Puspahiang
-7.413699 108.049437,Baik,PJU Solar Cell,Tiang Tunggal,LED,Puspahiang,0,-7.413699,108.049437,14.0,Puspahiang
-7.417018 108.047027,Baik,PJU Konvensional,Tiang Tunggal,SON T,Puspahiang,0,-7.417018,108.047027,14.0,Puspahiang
-7.417112 108.047329,Baik,PJU Solar Cell,Tiang Tunggal,LED,Puspahiang,0,-7.417112,108.047329,14.0,Puspahiang
-7.4227342 108.0651521,Baik,PJU Konvensional,Tiang Tunggal,SON T,Puspahiang,0,-7.4227342,108.0651521,14.0,Puspahiang
-7.434782 108.088905,Baik,PJU Solar Cell,Tiang Tunggal,LED,Puspahiang,0,-7.434782,108.088905,14.0,Puspahiang
-7.4269778 108.0729480,Baik,PJU Solar Cell,Tiang Tunggal,LED,Puspahiang,0,-7.4269778,108.072948,14.0,Puspahiang
-7.413560 108.043434,Baik,PJU Solar Cell,Tiang Tunggal,LED,Puspahiang,0,-7.41356,108.043434,14.0,Puspahiang
-7.418682 108.033793,Baik,PJU Konvensional,Tiang Tunggal,SON T,Puspahiang,0,-7.418682,108.033793,14.0,Puspahiang
-7.414390 108.022174,Baik,PJU Solar Cell,Tiang Tunggal,LED,Puspahiang,0,-7.41439,108.022174,14.0,Puspahiang
-7.4087744 108.0704190,Baik,PJU Solar Cell,Tiang Tunggal,LED,Puspahiang,0,-7.4087744,108.070419,14.0,Puspahiang
-7.412679 108.016944,Rusak Berat,PJU Konvensional,Tiang Tunggal,Mercury,Puspahiang,1,-7.412679,108.016944,14.0,Puspahiang
-7.4081413 108.0700696,Baik,PJU Konvensional,Tiang Tunggal,SON T,Puspahiang,0,-7.4081413,108.0700696,14.0,Puspahiang
-7.409357 108.012901,Baik,PJU Solar Cell,Tiang Tunggal,LED,Puspahiang,0,-7.409357,108.012901,14.0,Puspahiang
-7.409136 108.008107,Rusak Berat,PJU Konvensional,Tiang Tunggal,Mercury,Puspahiang,1,-7.409136,108.008107,14.0,Puspahiang
-7.4239637 108.0531958,Baik,PJU Solar Cell,Tiang Tunggal,LED,Puspahiang,0,-7.4239637,108.0531958,14.0,Puspahiang
-7.407110 108.004594,Baik,PJU Konvensional,Tiang Tunggal,SON T,Puspahiang,0,-7.40711,108.004594,14.0,Puspahiang
-7.406199 108.002507,Baik,PJU Konvensional,Tiang Tunggal,SON T,Puspahiang,0,-7.406199,108.002507,14.0,Puspahiang
-7.4198284 108.0497807,Baik,PJU Konvensional,Tiang Tunggal,SON T,Puspahiang,0,-7.4198284,108.0497807,14.0,Puspahiang
-7.405465 108.001326,Baik,PJU Konvensional,Tiang Tunggal,LED,Puspahiang,0,-7.405465,108.001326,14.0,Puspahiang
-7.4236990 108.0495021,Baik,PJU Konvensional,Tiang Tunggal,SON T,Puspahiang,0,-7.423699,108.0495021,14.0,Puspahiang
-7.405883 108.000405,Baik,PJU Konvensional,Tiang Tunggal,SON T,Puspahiang,0,-7.405883,108.000405,14.0,Puspahiang
-7.4300956 108.0487400,Baik,PJU Konvensional,Tiang Tunggal,SON T,Puspahiang,0,-7.4300956,108.04874,14.0,Puspahiang
-7.4185138 108.0487578,Baik,PJU Konvensional,Tiang Tunggal,SON T,Puspahiang,0,-7.4185138,108.0487578,14.0,Puspahiang
-7.414947 108.027471,Baik,PJU Solar Cell,Tiang Tunggal,LED,Puspahiang,0,-7.414947,108.027471,14.0,Puspahiang
-7.404027 108.060376,Baik,PJU Solar Cell,Tiang Tunggal,LED,Puspahiang,0,-7.404027,108.060376,14.0,Puspahiang
-7.418515 108.081116,Baik,PJU Konvensional,Tiang Tunggal,SON T,Puspahiang,0,-7.418515,108.081116,14.0,Puspahiang
-7.418459 108.081576,Baik,PJU Solar Cell,Tiang Tunggal,LED,Puspahiang,0,-7.418459,108.081576,14.0,Puspahiang
-7.431695 108.061964,Baik,PJU Solar Cell,Tiang Tunggal,LED,Puspahiang,0,-7.431695,108.061964,14.0,Puspahiang
-7.432209 108.063598,Baik,PJU Konvensional,Tiang Tunggal,SON T,Puspahiang,0,-7.432209,108.063598,14.0,Puspahiang
-7.429523 108.060111,Baik,PJU Konvensional,Tiang Stang,SON T,Puspahiang,0,-7.429523,108.060111,14.0,Puspahiang
-7.428846 108.059196,Baik,PJU Konvensional,Tiang Tunggal,Mercury,Puspahiang,0,-7.428846,108.059196,14.0,Puspahiang
-7.424806 108.054381,Baik,PJU Konvensional,Tiang Tunggal,SON T,Puspahiang,0,-7.424806,108.054381,14.0,Puspahiang
-7.4147636 108.0273803,Baik,PJU Solar Cell,Tiang Tunggal,LED,Puspahiang,0,-7.4147636,108.0273803,14.0,Puspahiang
-7.4160466 108.0288934,Baik,PJU Solar Cell,Tiang Tunggal,LED,Puspahiang,0,-7.4160466,108.0288934,14.0,Puspahiang
-7.4018112 107.9935948,Baik,PJU Konvensional,Tiang Tunggal,Mercury,Puspahiang,0,-7.4018112,107.9935948,14.0,Puspahiang
-7.4094131 107.9884534,Baik,PJU Konvensional,Tiang Tunggal,SON T,Puspahiang,0,-7.4094131,107.9884534,14.0,Puspahiang
-7.4101259 107.9870251,Baik,PJU Solar Cell,Tiang Tunggal,LED,Puspahiang,0,-7.4101259,107.9870251,14.0,Puspahiang
-7.4095025 107.9905887,Baik,PJU Solar Cell,Tiang Tunggal,LED,Puspahiang,0,-7.4095025,107.9905887,14.0,Puspahiang
-7.4061441 107.9898873,Baik,PJU Solar Cell,Tiang Tunggal,LED,Puspahiang,0,-7.4061441,107.9898873,14.0,Puspahiang
-7.4068573 107.9886441,Baik,PJU Konvensional,Tiang Stang,Mercury,Puspahiang,0,-7.4068573,107.9886441,14.0,Puspahiang
-7.3931683 107.9876138,Baik,PJU Konvensional,Tiang Tunggal,Mercury,Puspahiang,0,-7.3931683,107.9876138,14.0,Puspahiang
-7.3940790 107.9893274,Baik,PJU Konvensional,Tiang Tunggal,Mercury,Puspahiang,0,-7.394079,107.9893274,14.0,Puspahiang
-7.3942625 107.9902082,Baik,PJU Solar Cell,Tiang Tunggal,LED,Puspahiang,0,-7.3942625,107.9902082,14.0,Puspahiang
-7.419567 108.053019,Rusak Berat,PJU Konvensional,Tiang Tunggal,SON T,Puspahiang,1,-7.419567,108.053019,14.0,Puspahiang
-7.418074 108.049509,Rusak Berat,PJU Konvensional,Tiang Tunggal,SON T,Puspahiang,1,-7.418074,108.049509,14.0,Puspahiang
-7.433260 108.047138,Baik,PJU Solar Cell,Tiang Tunggal,LED,Puspahiang,0,-7.43326,108.047138,14.0,Puspahiang
-7.433274 108.046904,Baik,PJU Solar Cell,Tiang Tunggal,LED,Puspahiang,0,-7.433274,108.046904,14.0,Puspahiang
-7.440418 108.049981,Baik,PJU Solar Cell,Tiang Tunggal,LED,Puspahiang,0,-7.440418,108.049981,14.0,Puspahiang
-7.435030 108.044446,Rusak Berat,PJU Konvensional,Tiang Tunggal,SON T,Puspahiang,1,-7.43503,108.044446,14.0,Puspahiang
-7.4185115 108.0487481,Baik,PJU Konvensional,Tiang Tunggal,Mercury,Puspahiang,0,-7.4185115,108.0487481,14.0,Puspahiang
-7.4137223 108.0494391,Baik,PJU Solar Cell,Tiang Tunggal,LED,Puspahiang,0,-7.4137223,108.0494391,14.0,Puspahiang
-7.4372724 108.0755353,Baik,PJU Konvensional,Tiang Tunggal,Mercury,Puspahiang,0,-7.4372724,108.0755353,14.0,Puspahiang
-7.4327470 108.0854404,Rusak Berat,PJU Konvensional,Tiang Tunggal,Mercury,Puspahiang,1,-7.432747,108.0854404,14.0,Puspahiang
-7.4347464 108.0889443,Baik,PJU Solar Cell,Tiang Tunggal,LED,Puspahiang,0,-7.4347464,108.0889443,14.0,Puspahiang
-7.4370230 108.0879294,Baik,PJU Konvensional,Tiang Stang,Mercury,Puspahiang,0,-7.437023,108.0879294,14.0,Puspahiang
-7.4316808 108.0833010,Baik,PJU Konvensional,Tiang Tunggal,Mercury,Puspahiang,0,-7.4316808,108.083301,14.0,Puspahiang
-7.4491309 108.0636548,Rusak Berat,PJU Konvensional,Tiang Tunggal,SON T,Puspahiang,1,-7.4491309,108.0636548,14.0,Puspahiang
-7.4404759 108.0500818,Baik,PJU Konvensional,Tiang Tunggal,LED,Puspahiang,0,-7.4404759,108.0500818,14.0,Puspahiang
-7.4176830 108.0434752,Baik,PJU Konvensional,Tiang Tunggal,Mercury,Puspahiang,0,-7.417683,108.0434752,14.0,Puspahiang
-7.4184337 108.0405818,Baik,PJU Konvensional,Tiang Tunggal,Mercury,Puspahiang,0,-7.4184337,108.0405818,14.0,Puspahiang
-7.4317695 108.0834173,Baik,PJU Konvensional,Tiang Tunggal,Mercury,Puspahiang,0,-7.4317695,108.0834173,14.0,Puspahiang
-7.4331243 108.0823116,Baik,PJU Solar Cell,Tiang Tunggal,LED,Puspahiang,0,-7.4331243,108.0823116,14.0,Puspahiang
-7.4171943 108.0454744,Baik,PJU Konvensional,Tiang Tunggal,Mercury,Puspahiang,0,-7.4171943,108.0454744,14.0,Puspahiang
-7.2133702 108.1876372,Baik,PJU Konvensional,Tiang Tunggal,SON T,Rajapolah,0,-7.2133702,108.1876372,33.0,Rajapolah
-7.218184 108.182163,Baik,PJU Konvensional,Tiang Tunggal,SON T,Rajapolah,0,-7.218184,108.182163,33.0,Rajapolah
-7.2147623 108.1744022,Baik,PJU Solar Cell,Tiang Tunggal,LED,Rajapolah,0,-7.2147623,108.1744022,33.0,Rajapolah
-7.2147832 108.1718997,Baik,PJU Konvensional,Tiang Tunggal,SON T,Rajapolah,0,-7.2147832,108.1718997,33.0,Rajapolah
-7.2133579 108.1640070,Baik,PJU Konvensional,Tiang Tunggal,SON T,Rajapolah,0,-7.2133579,108.164007,33.0,Rajapolah
-7.2222030 108.1976908,Baik,PJU Solar Cell,Tiang Tunggal,LED,Rajapolah,0,-7.222203,108.1976908,33.0,Rajapolah
-7.2214153 108.1966112,Baik,PJU Konvensional,Tiang Tunggal,SON T,Rajapolah,0,-7.2214153,108.1966112,33.0,Rajapolah
-7.2278634 108.1954626,Baik,PJU Konvensional,Tiang Stang,SON T,Rajapolah,0,-7.2278634,108.1954626,33.0,Rajapolah
-7.2265363 108.1944111,Baik,PJU Konvensional,Tiang Stang,SON T,Rajapolah,0,-7.2265363,108.1944111,33.0,Rajapolah
-7.2247697 108.1940544,Baik,PJU Solar Cell,Tiang Tunggal,LED,Rajapolah,0,-7.2247697,108.1940544,33.0,Rajapolah
-7.2195683 108.1919465,Baik,PJU Solar Cell,Tiang Tunggal,LED,Rajapolah,0,-7.2195683,108.1919465,33.0,Rajapolah
-7.2198776 108.1930358,Baik,PJU Konvensional,Tiang Stang,SON T,Rajapolah,0,-7.2198776,108.1930358,33.0,Rajapolah
-7.2195969 108.1921031,Baik,PJU Konvensional,Tiang Stang,SON T,Rajapolah,0,-7.2195969,108.1921031,33.0,Rajapolah
-7.2211043 108.1953972,Rusak Ringan,PJU Solar Cell,Tiang Stang,LED,Rajapolah,1,-7.2211043,108.1953972,33.0,Rajapolah
-7.2205698 108.1940081,Baik,PJU Konvensional,Tiang Stang,SON T,Rajapolah,0,-7.2205698,108.1940081,33.0,Rajapolah
-7.2200027 108.1904019,Baik,PJU Solar Cell,Tiang Tunggal,LED,Rajapolah,0,-7.2200027,108.1904019,33.0,Rajapolah
-7.2200572 108.1901558,Baik,PJU Solar Cell,Tiang Tunggal,LED,Rajapolah,0,-7.2200572,108.1901558,33.0,Rajapolah
-7.2200572 108.1901558,Baik,PJU Konvensional,Tiang Stang,SON T,Rajapolah,0,-7.2200572,108.1901558,33.0,Rajapolah
-7.2193634 108.1903912,Rusak Ringan,PJU Konvensional,Tiang Stang,SON T,Rajapolah,1,-7.2193634,108.1903912,33.0,Rajapolah
-7.2197755 108.1903831,Baik,PJU Konvensional,Tiang Stang,SON T,Rajapolah,0,-7.2197755,108.1903831,33.0,Rajapolah
-7.2215587 108.1902966,Baik,PJU Konvensional,Tiang Stang,SON T,Rajapolah,0,-7.2215587,108.1902966,33.0,Rajapolah
-7.2223287 108.1859622,Baik,PJU Konvensional,Tiang Stang,SON T,Rajapolah,0,-7.2223287,108.1859622,33.0,Rajapolah
-7.2132478 108.1875983,Baik,PJU Konvensional,Tiang Tunggal,SON T,Rajapolah,0,-7.2132478,108.1875983,33.0,Rajapolah
-7.2117510 108.1890876,Baik,PJU Konvensional,Tiang Tunggal,SON T,Rajapolah,0,-7.211751,108.1890876,33.0,Rajapolah
-7.2122450 108.1892838,Baik,PJU Konvensional,Tiang Tunggal,SON T,Rajapolah,0,-7.212245,108.1892838,33.0,Rajapolah
-7.2118974 108.1888640,Rusak Berat,PJU Konvensional,Tiang Tunggal,SON T,Rajapolah,1,-7.2118974,108.188864,33.0,Rajapolah
-7.2136240 108.1899597,Baik,PJU Konvensional,Tiang Double Arm,SON T,Rajapolah,0,-7.213624,108.1899597,33.0,Rajapolah
-7.2148175 108.1902255,Baik,PJU Konvensional,Tiang Tunggal,SON T,Rajapolah,0,-7.2148175,108.1902255,33.0,Rajapolah
-7.2165614 108.1691860,Baik,PJU Solar Cell,Tiang Tunggal,LED,Rajapolah,0,-7.2165614,108.169186,33.0,Rajapolah
-7.2147772 108.1701053,Baik,PJU Konvensional,Tiang Stang,SON T,Rajapolah,0,-7.2147772,108.1701053,33.0,Rajapolah
-7.2147812 108.1701180,Baik,PJU Konvensional,Tiang Tunggal,SON T,Rajapolah,0,-7.2147812,108.170118,33.0,Rajapolah
-7.2221301 108.1672702,Baik,PJU Solar Cell,Tiang Tunggal,LED,Rajapolah,0,-7.2221301,108.1672702,33.0,Rajapolah
-7.2231023 108.1689483,Baik,PJU Konvensional,Tiang Tunggal,SON T,Rajapolah,0,-7.2231023,108.1689483,33.0,Rajapolah
-7.2219089 108.1669614,Baik,PJU Konvensional,Tiang Stang,SON T,Rajapolah,0,-7.2219089,108.1669614,33.0,Rajapolah
-7.208812 108.186950,Baik,PJU Solar Cell,Tiang Stang,LED,Rajapolah,0,-7.208812,108.18695,33.0,Rajapolah
-7.209030 108.186210,Baik,PJU Konvensional,Tiang Stang,SON T,Rajapolah,0,-7.20903,108.18621,33.0,Rajapolah
-7.208974 108.186030,Baik,PJU Konvensional,Tiang Stang,SON T,Rajapolah,0,-7.208974,108.18603,33.0,Rajapolah
-7.208653 108.185710,Baik,PJU Konvensional,Tiang Stang,SON T,Rajapolah,0,-7.208653,108.18571,33.0,Rajapolah
-7.208845 108.185440,Baik,PJU Konvensional,Tiang Stang,SON T,Rajapolah,0,-7.208845,108.18544,33.0,Rajapolah
-7.208083 108.185600,Baik,PJU Solar Cell,Tiang Stang,LED,Rajapolah,0,-7.208083,108.1856,33.0,Rajapolah
-7.208377 108.185790,Baik,PJU Konvensional,Tiang Stang,SON T,Rajapolah,0,-7.208377,108.18579,33.0,Rajapolah
-7.207621 108.186010,Baik,PJU Konvensional,Tiang Stang,SON T,Rajapolah,0,-7.207621,108.18601,33.0,Rajapolah
-7.208495 108.186120,Baik,PJU Konvensional,Tiang Stang,SON T,Rajapolah,0,-7.208495,108.18612,33.0,Rajapolah
-7.208571 108.185490,Baik,PJU Konvensional,Tiang Stang,SON T,Rajapolah,0,-7.208571,108.18549,33.0,Rajapolah
-7.194781 108.181120,Baik,PJU Solar Cell,Tiang Tunggal,LED,Rajapolah,0,-7.194781,108.18112,33.0,Rajapolah
-7.191835 108.183010,Rusak Ringan,PJU Konvensional,Tiang Tunggal,SON T,Rajapolah,1,-7.191835,108.18301,34.0,Jamanis
-7.2198736 108.1913584,Baik,PJU Konvensional,Tiang Tunggal,SON T,Rajapolah,0,-7.2198736,108.1913584,33.0,Rajapolah
-7.2237406 108.1930948,Baik,PJU Konvensional,Tiang Tunggal,SON T,Rajapolah,0,-7.2237406,108.1930948,33.0,Rajapolah
-7.192360 108.184770,Baik,PJU Solar Cell,Tiang Tunggal,LED,Rajapolah,0,-7.19236,108.18477,33.0,Rajapolah
-7.2185225 108.1921051,Baik,PJU Konvensional,Tiang Stang,SON T,Rajapolah,0,-7.2185225,108.1921051,33.0,Rajapolah
-7.2183183 108.1921685,Baik,PJU Konvensional,Tiang Stang,SON T,Rajapolah,0,-7.2183183,108.1921685,33.0,Rajapolah
-7.191977 108.184740,Baik,PJU Solar Cell,Tiang Tunggal,LED,Rajapolah,0,-7.191977,108.18474,33.0,Rajapolah
-7.2183918 108.1925061,Baik,PJU Solar Cell,Tiang Stang,LED,Rajapolah,0,-7.2183918,108.1925061,33.0,Rajapolah
-7.2182076 108.1927083,Baik,PJU Solar Cell,Tiang Tunggal,LED,Rajapolah,0,-7.2182076,108.1927083,33.0,Rajapolah
-7.2150696 108.1944121,Baik,PJU Solar Cell,Tiang Tunggal,LED,Rajapolah,0,-7.2150696,108.1944121,33.0,Rajapolah
-7.2172992 108.1870642,Baik,PJU Konvensional,Tiang Tunggal,SON T,Rajapolah,0,-7.2172992,108.1870642,33.0,Rajapolah
-7.2155536 108.1828857,Baik,PJU Konvensional,Tiang Tunggal,SON T,Rajapolah,0,-7.2155536,108.1828857,33.0,Rajapolah
-7.2176195 108.1815127,Baik,PJU Konvensional,Tiang Tunggal,SON T,Rajapolah,0,-7.2176195,108.1815127,33.0,Rajapolah
-7.2192616 108.1853708,Baik,PJU Konvensional,Tiang Tunggal,SON T,Rajapolah,0,-7.2192616,108.1853708,33.0,Rajapolah
-7.2185205 108.1854583,Baik,PJU Konvensional,Tiang Tunggal,SON T,Rajapolah,0,-7.2185205,108.1854583,33.0,Rajapolah
-7.2207883 108.1864741,Baik,PJU Konvensional,Tiang Tunggal,SON T,Rajapolah,0,-7.2207883,108.1864741,33.0,Rajapolah
-7.2221580 108.1904783,Baik,PJU Konvensional,Tiang Tunggal,SON T,Rajapolah,0,-7.222158,108.1904783,33.0,Rajapolah
-7.2220689 108.1905172,Baik,PJU Konvensional,Tiang Tunggal,SON T,Rajapolah,0,-7.2220689,108.1905172,33.0,Rajapolah
-7.2220689 108.1905172,Baik,PJU Konvensional,Tiang Tunggal,SON T,Rajapolah,0,-7.2220689,108.1905172,33.0,Rajapolah
-7.2253561 108.1900442,Baik,PJU Konvensional,Tiang Tunggal,SON T,Rajapolah,0,-7.2253561,108.1900442,33.0,Rajapolah
-7.2268263 108.1886608,Baik,PJU Konvensional,Tiang Stang,SON T,Rajapolah,0,-7.2268263,108.1886608,33.0,Rajapolah
-7.2266094 108.1881311,Baik,PJU Konvensional,Tiang Stang,SON T,Rajapolah,0,-7.2266094,108.1881311,33.0,Rajapolah
-7.2264993 108.1878907,Baik,PJU Konvensional,Tiang Stang,SON T,Rajapolah,0,-7.2264993,108.1878907,33.0,Rajapolah
-7.2263447 108.1873901,Baik,PJU Konvensional,Tiang Stang,SON T,Rajapolah,0,-7.2263447,108.1873901,33.0,Rajapolah
-7.2262389 108.1870984,Baik,PJU Konvensional,Tiang Stang,SON T,Rajapolah,0,-7.2262389,108.1870984,33.0,Rajapolah
-7.2255996 108.1864939,Baik,PJU Konvensional,Tiang Stang,SON T,Rajapolah,0,-7.2255996,108.1864939,33.0,Rajapolah
-7.2226606 108.1901846,Baik,PJU Konvensional,Tiang Tunggal,LED,Rajapolah,0,-7.2226606,108.1901846,33.0,Rajapolah
-7.2047991 108.1874941,Baik,PJU Konvensional,Tiang Tunggal,SON T,Rajapolah,0,-7.2047991,108.1874941,33.0,Rajapolah
-7.2072167 108.1872185,Baik,PJU Konvensional,Tiang Tunggal,SON T,Rajapolah,0,-7.2072167,108.1872185,33.0,Rajapolah
-7.2080223 108.1872885,Baik,PJU Konvensional,Tiang Tunggal,SON T,Rajapolah,0,-7.2080223,108.1872885,33.0,Rajapolah
-7.2080223 108.1872885,Baik,PJU Konvensional,Tiang Tunggal,SON T,Rajapolah,0,-7.2080223,108.1872885,33.0,Rajapolah
-7.2046155 108.1865224,Baik,PJU Konvensional,Tiang Tunggal,SON T,Rajapolah,0,-7.2046155,108.1865224,33.0,Rajapolah
-7.2044346 108.1857768,Baik,PJU Konvensional,Tiang Tunggal,SON T,Rajapolah,0,-7.2044346,108.1857768,33.0,Rajapolah
-7.2051600 108.1796070,Baik,PJU Konvensional,Tiang Tunggal,SON T,Rajapolah,0,-7.20516,108.179607,33.0,Rajapolah
-7.2048933 108.1780379,Baik,PJU Konvensional,Tiang Tunggal,SON T,Rajapolah,0,-7.2048933,108.1780379,33.0,Rajapolah
-7.2041242 108.1767686,Rusak Berat,PJU Konvensional,Tiang Stang,SON T,Rajapolah,1,-7.2041242,108.1767686,33.0,Rajapolah
-7.2029620 108.1926580,Rusak Berat,PJU Konvensional,Tiang Tunggal,SON T,Rajapolah,1,-7.202962,108.192658,33.0,Rajapolah
-7.1974127 108.1959390,Baik,PJU Konvensional,Tiang Tunggal,SON T,Rajapolah,0,-7.1974127,108.195939,33.0,Rajapolah
-7.1933825 108.1942502,Baik,PJU Konvensional,Tiang Tunggal,LED,Rajapolah,0,-7.1933825,108.1942502,33.0,Rajapolah
-7.1919003 108.1848675,Baik,PJU Konvensional,Tiang Tunggal,SON T,Rajapolah,0,-7.1919003,108.1848675,33.0,Rajapolah
-7.2290701 108.1860292,Rusak Berat,PJU Konvensional,Tiang Tunggal,SON T,Rajapolah,1,-7.2290701,108.1860292,33.0,Rajapolah
-7.2286976 108.1852866,Baik,PJU Konvensional,Tiang Tunggal,SON T,Rajapolah,0,-7.2286976,108.1852866,33.0,Rajapolah
-7.2276292 108.1830956,Baik,PJU Konvensional,Tiang Tunggal,LED,Rajapolah,0,-7.2276292,108.1830956,33.0,Rajapolah
-7.2394401 108.1920699,Baik,PJU Konvensional,Tiang Tunggal,SON T,Rajapolah,0,-7.2394401,108.1920699,33.0,Rajapolah
-7.2347238 108.1838972,Baik,PJU Konvensional,Tiang Tunggal,SON T,Rajapolah,0,-7.2347238,108.1838972,33.0,Rajapolah
-7.2170570 108.1936025,Baik,PJU Konvensional,Tiang Tunggal,SON T,Rajapolah,0,-7.217057,108.1936025,33.0,Rajapolah
-7.2116449 108.1843830,Baik,PJU Solar Cell,Tiang Tunggal,LED,Rajapolah,0,-7.2116449,108.184383,33.0,Rajapolah
-7.2121216 108.1848162,Baik,PJU Solar Cell,Tiang Tunggal,LED,Rajapolah,0,-7.2121216,108.1848162,33.0,Rajapolah
-7.2139583 108.1940873,Baik,PJU Solar Cell,Tiang Tunggal,LED,Rajapolah,0,-7.2139583,108.1940873,33.0,Rajapolah
-7.2118595 108.1916025,Baik,PJU Konvensional,Tiang Tunggal,SON T,Rajapolah,0,-7.2118595,108.1916025,33.0,Rajapolah
-7.2459298 108.1904130,Baik,PJU Konvensional,Tiang Tunggal,SON T,Rajapolah,0,-7.2459298,108.190413,31.0,Cisayong
-7.2114633 108.1580803,Baik,PJU Solar Cell,Tiang Tunggal,LED,Rajapolah,0,-7.2114633,108.1580803,32.0,Sukahening
-7.2063781 108.1696771,Baik,PJU Solar Cell,Tiang Tunggal,LED,Rajapolah,0,-7.2063781,108.1696771,33.0,Rajapolah
-7.2060498 108.1674006,Baik,PJU Konvensional,Tiang Tunggal,SON T,Rajapolah,0,-7.2060498,108.1674006,33.0,Rajapolah
-7.2060711 108.1664471,Baik,PJU Konvensional,Tiang Stang,SON T,Rajapolah,0,-7.2060711,108.1664471,33.0,Rajapolah
-7.2062690 108.1657816,Baik,PJU Konvensional,Tiang Tunggal,SON T,Rajapolah,0,-7.206269,108.1657816,33.0,Rajapolah
-7.2060515 108.1648451,Baik,PJU Konvensional,Tiang Tunggal,SON T,Rajapolah,0,-7.2060515,108.1648451,34.0,Jamanis
-7.2078916 108.1640264,Baik,PJU Konvensional,Tiang Tunggal,SON T,Rajapolah,0,-7.2078916,108.1640264,34.0,Jamanis
-7.2068934 108.1647134,Baik,PJU Solar Cell,Tiang Tunggal,LED,Rajapolah,0,-7.2068934,108.1647134,34.0,Jamanis
-7.2038591 108.1566755,Rusak Berat,PJU Konvensional,Tiang Tunggal,SON T,Rajapolah,1,-7.2038591,108.1566755,34.0,Jamanis
-7.1969580 108.1604306,Baik,PJU Konvensional,Tiang Tunggal,SON T,Rajapolah,0,-7.196958,108.1604306,34.0,Jamanis
-7.2390493 108.1818420,Baik,PJU Solar Cell,Tiang Tunggal,LED,Rajapolah,0,-7.2390493,108.181842,33.0,Rajapolah
-7.2385577 108.1818410,Baik,PJU Konvensional,Tiang Stang,SON T,Rajapolah,0,-7.2385577,108.181841,33.0,Rajapolah
-7.2318174 108.1772457,Baik,PJU Konvensional,Tiang Tunggal,SON T,Rajapolah,0,-7.2318174,108.1772457,33.0,Rajapolah
-7.2267285 108.1719356,Baik,PJU Konvensional,Tiang Tunggal,SON T,Rajapolah,0,-7.2267285,108.1719356,33.0,Rajapolah
-7.2253864 108.1723386,Baik,PJU Konvensional,Tiang Tunggal,SON T,Rajapolah,0,-7.2253864,108.1723386,33.0,Rajapolah
-7.2249650 108.1723087,Baik,PJU Konvensional,Tiang Tunggal,SON T,Rajapolah,0,-7.224965,108.1723087,33.0,Rajapolah
-7.2211183 108.1781077,Baik,PJU Solar Cell,Tiang Tunggal,LED,Rajapolah,0,-7.2211183,108.1781077,33.0,Rajapolah
-7.2234506 108.1700704,Baik,PJU Solar Cell,Tiang Tunggal,LED,Rajapolah,0,-7.2234506,108.1700704,33.0,Rajapolah
-7.2235790 108.1732857,Baik,PJU Solar Cell,Tiang Tunggal,LED,Rajapolah,0,-7.223579,108.1732857,33.0,Rajapolah
-7.2211868 108.1798528,Baik,PJU Konvensional,Tiang Tunggal,SON T,Rajapolah,0,-7.2211868,108.1798528,33.0,Rajapolah
-7.2216917 108.1803114,Baik,PJU Solar Cell,Tiang Tunggal,LED,Rajapolah,0,-7.2216917,108.1803114,33.0,Rajapolah
-7.1949339 108.1840082,Baik,PJU Solar Cell,Tiang Tunggal,LED,Rajapolah,0,-7.1949339,108.1840082,33.0,Rajapolah
-7.1972973 108.1835428,Baik,PJU Solar Cell,Tiang Tunggal,LED,Rajapolah,0,-7.1972973,108.1835428,33.0,Rajapolah
-7.2234493 108.1700641,Baik,PJU Solar Cell,Tiang Tunggal,LED,Rajapolah,0,-7.2234493,108.1700641,33.0,Rajapolah
-7.2234493 108.1700641,Baik,PJU Solar Cell,Tiang Tunggal,LED,Rajapolah,0,-7.2234493,108.1700641,33.0,Rajapolah
-7.2205515 108.1679920,Baik,PJU Solar Cell,Tiang Stang,LED,Rajapolah,0,-7.2205515,108.167992,33.0,Rajapolah
-7.2148810 108.1687474,Baik,PJU Solar Cell,Tiang Tunggal,LED,Rajapolah,0,-7.214881,108.1687474,33.0,Rajapolah
-7.2148434 108.1710105,Baik,PJU Konvensional,Tiang Tunggal,SON T,Rajapolah,0,-7.2148434,108.1710105,33.0,Rajapolah
-7.2148055 108.1734453,Baik,PJU Konvensional,Tiang Tunggal,SON T,Rajapolah,0,-7.2148055,108.1734453,33.0,Rajapolah
-7.2289806 108.1946053,Baik,PJU Solar Cell,Tiang Stang,LED,Rajapolah,0,-7.2289806,108.1946053,33.0,Rajapolah
-7.2127612 108.1628402,Baik,PJU Konvensional,Tiang Tunggal,Mercury,Rajapolah,0,-7.2127612,108.1628402,33.0,Rajapolah
-7.2162996 108.1781422,Baik,PJU Konvensional,Tiang Stang,Mercury,Rajapolah,0,-7.2162996,108.1781422,33.0,Rajapolah
-7.1917922 108.1856886,Baik,PJU Konvensional,Tiang Stang,Mercury,Rajapolah,0,-7.1917922,108.1856886,33.0,Rajapolah
-7.2089570 108.1875779,Baik,PJU Konvensional,Tiang Stang,Mercury,Rajapolah,0,-7.208957,108.1875779,33.0,Rajapolah
-7.2121429 108.1916357,Baik,PJU Konvensional,Tiang Tunggal,Mercury,Rajapolah,0,-7.2121429,108.1916357,33.0,Rajapolah
-7.2184510 108.1904207,Rusak Berat,PJU Konvensional,Tiang Tunggal,Mercury,Rajapolah,1,-7.218451,108.1904207,33.0,Rajapolah
-7.3779223 108.0452646,Baik,PJU Konvensional,Tiang Stang,SON T,Salawu,0,-7.3779223,108.0452646,13.0,Salawu
-7.377497 108.045613,Baik,PJU Konvensional,Tiang Tunggal,Mercury,Salawu,0,-7.377497,108.045613,13.0,Salawu
-7.377143 108.045122,Baik,PJU Konvensional,Tiang Stang,SON T,Salawu,0,-7.377143,108.045122,13.0,Salawu
-7.377172 108.045589,Baik,PJU Konvensional,Tiang Stang,Mercury,Salawu,0,-7.377172,108.045589,13.0,Salawu
-7.376941 108.045555,Baik,PJU Konvensional,Tiang Stang,Mercury,Salawu,0,-7.376941,108.045555,13.0,Salawu
-7.377237 108.045148,Baik,PJU Konvensional,Tiang Stang,Mercury,Salawu,0,-7.377237,108.045148,13.0,Salawu
-7.376847 108.046048,Baik,PJU Konvensional,Tiang Stang,Mercury,Salawu,0,-7.376847,108.046048,13.0,Salawu
-7.3772435 108.0463433,Baik,PJU Solar Cell,Tiang Stang,LED,Salawu,0,-7.3772435,108.0463433,13.0,Salawu
-7.377751 108.045753,Baik,PJU Konvensional,Tiang Stang,SON T,Salawu,0,-7.377751,108.045753,13.0,Salawu
-7.377052 108.046124,Baik,PJU Konvensional,Tiang Stang,Mercury,Salawu,0,-7.377052,108.046124,13.0,Salawu
-7.3772435 108.0463433,Baik,PJU Solar Cell,Tiang Tunggal,LED,Salawu,0,-7.3772435,108.0463433,13.0,Salawu
-7.3772435 108.0463433,Baik,PJU Solar Cell,Tiang Tunggal,LED,Salawu,0,-7.3772435,108.0463433,13.0,Salawu
-7.380922 108.0472087,Baik,PJU Solar Cell,Tiang Tunggal,LED,Salawu,0,-7.380922,108.0472087,13.0,Salawu
-7.376133 108.033970,Baik,PJU Konvensional,Tiang Tunggal,Mercury,Salawu,0,-7.376133,108.03397,13.0,Salawu
-7.3804237 108.0477501,Baik,PJU Solar Cell,Tiang Tunggal,LED,Salawu,0,-7.3804237,108.0477501,13.0,Salawu
-7.384177 108.034509,Baik,PJU Solar Cell,Tiang Tunggal,LED,Salawu,0,-7.384177,108.034509,13.0,Salawu
-7.375387 108.032930,Baik,PJU Konvensional,Tiang Tunggal,Mercury,Salawu,0,-7.375387,108.03293,13.0,Salawu
-7.3772435 108.0463433,Baik,PJU Solar Cell,Tiang Stang,LED,Salawu,0,-7.3772435,108.0463433,13.0,Salawu
-7.375643 108.032997,Baik,PJU Konvensional,Tiang Stang,Mercury,Salawu,0,-7.375643,108.032997,13.0,Salawu
-7.3806403 108.04717,Baik,PJU Konvensional,Tiang Stang,SON T,Salawu,0,-7.3806403,108.04717,13.0,Salawu
-7.3806974 108.0472393,Baik,PJU Konvensional,Tiang Stang,SON T,Salawu,0,-7.3806974,108.0472393,13.0,Salawu
-7.3806509 108.0471812,Baik,PJU Konvensional,Tiang Stang,SON T,Salawu,0,-7.3806509,108.0471812,13.0,Salawu
-7.3810008 108.0477892,Baik,PJU Konvensional,Tiang Stang,SON T,Salawu,0,-7.3810008,108.0477892,13.0,Salawu
-7.3772435 108.0463433,Baik,PJU Konvensional,Tiang Tunggal,SON T,Salawu,0,-7.3772435,108.0463433,13.0,Salawu
-7.374989 108.029903,Baik,PJU Konvensional,Tiang Tunggal,SON T,Salawu,0,-7.374989,108.029903,13.0,Salawu
-7.373515 108.029746,Baik,PJU Konvensional,Tiang Stang,SON T,Salawu,0,-7.373515,108.029746,13.0,Salawu
-7.3812217 108.04822,Baik,PJU Konvensional,Tiang Stang,SON T,Salawu,0,-7.3812217,108.04822,13.0,Salawu
-7.372031 108.028215,Baik,PJU Konvensional,Tiang Stang,Mercury,Salawu,0,-7.372031,108.028215,13.0,Salawu
-7.3814961 108.0478472,Baik,PJU Konvensional,Tiang Tunggal,SON T,Salawu,0,-7.3814961,108.0478472,13.0,Salawu
-7.3812462 108.0482525,Baik,PJU Konvensional,Tiang Stang,SON T,Salawu,0,-7.3812462,108.0482525,13.0,Salawu
-7.368222 108.031449,Baik,PJU Solar Cell,Tiang Tunggal,LED,Salawu,0,-7.368222,108.031449,13.0,Salawu
-7.366446 108.015835,Baik,PJU Solar Cell,Tiang Tunggal,LED,Salawu,0,-7.366446,108.015835,13.0,Salawu
-7.368123 108.035763,Baik,PJU Solar Cell,Tiang Tunggal,LED,Salawu,0,-7.368123,108.035763,13.0,Salawu
-7.367179 108.022263,Baik,PJU Konvensional,Tiang Tunggal,SON T,Salawu,0,-7.367179,108.022263,13.0,Salawu
-7.3813024 108.0482389,Baik,PJU Solar Cell,Tiang Tunggal,LED,Salawu,0,-7.3813024,108.0482389,13.0,Salawu
-7.3816019 108.0480909,Baik,PJU Konvensional,Tiang Stang,SON T,Salawu,0,-7.3816019,108.0480909,13.0,Salawu
-7.365717 108.036858,Baik,PJU Konvensional,Tiang Tunggal,SON T,Salawu,0,-7.365717,108.036858,13.0,Salawu
-7.367663 108.022053,Baik,PJU Solar Cell,Tiang Tunggal,LED,Salawu,0,-7.367663,108.022053,13.0,Salawu
-7.367536 108.048060,Baik,PJU Konvensional,Tiang Tunggal,SON T,Salawu,0,-7.367536,108.04806,13.0,Salawu
-7.364321 108.050395,Baik,PJU Solar Cell,Tiang Tunggal,LED,Salawu,0,-7.364321,108.050395,13.0,Salawu
-7.370650 108.049623,Baik,PJU Solar Cell,Tiang Tunggal,LED,Salawu,0,-7.37065,108.049623,13.0,Salawu
-7.364386 108.047133,Baik,PJU Konvensional,Tiang Tunggal,SON T,Salawu,0,-7.364386,108.047133,13.0,Salawu
-7.364704 108.055608,Baik,PJU Konvensional,Tiang Tunggal,Mercury,Salawu,0,-7.364704,108.055608,13.0,Salawu
-7.3718787 108.0118912,Baik,PJU Solar Cell,Tiang Tunggal,LED,Salawu,0,-7.3718787,108.0118912,13.0,Salawu
-7.377995 108.046732,Baik,PJU Solar Cell,Tiang Tunggal,LED,Salawu,0,-7.377995,108.046732,13.0,Salawu
-7.377371 108.047128,Baik,PJU Konvensional,Tiang Stang,SON T,Salawu,0,-7.377371,108.047128,13.0,Salawu
-7.375920 108.047131,Baik,PJU Solar Cell,Tiang Tunggal,LED,Salawu,0,-7.37592,108.047131,13.0,Salawu
-7.370075 108.010084,Baik,PJU Solar Cell,Tiang Tunggal,LED,Salawu,0,-7.370075,108.010084,13.0,Salawu
-7.377486 108.047280,Baik,PJU Konvensional,Tiang Tunggal,SON T,Salawu,0,-7.377486,108.04728,13.0,Salawu
-7.377071 108.038347,Baik,PJU Konvensional,Tiang Tunggal,SON T,Salawu,0,-7.377071,108.038347,13.0,Salawu
-7.376444 108.008378,Baik,PJU Solar Cell,Tiang Tunggal,LED,Salawu,0,-7.376444,108.008378,13.0,Salawu
-7.369426 108.008244,Baik,PJU Solar Cell,Tiang Tunggal,LED,Salawu,0,-7.369426,108.008244,13.0,Salawu
-7.366543 108.017097,Baik,PJU Solar Cell,Tiang Tunggal,LED,Salawu,0,-7.366543,108.017097,13.0,Salawu
-7.376166 107.991400,Baik,PJU Solar Cell,Tiang Tunggal,LED,Salawu,0,-7.376166,107.9914,13.0,Salawu
-7.399778 108.045152,Baik,PJU Solar Cell,Tiang Tunggal,LED,Salawu,0,-7.399778,108.045152,13.0,Salawu
-7.397249 108.044373,Baik,PJU Konvensional,Tiang Tunggal,SON T,Salawu,0,-7.397249,108.044373,13.0,Salawu
-7.397479 108.043568,Rusak Berat,PJU Konvensional,Tiang Tunggal,Mercury,Salawu,1,-7.397479,108.043568,13.0,Salawu
-7.364401 107.995635,Baik,PJU Solar Cell,Tiang Tunggal,LED,Salawu,0,-7.364401,107.995635,13.0,Salawu
-7.394059 108.037748,Baik,PJU Solar Cell,Tiang Tunggal,LED,Salawu,0,-7.394059,108.037748,13.0,Salawu
-7.363833 107.994430,Baik,PJU Konvensional,Tiang Tunggal,SON T,Salawu,0,-7.363833,107.99443,13.0,Salawu
-7.389471 108.031424,Baik,PJU Solar Cell,Tiang Tunggal,LED,Salawu,0,-7.389471,108.031424,13.0,Salawu
-7.383622 108.030442,Baik,PJU Solar Cell,Tiang Tunggal,LED,Salawu,0,-7.383622,108.030442,13.0,Salawu
-7.370011 107.991173,Baik,PJU Konvensional,Tiang Tunggal,SON T,Salawu,0,-7.370011,107.991173,13.0,Salawu
-7.370310 107.991497,Baik,PJU Konvensional,Tiang Tunggal,SON T,Salawu,0,-7.37031,107.991497,13.0,Salawu
-7.384147 108.034440,Baik,PJU Solar Cell,Tiang Tunggal,LED,Salawu,0,-7.384147,108.03444,13.0,Salawu
-7.370705 107.993379,Baik,PJU Solar Cell,Tiang Tunggal,LED,Salawu,0,-7.370705,107.993379,13.0,Salawu
-7.377111 107.971501,Baik,PJU Solar Cell,Tiang Tunggal,LED,Salawu,0,-7.377111,107.971501,13.0,Salawu
-7.404261 108.047317,Baik,PJU Konvensional,Tiang Tunggal,SON T,Salawu,0,-7.404261,108.047317,13.0,Salawu
-7.375447 107.9625989,Baik,PJU Solar Cell,Tiang Tunggal,LED,Salawu,0,-7.375447,107.9625989,13.0,Salawu
-7.357857 107.983374,Baik,PJU Solar Cell,Tiang Tunggal,LED,Salawu,0,-7.357857,107.983374,26.0,Cigalontang
-7.362903 107.980057,Baik,PJU Konvensional,Tiang Tunggal,SON T,Salawu,0,-7.362903,107.980057,13.0,Salawu
-7.335759 107.948853,Baik,PJU Solar Cell,Tiang Tunggal,LED,Salawu,0,-7.335759,107.948853,13.0,Salawu
-7.335076 107.949001,Baik,PJU Solar Cell,Tiang Tunggal,LED,Salawu,0,-7.335076,107.949001,13.0,Salawu
-7.337839 107.952141,Baik,PJU Konvensional,Tiang Tunggal,SON T,Salawu,0,-7.337839,107.952141,13.0,Salawu
-7.339393 107.952261,Baik,PJU Konvensional,Tiang Tunggal,SON T,Salawu,0,-7.339393,107.952261,13.0,Salawu
-7.342581 107.962045,Baik,PJU Solar Cell,Tiang Tunggal,LED,Salawu,0,-7.342581,107.962045,13.0,Salawu
-7.359904 107.958701,Baik,PJU Konvensional,Tiang Tunggal,SON T,Salawu,0,-7.359904,107.958701,13.0,Salawu
-7.359037 107.958750,Baik,PJU Solar Cell,Tiang Tunggal,LED,Salawu,0,-7.359037,107.95875,13.0,Salawu
-7.348522 107.967319,Baik,PJU Solar Cell,Tiang Tunggal,LED,Salawu,0,-7.348522,107.967319,13.0,Salawu
-7.39448 108.051192,Baik,PJU Konvensional,Tiang Tunggal,Mercury,Salawu,0,-7.39448,108.051192,13.0,Salawu
-7.377458 108.045612,Baik,PJU Konvensional,Tiang Tunggal,SON T,Salawu,0,-7.377458,108.045612,13.0,Salawu
-7.377745 108.045692,Baik,PJU Konvensional,Tiang Stang,SON T,Salawu,0,-7.377745,108.045692,13.0,Salawu
-7.377690 108.046065,Rusak Berat,PJU Konvensional,Tiang Tunggal,Mercury,Salawu,1,-7.37769,108.046065,13.0,Salawu
-7.357043 107.980656,Baik,PJU Konvensional,Tiang Stang,SON T,Salawu,0,-7.357043,107.980656,13.0,Salawu
-7.377860 108.045231,Baik,PJU Konvensional,Tiang Tunggal,SON T,Salawu,0,-7.37786,108.045231,13.0,Salawu
-7.360038 107.983554,Baik,PJU Konvensional,Tiang Tunggal,SON T,Salawu,0,-7.360038,107.983554,13.0,Salawu
-7.375686 108.037939,Rusak Berat,PJU Solar Cell,Tiang Tunggal,LED,Salawu,1,-7.375686,108.037939,13.0,Salawu
-7.376988 108.033941,Baik,PJU Solar Cell,Tiang Tunggal,LED,Salawu,0,-7.376988,108.033941,13.0,Salawu
-7.376153 108.033975,Baik,PJU Konvensional,Tiang Tunggal,SON T,Salawu,0,-7.376153,108.033975,13.0,Salawu
-7.375656 108.033056,Baik,PJU Konvensional,Tiang Stang,SON T,Salawu,0,-7.375656,108.033056,13.0,Salawu
-7.373588 108.030937,Baik,PJU Konvensional,Tiang Tunggal,SON T,Salawu,0,-7.373588,108.030937,13.0,Salawu
-7.373145 108.029491,Baik,PJU Konvensional,Tiang Stang,SON T,Salawu,0,-7.373145,108.029491,13.0,Salawu
-7.371993 107.998331,Baik,PJU Solar Cell,Tiang Tunggal,LED,Salawu,0,-7.371993,107.998331,13.0,Salawu
-7.371970 108.028168,Baik,PJU Konvensional,Tiang Stang,SON T,Salawu,0,-7.37197,108.028168,13.0,Salawu
-7.371448 108.027338,Baik,PJU Konvensional,Tiang Tunggal,SON T,Salawu,0,-7.371448,108.027338,13.0,Salawu
-7.374734 108.004528,Rusak Berat,PJU Solar Cell,Tiang Stang,LED,Salawu,1,-7.374734,108.004528,13.0,Salawu
-7.368411 108.028823,Baik,PJU Solar Cell,Tiang Tunggal,LED,Salawu,0,-7.368411,108.028823,13.0,Salawu
-7.378919 108.018741,Rusak Berat,PJU Konvensional,Tiang Tunggal,Mercury,Salawu,1,-7.378919,108.018741,13.0,Salawu
-7.368212 108.031406,Baik,PJU Solar Cell,Tiang Tunggal,LED,Salawu,0,-7.368212,108.031406,13.0,Salawu
-7.365684 108.036839,Baik,PJU Konvensional,Tiang Tunggal,SON T,Salawu,0,-7.365684,108.036839,13.0,Salawu
-7.371490 108.041396,Baik,PJU Solar Cell,Tiang Tunggal,LED,Salawu,0,-7.37149,108.041396,13.0,Salawu
-7.369013 108.031208,Baik,PJU Solar Cell,Tiang Tunggal,LED,Salawu,0,-7.369013,108.031208,13.0,Salawu
-7.364334 108.050283,Baik,PJU Solar Cell,Tiang Tunggal,LED,Salawu,0,-7.364334,108.050283,13.0,Salawu
-7.364453 108.056323,Baik,PJU Konvensional,Tiang Tunggal,SON T,Salawu,0,-7.364453,108.056323,13.0,Salawu
-7.399811 108.045098,Baik,PJU Solar Cell,Tiang Tunggal,LED,Salawu,0,-7.399811,108.045098,13.0,Salawu
-7.389313 108.030759,Baik,PJU Konvensional,Tiang Tunggal,SON T,Salawu,0,-7.389313,108.030759,13.0,Salawu
-7.3904688 108.0014138,Baik,PJU Solar Cell,Tiang Tunggal,LED,Salawu,0,-7.3904688,108.0014138,13.0,Salawu
-7.3907923 108.0106872,Baik,PJU Solar Cell,Tiang Tunggal,LED,Salawu,0,-7.3907923,108.0106872,13.0,Salawu
-7.377366 108.048683,Baik,PJU Konvensional,Tiang Tunggal,SON T,Salawu,0,-7.377366,108.048683,13.0,Salawu
-7.378186 108.044569,Baik,PJU Konvensional,Tiang Tunggal,LED,Salawu,0,-7.378186,108.044569,13.0,Salawu
-7.373994 108.030429,Baik,PJU Konvensional,Tiang Tunggal,SON T,Salawu,0,-7.373994,108.030429,13.0,Salawu
-7.371448 108.027308,Baik,PJU Konvensional,Tiang Tunggal,SON T,Salawu,0,-7.371448,108.027308,13.0,Salawu
-7.378139 108.044471,Baik,PJU Solar Cell,Tiang Tunggal,LED,Salawu,0,-7.378139,108.044471,13.0,Salawu
-7.377348 108.042690,Baik,PJU Solar Cell,Tiang Tunggal,LED,Salawu,0,-7.377348,108.04269,13.0,Salawu
-7.376957 108.042437,Baik,PJU Solar Cell,Tiang Tunggal,LED,Salawu,0,-7.376957,108.042437,13.0,Salawu
-7.377427 108.047098,Baik,PJU Konvensional,Tiang Tunggal,SON T,Salawu,0,-7.377427,108.047098,13.0,Salawu
-7.376861 108.050377,Baik,PJU Konvensional,Tiang Stang,SON T,Salawu,0,-7.376861,108.050377,24.0,Mangunreja
-7.375360 108.056960,Baik,PJU Solar Cell,Tiang Tunggal,LED,Salawu,0,-7.37536,108.05696,24.0,Mangunreja
-7.375780 108.058469,Baik,PJU Konvensional,Tiang Tunggal,SON T,Salawu,0,-7.37578,108.058469,24.0,Mangunreja
-7.376128 108.033974,Baik,PJU Konvensional,Tiang Tunggal,SON T,Salawu,0,-7.376128,108.033974,13.0,Salawu
-7.377258 108.036690,Baik,PJU Konvensional,Tiang Tunggal,SON T,Salawu,0,-7.377258,108.03669,13.0,Salawu
-7.373911 108.030510,Baik,PJU Konvensional,Tiang Stang,SON T,Salawu,0,-7.373911,108.03051,13.0,Salawu
-7.373303 108.014288,Baik,PJU Solar Cell,Tiang Tunggal,LED,Salawu,0,-7.373303,108.014288,13.0,Salawu
-7.385377 107.978467,Baik,PJU Solar Cell,Tiang Tunggal,LED,Salawu,0,-7.385377,107.978467,13.0,Salawu
-7.390296 108.029565,Baik,PJU Konvensional,Tiang Tunggal,SON T,Salawu,0,-7.390296,108.029565,13.0,Salawu
-7.3737961 108.0623268,Baik,PJU Konvensional,Tiang Tunggal,SON T,Salawu,0,-7.3737961,108.0623268,24.0,Mangunreja
-7.3756591 108.0579900,Baik,PJU Solar Cell,Tiang Tunggal,LED,Salawu,0,-7.3756591,108.05799,24.0,Mangunreja
-7.384132 108.034603,Baik,PJU Solar Cell,Tiang Tunggal,LED,Salawu,0,-7.384132,108.034603,13.0,Salawu
-7.394263 108.025308,Baik,PJU Solar Cell,Tiang Tunggal,LED,Salawu,0,-7.394263,108.025308,13.0,Salawu
-7.389033 108.016791,Baik,PJU Konvensional,Tiang Tunggal,SON T,Salawu,0,-7.389033,108.016791,13.0,Salawu
-7.372014 108.015015,Baik,PJU Konvensional,Tiang Tunggal,SON T,Salawu,0,-7.372014,108.015015,13.0,Salawu
-7.375387 108.005190,Baik,PJU Solar Cell,Tiang Tunggal,LED,Salawu,0,-7.375387,108.00519,13.0,Salawu
-7.361987 107.984541,Baik,PJU Konvensional,Tiang Tunggal,SON T,Salawu,0,-7.361987,107.984541,13.0,Salawu
-7.371055 107.965793,Baik,PJU Konvensional,Tiang Tunggal,SON T,Salawu,0,-7.371055,107.965793,13.0,Salawu
-7.368905 107.963208,Baik,PJU Solar Cell,Tiang Tunggal,LED,Salawu,0,-7.368905,107.963208,13.0,Salawu
-7.368702 107.971034,Baik,PJU Solar Cell,Tiang Tunggal,LED,Salawu,0,-7.368702,107.971034,13.0,Salawu
-7.368702 107.971034,Baik,PJU Solar Cell,Tiang Tunggal,LED,Salawu,0,-7.368702,107.971034,13.0,Salawu
-7.368702 107.971034,Baik,PJU Solar Cell,Tiang Tunggal,LED,Salawu,0,-7.368702,107.971034,13.0,Salawu
-7.3761013 108.0339185,Baik,PJU Konvensional,Tiang Tunggal,SON T,Salawu,0,-7.3761013,108.0339185,13.0,Salawu
-7.3773073 108.0486307,Baik,PJU Konvensional,Tiang Tunggal,SON T,Salawu,0,-7.3773073,108.0486307,13.0,Salawu
-7.3663499 107.9860695,Baik,PJU Solar Cell,Tiang Tunggal,LED,Salawu,0,-7.3663499,107.9860695,13.0,Salawu
-7.3754739 107.9875609,Baik,PJU Solar Cell,Tiang Tunggal,LED,Salawu,0,-7.3754739,107.9875609,13.0,Salawu
-7.3774203 107.9861745,Baik,PJU Solar Cell,Tiang Tunggal,LED,Salawu,0,-7.3774203,107.9861745,13.0,Salawu
-7.3668866 107.9971615,Baik,PJU Solar Cell,Tiang Tunggal,LED,Salawu,0,-7.3668866,107.9971615,13.0,Salawu
-7.365548 108.009475,Rusak Berat,PJU Konvensional,Tiang Stang,Mercury,Salawu,1,-7.365548,108.009475,13.0,Salawu
-7.365548 108.009475,Rusak Berat,PJU Konvensional,Tiang Stang,Mercury,Salawu,1,-7.365548,108.009475,13.0,Salawu
-7.365548 108.009475,Rusak Berat,PJU Konvensional,Tiang Stang,Mercury,Salawu,1,-7.365548,108.009475,13.0,Salawu
-7.365548 108.009475,Rusak Berat,PJU Konvensional,Tiang Stang,Mercury,Salawu,1,-7.365548,108.009475,13.0,Salawu
-7.365548 108.009475,Rusak Berat,PJU Konvensional,Tiang Stang,Mercury,Salawu,1,-7.365548,108.009475,13.0,Salawu
-7.3602849 107.9836763,Baik,PJU Konvensional,Tiang Tunggal,Mercury,Salawu,0,-7.3602849,107.9836763,13.0,Salawu
-7.3772943 108.0485871,Baik,PJU Konvensional,Tiang Tunggal,Mercury,Salawu,0,-7.3772943,108.0485871,13.0,Salawu
-7.491249 108.232503,Baik,PJU Solar Cell,Tiang Tunggal,LED,Salopa,0,-7.491249,108.232503,17.0,Salopa
-7.487151 108.252668,Baik,PJU Konvensional,Tiang Tunggal,SON T,Salopa,0,-7.487151,108.252668,17.0,Salopa
-7.485590 108.252741,Baik,PJU Konvensional,Tiang Tunggal,SON T,Salopa,0,-7.48559,108.252741,17.0,Salopa
-7.483371 108.253549,Baik,PJU Konvensional,Tiang Tunggal,SON T,Salopa,0,-7.483371,108.253549,17.0,Salopa
-7.493011 108.251747,Baik,PJU Konvensional,Tiang Tunggal,SON T,Salopa,0,-7.493011,108.251747,17.0,Salopa
-7.492384 108.250175,Baik,PJU Konvensional,Tiang Tunggal,SON T,Salopa,0,-7.492384,108.250175,17.0,Salopa
-7.491590 108.245471,Baik,PJU Solar Cell,Tiang Tunggal,LED,Salopa,0,-7.49159,108.245471,17.0,Salopa
-7.490959 108.258855,Baik,PJU Konvensional,Tiang Stang,SON T,Salopa,0,-7.490959,108.258855,17.0,Salopa
-7.493308 108.253096,Baik,PJU Konvensional,Tiang Tunggal,SON T,Salopa,0,-7.493308,108.253096,17.0,Salopa
-7.499193 108.253519,Baik,PJU Konvensional,Tiang Stang,Mercury,Salopa,0,-7.499193,108.253519,17.0,Salopa
-7.498353 108.253860,Rusak Berat,PJU Konvensional,Tiang Stang,SON T,Salopa,1,-7.498353,108.25386,17.0,Salopa
-7.506235 108.245146,Baik,PJU Konvensional,Tiang Stang,Mercury,Salopa,0,-7.506235,108.245146,17.0,Salopa
-7.506667 108.238992,Rusak Berat,PJU Konvensional,Tiang Tunggal,Mercury,Salopa,1,-7.506667,108.238992,17.0,Salopa
-7.505651 108.239988,Baik,PJU Solar Cell,Tiang Tunggal,LED,Salopa,0,-7.505651,108.239988,17.0,Salopa
-7.516753 108.271522,Baik,PJU Konvensional,Tiang Stang,LED,Salopa,0,-7.516753,108.271522,17.0,Salopa
-7.517475 108.271711,Baik,PJU Konvensional,Tiang Tunggal,SON T,Salopa,0,-7.517475,108.271711,17.0,Salopa
-7.517903 108.271203,Baik,PJU Konvensional,Tiang Tunggal,SON T,Salopa,0,-7.517903,108.271203,17.0,Salopa
-7.517863 108.271001,Baik,PJU Konvensional,Tiang Tunggal,SON T,Salopa,0,-7.517863,108.271001,17.0,Salopa
-7.518067 108.271209,Rusak Berat,PJU Konvensional,Tiang Tunggal,Mercury,Salopa,1,-7.518067,108.271209,17.0,Salopa
-7.519001 108.270282,Baik,PJU Konvensional,Tiang Stang,SON T,Salopa,0,-7.519001,108.270282,17.0,Salopa
-7.517433 108.273706,Baik,PJU Konvensional,Tiang Tunggal,SON T,Salopa,0,-7.517433,108.273706,17.0,Salopa
-7.515746 108.272575,Baik,PJU Solar Cell,Tiang Tunggal,LED,Salopa,0,-7.515746,108.272575,17.0,Salopa
-7.516411 108.272244,Rusak Berat,PJU Konvensional,Tiang Stang,Mercury,Salopa,1,-7.516411,108.272244,17.0,Salopa
-7.515234 108.272256,Baik,PJU Konvensional,Tiang Stang,SON T,Salopa,0,-7.515234,108.272256,17.0,Salopa
-7.514014 108.272949,Baik,PJU Konvensional,Tiang Tunggal,SON T,Salopa,0,-7.514014,108.272949,17.0,Salopa
-7.523273 108.268630,Baik,PJU Solar Cell,Tiang Tunggal,LED,Salopa,0,-7.523273,108.26863,17.0,Salopa
-7.524374 108.271088,Baik,PJU Konvensional,Tiang Tunggal,SON T,Salopa,0,-7.524374,108.271088,17.0,Salopa
-7.528324 108.272303,Baik,PJU Solar Cell,Tiang Tunggal,LED,Salopa,0,-7.528324,108.272303,17.0,Salopa
-7.534325 108.278680,Baik,PJU Konvensional,Tiang Tunggal,SON T,Salopa,0,-7.534325,108.27868,17.0,Salopa
-7.534316 108.278289,Baik,PJU Konvensional,Tiang Tunggal,SON T,Salopa,0,-7.534316,108.278289,17.0,Salopa
-7.543832 108.274911,Baik,PJU Konvensional,Tiang Stang,SON T,Salopa,0,-7.543832,108.274911,17.0,Salopa
-7.542287 108.273840,Baik,PJU Konvensional,Tiang Tunggal,SON T,Salopa,0,-7.542287,108.27384,17.0,Salopa
-7.543752 108.281456,Baik,PJU Solar Cell,Tiang Tunggal,LED,Salopa,0,-7.543752,108.281456,17.0,Salopa
-7.506412 108.278025,Baik,PJU Konvensional,Tiang Tunggal,LED,Salopa,0,-7.506412,108.278025,17.0,Salopa
-7.504241 108.279363,Baik,PJU Konvensional,Tiang Tunggal,SON T,Salopa,0,-7.504241,108.279363,17.0,Salopa
-7.480610 108.298330,Baik,PJU Konvensional,Tiang Tunggal,SON T,Salopa,0,-7.48061,108.29833,17.0,Salopa
-7.504663 108.300591,Baik,PJU Konvensional,Tiang Tunggal,LED,Salopa,0,-7.504663,108.300591,17.0,Salopa
-7.504338 108.299341,Baik,PJU Solar Cell,Tiang Tunggal,LED,Salopa,0,-7.504338,108.299341,17.0,Salopa
-7.504134 108.298399,Baik,PJU Konvensional,Tiang Tunggal,SON T,Salopa,0,-7.504134,108.298399,17.0,Salopa
-7.500544 108.306005,Baik,PJU Konvensional,Tiang Tunggal,SON T,Salopa,0,-7.500544,108.306005,17.0,Salopa
-7.502656 108.305253,Baik,PJU Konvensional,Tiang Tunggal,LED,Salopa,0,-7.502656,108.305253,17.0,Salopa
-7.488404 108.264836,Rusak Berat,PJU Konvensional,Tiang Stang,Mercury,Salopa,1,-7.488404,108.264836,17.0,Salopa
-7.461296 108.269540,Baik,PJU Konvensional,Tiang Tunggal,LED,Salopa,0,-7.461296,108.26954,17.0,Salopa
-7.460417 108.270274,Baik,PJU Konvensional,Tiang Tunggal,SON T,Salopa,0,-7.460417,108.270274,17.0,Salopa
-7.457889 108.265369,Rusak Berat,PJU Konvensional,Tiang Stang,SON T,Salopa,1,-7.457889,108.265369,17.0,Salopa
-7.458565 108.273994,Baik,PJU Konvensional,Tiang Tunggal,SON T,Salopa,0,-7.458565,108.273994,17.0,Salopa
-7.457506 108.274871,Baik,PJU Konvensional,Tiang Tunggal,SON T,Salopa,0,-7.457506,108.274871,17.0,Salopa
-7.461780 108.280118,Baik,PJU Konvensional,Tiang Tunggal,SON T,Salopa,0,-7.46178,108.280118,17.0,Salopa
-7.467081 108.279969,Baik,PJU Solar Cell,Tiang Tunggal,LED,Salopa,0,-7.467081,108.279969,17.0,Salopa
-7.487153 108.235606,Baik,PJU Solar Cell,Tiang Tunggal,LED,Salopa,0,-7.487153,108.235606,17.0,Salopa
-7.488808 108.257547,Baik,PJU Konvensional,Tiang Tunggal,SON T,Salopa,0,-7.488808,108.257547,17.0,Salopa
-7.493351 108.252443,Baik,PJU Konvensional,Tiang Tunggal,SON T,Salopa,0,-7.493351,108.252443,17.0,Salopa
-7.498135 108.253337,Baik,PJU Konvensional,Tiang Tunggal,SON T,Salopa,0,-7.498135,108.253337,17.0,Salopa
-7.540803 108.281217,Baik,PJU Konvensional,Tiang Tunggal,SON T,Salopa,0,-7.540803,108.281217,17.0,Salopa
-7.524299 108.269872,Baik,PJU Konvensional,Tiang Stang,SON T,Salopa,0,-7.524299,108.269872,17.0,Salopa
-7.529143 108.272350,Baik,PJU Solar Cell,Tiang Stang,LED,Salopa,0,-7.529143,108.27235,17.0,Salopa
-7.472984 108.252088,Baik,PJU Solar Cell,Tiang Tunggal,LED,Salopa,0,-7.472984,108.252088,17.0,Salopa
-7.345149 108.067675,Baik,PJU Solar Cell,Tiang Tunggal,LED,Sariwangi,0,-7.345149,108.067675,29.0,Sariwangi
-7.3345583 108.0665315,Baik,PJU Konvensional,Tiang Tunggal,SON T,Sariwangi,0,-7.3345583,108.0665315,29.0,Sariwangi
-7.3346128 108.0668205,Baik,PJU Konvensional,Tiang Stang,SON T,Sariwangi,0,-7.3346128,108.0668205,29.0,Sariwangi
-7.3349447 108.0675313,Baik,PJU Konvensional,Tiang Tunggal,SON T,Sariwangi,0,-7.3349447,108.0675313,29.0,Sariwangi
-7.335632 108.081522,Baik,PJU Konvensional,Tiang Tunggal,SON T,Sariwangi,0,-7.335632,108.081522,29.0,Sariwangi
-7.337618 108.085284,Baik,PJU Konvensional,Tiang Tunggal,SON T,Sariwangi,0,-7.337618,108.085284,29.0,Sariwangi
-7.338423 108.085120,Baik,PJU Solar Cell,Tiang Tunggal,LED,Sariwangi,0,-7.338423,108.08512,29.0,Sariwangi
-7.336348 108.082703,Baik,PJU Konvensional,Tiang Tunggal,SON T,Sariwangi,0,-7.336348,108.082703,29.0,Sariwangi
-7.337745 108.086127,Baik,PJU Konvensional,Tiang Tunggal,SON T,Sariwangi,0,-7.337745,108.086127,29.0,Sariwangi
-7.337225 108.086446,Baik,PJU Konvensional,Tiang Tunggal,SON T,Sariwangi,0,-7.337225,108.086446,29.0,Sariwangi
-7.335810 108.094196,Baik,PJU Konvensional,Tiang Tunggal,SON T,Sariwangi,0,-7.33581,108.094196,29.0,Sariwangi
-7.336914 108.093862,Baik,PJU Solar Cell,Tiang Stang,LED,Sariwangi,0,-7.336914,108.093862,29.0,Sariwangi
-7.341225 108.095643,Baik,PJU Solar Cell,Tiang Tunggal,LED,Sariwangi,0,-7.341225,108.095643,23.0,Singaparna
-7.330954 108.086741,Baik,PJU Konvensional,Tiang Tunggal,SON T,Sariwangi,0,-7.330954,108.086741,29.0,Sariwangi
-7.331777 108.088928,Baik,PJU Solar Cell,Tiang Tunggal,LED,Sariwangi,0,-7.331777,108.088928,29.0,Sariwangi
-7.332439 108.088899,Rusak Berat,PJU Konvensional,Tiang Stang,Mercury,Sariwangi,1,-7.332439,108.088899,29.0,Sariwangi
-7.332602 108.090038,Baik,PJU Konvensional,Tiang Tunggal,SON T,Sariwangi,0,-7.332602,108.090038,29.0,Sariwangi
-7.333181 108.091034,Baik,PJU Konvensional,Tiang Tunggal,SON T,Sariwangi,0,-7.333181,108.091034,29.0,Sariwangi
-7.330004 108.091604,Baik,PJU Solar Cell,Tiang Tunggal,LED,Sariwangi,0,-7.330004,108.091604,29.0,Sariwangi
-7.330433 108.084726,Baik,PJU Solar Cell,Tiang Tunggal,LED,Sariwangi,0,-7.330433,108.084726,29.0,Sariwangi
-7.306386 108.050964,Baik,PJU Solar Cell,Tiang Tunggal,LED,Sariwangi,0,-7.306386,108.050964,29.0,Sariwangi
-7.330086 108.084056,Baik,PJU Solar Cell,Tiang Tunggal,LED,Sariwangi,0,-7.330086,108.084056,29.0,Sariwangi
-7.325006 108.083337,Baik,PJU Solar Cell,Tiang Tunggal,LED,Sariwangi,0,-7.325006,108.083337,27.0,Leuwisari
-7.310223 108.054080,Baik,PJU Konvensional,Tiang Tunggal,SON T,Sariwangi,0,-7.310223,108.05408,29.0,Sariwangi
-7.3105544 108.0549165,Baik,PJU Solar Cell,Tiang Tunggal,LED,Sariwangi,0,-7.3105544,108.0549165,29.0,Sariwangi
-7.3151325 108.0552348,Baik,PJU Konvensional,Tiang Tunggal,SON T,Sariwangi,0,-7.3151325,108.0552348,29.0,Sariwangi
-7.312994 108.058775,Baik,PJU Solar Cell,Tiang Tunggal,LED,Sariwangi,0,-7.312994,108.058775,29.0,Sariwangi
-7.374014 108.060630,Baik,PJU Konvensional,Tiang Tunggal,SON T,Sariwangi,0,-7.374014,108.06063,24.0,Mangunreja
-7.3149968 108.0641182,Baik,PJU Solar Cell,Tiang Tunggal,LED,Sariwangi,0,-7.3149968,108.0641182,29.0,Sariwangi
-7.315979 108.065907,Baik,PJU Konvensional,Tiang Tunggal,SON T,Sariwangi,0,-7.315979,108.065907,29.0,Sariwangi
-7.3249095 108.052808,Baik,PJU Konvensional,Tiang Tunggal,SON T,Sariwangi,0,-7.3249095,108.052808,29.0,Sariwangi
-7.3246132 108.0561037,Baik,PJU Konvensional,Tiang Tunggal,SON T,Sariwangi,0,-7.3246132,108.0561037,29.0,Sariwangi
-7.3225243 108.0574812,Baik,PJU Solar Cell,Tiang Tunggal,LED,Sariwangi,0,-7.3225243,108.0574812,29.0,Sariwangi
-7.3203425 108.057282,Baik,PJU Konvensional,Tiang Tunggal,SON T,Sariwangi,0,-7.3203425,108.057282,29.0,Sariwangi
-7.317094 108.0570014,Baik,PJU Konvensional,Tiang Stang,SON T,Sariwangi,0,-7.317094,108.0570014,29.0,Sariwangi
-7.3244355 108.0623864,Baik,PJU Solar Cell,Tiang Tunggal,LED,Sariwangi,0,-7.3244355,108.0623864,29.0,Sariwangi
-7.3270578 108.0665866,Baik,PJU Solar Cell,Tiang Tunggal,LED,Sariwangi,0,-7.3270578,108.0665866,29.0,Sariwangi
-7.3238715 108.065491,Baik,PJU Konvensional,Tiang Stang,SON T,Sariwangi,0,-7.3238715,108.065491,29.0,Sariwangi
-7.324622 108.074319,Baik,PJU Konvensional,Tiang Stang,SON T,Sariwangi,0,-7.324622,108.074319,29.0,Sariwangi
-7.325282 108.074690,Baik,PJU Solar Cell,Tiang Tunggal,LED,Sariwangi,0,-7.325282,108.07469,29.0,Sariwangi
-7.324052 108.074837,Baik,PJU Konvensional,Tiang Tunggal,SON T,Sariwangi,0,-7.324052,108.074837,29.0,Sariwangi
-7.321995 108.072936,Baik,PJU Solar Cell,Tiang Tunggal,LED,Sariwangi,0,-7.321995,108.072936,29.0,Sariwangi
-7.317039 108.072082,Baik,PJU Solar Cell,Tiang Tunggal,LED,Sariwangi,0,-7.317039,108.072082,29.0,Sariwangi
-7.3005335 108.0535194,Baik,PJU Konvensional,Tiang Tunggal,SON T,Sariwangi,0,-7.3005335,108.0535194,29.0,Sariwangi
-7.3003749 108.0528110,Baik,PJU Konvensional,Tiang Tunggal,SON T,Sariwangi,0,-7.3003749,108.052811,29.0,Sariwangi
-7.3035974 108.0527801,Baik,PJU Konvensional,Tiang Tunggal,SON T,Sariwangi,0,-7.3035974,108.0527801,29.0,Sariwangi
-7.3070989 108.0526614,Baik,PJU Konvensional,Tiang Tunggal,SON T,Sariwangi,0,-7.3070989,108.0526614,29.0,Sariwangi
-7.3104689 108.0531979,Baik,PJU Konvensional,Tiang Tunggal,SON T,Sariwangi,0,-7.3104689,108.0531979,29.0,Sariwangi
-7.331847 108.089033,Baik,PJU Solar Cell,Tiang Tunggal,LED,Sariwangi,0,-7.331847,108.089033,29.0,Sariwangi
-7.330782 108.087651,Baik,PJU Konvensional,Tiang Stang,SON T,Sariwangi,0,-7.330782,108.087651,29.0,Sariwangi
-7.331047 108.086423,Baik,PJU Konvensional,Tiang Stang,SON T,Sariwangi,0,-7.331047,108.086423,29.0,Sariwangi
-7.330421 108.084722,Baik,PJU Solar Cell,Tiang Tunggal,LED,Sariwangi,0,-7.330421,108.084722,29.0,Sariwangi
-7.330072 108.083954,Baik,PJU Solar Cell,Tiang Tunggal,LED,Sariwangi,0,-7.330072,108.083954,29.0,Sariwangi
-7.324759 108.074148,Baik,PJU Konvensional,Tiang Stang,SON T,Sariwangi,0,-7.324759,108.074148,29.0,Sariwangi
-7.326653 108.071518,Baik,PJU Solar Cell,Tiang Tunggal,LED,Sariwangi,0,-7.326653,108.071518,29.0,Sariwangi
-7.327405 108.071555,Baik,PJU Konvensional,Tiang Tunggal,SON T,Sariwangi,0,-7.327405,108.071555,29.0,Sariwangi
-7.325368 108.074689,Baik,PJU Solar Cell,Tiang Tunggal,LED,Sariwangi,0,-7.325368,108.074689,29.0,Sariwangi
-7.325856 108.075259,Baik,PJU Solar Cell,Tiang Stang,LED,Sariwangi,0,-7.325856,108.075259,29.0,Sariwangi
-7.332927 108.090716,Baik,PJU Solar Cell,Tiang Tunggal,LED,Sariwangi,0,-7.332927,108.090716,29.0,Sariwangi
-7.332565 108.089971,Baik,PJU Konvensional,Tiang Tunggal,SON T,Sariwangi,0,-7.332565,108.089971,29.0,Sariwangi
-7.332341 108.089592,Baik,PJU Konvensional,Tiang Tunggal,SON T,Sariwangi,0,-7.332341,108.089592,29.0,Sariwangi
-7.331784 108.088943,Baik,PJU Solar Cell,Tiang Tunggal,LED,Sariwangi,0,-7.331784,108.088943,29.0,Sariwangi
-7.330997 108.086746,Rusak Berat,PJU Konvensional,Tiang Stang,Mercury,Sariwangi,1,-7.330997,108.086746,29.0,Sariwangi
-7.330997 108.086746,Rusak Berat,PJU Konvensional,Tiang Stang,Mercury,Sariwangi,1,-7.330997,108.086746,29.0,Sariwangi
-7.325318 108.074823,Baik,PJU Solar Cell,Tiang Tunggal,LED,Sariwangi,0,-7.325318,108.074823,29.0,Sariwangi
-7.324607 108.074036,Baik,PJU Konvensional,Tiang Stang,SON T,Sariwangi,0,-7.324607,108.074036,29.0,Sariwangi
-7.324816 108.074204,Rusak Berat,PJU Konvensional,Tiang Stang,Mercury,Sariwangi,1,-7.324816,108.074204,29.0,Sariwangi
-7.324816 108.074204,Rusak Berat,PJU Konvensional,Tiang Stang,Mercury,Sariwangi,1,-7.324816,108.074204,29.0,Sariwangi
-7.324816 108.074204,Rusak Berat,PJU Konvensional,Tiang Stang,Mercury,Sariwangi,1,-7.324816,108.074204,29.0,Sariwangi
-7.321652 108.062075,Baik,PJU Konvensional,Tiang Tunggal,LED,Sariwangi,0,-7.321652,108.062075,29.0,Sariwangi
-7.323109 108.065410,Baik,PJU Konvensional,Tiang Tunggal,SON T,Sariwangi,0,-7.323109,108.06541,29.0,Sariwangi
-7.316241 108.070784,Baik,PJU Konvensional,Tiang Tunggal,SON T,Sariwangi,0,-7.316241,108.070784,29.0,Sariwangi
-7.316282 108.069296,Baik,PJU Konvensional,Tiang Tunggal,SON T,Sariwangi,0,-7.316282,108.069296,29.0,Sariwangi
-7.301890 108.053044,Baik,PJU Konvensional,Tiang Tunggal,LED,Sariwangi,0,-7.30189,108.053044,29.0,Sariwangi
-7.307132 108.052741,Baik,PJU Konvensional,Tiang Tunggal,SON T,Sariwangi,0,-7.307132,108.052741,29.0,Sariwangi
-7.3103798 108.0531761,Baik,PJU Konvensional,Tiang Tunggal,SON T,Sariwangi,0,-7.3103798,108.0531761,29.0,Sariwangi
-7.3106628 108.0541537,Baik,PJU Konvensional,Tiang Tunggal,SON T,Sariwangi,0,-7.3106628,108.0541537,29.0,Sariwangi
-7.3107054 108.0550767,Baik,PJU Konvensional,Tiang Tunggal,SON T,Sariwangi,0,-7.3107054,108.0550767,29.0,Sariwangi
-7.3085435 108.0662968,Baik,PJU Konvensional,Tiang Tunggal,SON T,Sariwangi,0,-7.3085435,108.0662968,29.0,Sariwangi
-7.329302 108.065543,Baik,PJU Solar Cell,Tiang Tunggal,LED,Sariwangi,0,-7.329302,108.065543,29.0,Sariwangi
-7.333743 108.070465,Baik,PJU Konvensional,Tiang Tunggal,SON T,Sariwangi,0,-7.333743,108.070465,29.0,Sariwangi
-7.343922 108.075876,Baik,PJU Konvensional,Tiang Tunggal,SON T,Sariwangi,0,-7.343922,108.075876,29.0,Sariwangi
-7.3192894 108.0582575,Baik,PJU Konvensional,Tiang Tunggal,SON T,Sariwangi,0,-7.3192894,108.0582575,29.0,Sariwangi
-7.3192196 108.0584919,Baik,PJU Konvensional,Tiang Tunggal,SON T,Sariwangi,0,-7.3192196,108.0584919,29.0,Sariwangi
-7.3289118 108.0797802,Baik,PJU Konvensional,Tiang Tunggal,SON T,Sariwangi,0,-7.3289118,108.0797802,29.0,Sariwangi
-7.3296052 108.0830103,Baik,PJU Konvensional,Tiang Tunggal,SON T,Sariwangi,0,-7.3296052,108.0830103,29.0,Sariwangi
-7.3365438 108.0876009,Baik,PJU Konvensional,Tiang Tunggal,SON T,Sariwangi,0,-7.3365438,108.0876009,29.0,Sariwangi
-7.3329402 108.0907612,Baik,PJU Konvensional,Tiang Tunggal,SON T,Sariwangi,0,-7.3329402,108.0907612,29.0,Sariwangi
-7.3109156 108.0724578,Baik,PJU Konvensional,Tiang Tunggal,SON T,Sariwangi,0,-7.3109156,108.0724578,27.0,Leuwisari
-7.3196556 108.0763960,Baik,PJU Konvensional,Tiang Tunggal,SON T,Sariwangi,0,-7.3196556,108.076396,29.0,Sariwangi
-7.344718 108.076409,Rusak Berat,PJU Konvensional,Tiang Stang,Mercury,Sariwangi,1,-7.344718,108.076409,29.0,Sariwangi
-7.3324084 108.0766129,Baik,PJU Konvensional,Tiang Tunggal,Mercury,Sariwangi,0,-7.3324084,108.0766129,29.0,Sariwangi
-7.335669 108.096156,Baik,PJU Solar Cell,Tiang Tunggal,LED,Sariwangi,0,-7.335669,108.096156,29.0,Sariwangi
-7.333167 108.095591,Baik,PJU Konvensional,Tiang Stang,SON T,Sariwangi,0,-7.333167,108.095591,29.0,Sariwangi
-7.331912 108.095633,Baik,PJU Konvensional,Tiang Stang,SON T,Sariwangi,0,-7.331912,108.095633,29.0,Sariwangi
-7.336635 108.094218,Baik,PJU Konvensional,Tiang Stang,SON T,Sariwangi,0,-7.336635,108.094218,29.0,Sariwangi
-7.335869 108.094131,Baik,PJU Konvensional,Tiang Tunggal,SON T,Sariwangi,0,-7.335869,108.094131,29.0,Sariwangi
-7.336460 108.100636,Baik,PJU Konvensional,Tiang Stang,SON T,Sariwangi,0,-7.33646,108.100636,27.0,Leuwisari
-7.3344871 108.0664745,Baik,PJU Konvensional,Tiang Stang,SON T,Sariwangi,0,-7.3344871,108.0664745,29.0,Sariwangi
-7.3346301 108.0668795,Baik,PJU Konvensional,Tiang Stang,SON T,Sariwangi,0,-7.3346301,108.0668795,29.0,Sariwangi
-7.3122364 108.0691530,Baik,PJU Konvensional,Tiang Tunggal,SON T,Sariwangi,0,-7.3122364,108.069153,29.0,Sariwangi
-7.3021850 108.0646325,Baik,PJU Konvensional,Tiang Tunggal,SON T,Sariwangi,0,-7.302185,108.0646325,29.0,Sariwangi
-7.3159839 108.0647055,Baik,PJU Konvensional,Tiang Tunggal,SON T,Sariwangi,0,-7.3159839,108.0647055,29.0,Sariwangi
-7.3139168 108.0598960,Baik,PJU Konvensional,Tiang Stang,SON T,Sariwangi,0,-7.3139168,108.059896,29.0,Sariwangi
-7.3159839 108.0647055,Baik,PJU Konvensional,Tiang Stang,SON T,Sariwangi,0,-7.3159839,108.0647055,29.0,Sariwangi
-7.3439462 108.1625666,Baik,PJU Solar Cell,Tiang Stang,LED,Singaparna,0,-7.3439462,108.1625666,23.0,Singaparna
-7.3436879 108.1626444,Baik,PJU Konvensional,Tiang Stang,SON T,Singaparna,0,-7.3436879,108.1626444,23.0,Singaparna
-7.3418028 108.1416005,Baik,PJU Konvensional,Tiang Stang,SON T,Singaparna,0,-7.3418028,108.1416005,23.0,Singaparna
-7.3417635 108.1419498,Baik,PJU Konvensional,Tiang Stang,SON T,Singaparna,0,-7.3417635,108.1419498,23.0,Singaparna
-7.3417110 108.1413403,Baik,PJU Konvensional,Tiang Stang,SON T,Singaparna,0,-7.341711,108.1413403,23.0,Singaparna
-7.3414812 108.1415941,Baik,PJU Konvensional,Tiang Stang,SON T,Singaparna,0,-7.3414812,108.1415941,23.0,Singaparna
-7.3414752 108.1419012,Baik,PJU Konvensional,Tiang Stang,SON T,Singaparna,0,-7.3414752,108.1419012,23.0,Singaparna
-7.3406459 108.1415706,Baik,PJU Konvensional,Tiang Stang,SON T,Singaparna,0,-7.3406459,108.1415706,23.0,Singaparna
-7.3406506 108.1418355,Baik,PJU Konvensional,Tiang Stang,SON T,Singaparna,0,-7.3406506,108.1418355,23.0,Singaparna
-7.3403875 108.1413225,Baik,PJU Konvensional,Tiang Stang,SON T,Singaparna,0,-7.3403875,108.1413225,23.0,Singaparna
-7.3403998 108.1408665,Baik,PJU Konvensional,Tiang Stang,SON T,Singaparna,0,-7.3403998,108.1408665,23.0,Singaparna
-7.3404218 108.1404263,Baik,PJU Konvensional,Tiang Tunggal,SON T,Singaparna,0,-7.3404218,108.1404263,23.0,Singaparna
-7.3400274 108.1415991,Baik,PJU Konvensional,Tiang Stang,SON T,Singaparna,0,-7.3400274,108.1415991,23.0,Singaparna
-7.3390727 108.1416025,Baik,PJU Konvensional,Tiang Stang,SON T,Singaparna,0,-7.3390727,108.1416025,23.0,Singaparna
-7.3417043 108.1359913,Baik,PJU Konvensional,Tiang Tunggal,SON T,Singaparna,0,-7.3417043,108.1359913,23.0,Singaparna
-7.3418048 108.1359906,Baik,PJU Konvensional,Tiang Tunggal,SON T,Singaparna,0,-7.3418048,108.1359906,23.0,Singaparna
-7.353070 108.120445,Baik,PJU Konvensional,Tiang Tunggal,SON T,Singaparna,0,-7.35307,108.120445,23.0,Singaparna
-7.354260 108.122898,Baik,PJU Konvensional,Tiang Tunggal,SON T,Singaparna,0,-7.35426,108.122898,23.0,Singaparna
-7.351978 108.124565,Baik,PJU Konvensional,Tiang Tunggal,SON T,Singaparna,0,-7.351978,108.124565,23.0,Singaparna
-7.354952 108.120211,Baik,PJU Konvensional,Tiang Tunggal,SON T,Singaparna,0,-7.354952,108.120211,23.0,Singaparna
-7.354941 108.120599,Baik,PJU Konvensional,Tiang Tunggal,SON T,Singaparna,0,-7.354941,108.120599,23.0,Singaparna
-7.353691 108.120273,Baik,PJU Konvensional,Tiang Tunggal,SON T,Singaparna,0,-7.353691,108.120273,23.0,Singaparna
-7.353583 108.120140,Baik,PJU Konvensional,Tiang Tunggal,SON T,Singaparna,0,-7.353583,108.12014,23.0,Singaparna
-7.353833 108.119917,Baik,PJU Konvensional,Tiang Tunggal,SON T,Singaparna,0,-7.353833,108.119917,23.0,Singaparna
-7.353780 108.120315,Baik,PJU Konvensional,Tiang Tunggal,SON T,Singaparna,0,-7.35378,108.120315,23.0,Singaparna
-7.353833 108.119917,Baik,PJU Konvensional,Tiang Tunggal,SON T,Singaparna,0,-7.353833,108.119917,23.0,Singaparna
-7.373445 108.130070,Baik,PJU Konvensional,Tiang Tunggal,SON T,Singaparna,0,-7.373445,108.13007,25.0,Sukarame
-7.362370 108.120853,Baik,PJU Konvensional,Tiang Tunggal,SON T,Singaparna,0,-7.36237,108.120853,23.0,Singaparna
-7.357760 108.113992,Baik,PJU Konvensional,Tiang Tunggal,SON T,Singaparna,0,-7.35776,108.113992,23.0,Singaparna
-7.357757 108.113990,Baik,PJU Konvensional,Tiang Tunggal,SON T,Singaparna,0,-7.357757,108.11399,23.0,Singaparna
-7.358630 108.115722,Baik,PJU Konvensional,Tiang Tunggal,SON T,Singaparna,0,-7.35863,108.115722,23.0,Singaparna
-7.360347 108.120708,Baik,PJU Konvensional,Tiang Tunggal,SON T,Singaparna,0,-7.360347,108.120708,23.0,Singaparna
-7.360475 108.119052,Baik,PJU Konvensional,Tiang Tunggal,SON T,Singaparna,0,-7.360475,108.119052,23.0,Singaparna
-7.359482 108.117793,Baik,PJU Konvensional,Tiang Tunggal,SON T,Singaparna,0,-7.359482,108.117793,23.0,Singaparna
-7.361470 108.103802,Baik,PJU Konvensional,Tiang Tunggal,SON T,Singaparna,0,-7.36147,108.103802,23.0,Singaparna
-7.355147 108.119733,Baik,PJU Konvensional,Tiang Tunggal,SON T,Singaparna,0,-7.355147,108.119733,23.0,Singaparna
-7.360563 108.104358,Baik,PJU Konvensional,Tiang Tunggal,SON T,Singaparna,0,-7.360563,108.104358,23.0,Singaparna
-7.354440 108.119370,Baik,PJU Konvensional,Tiang Tunggal,SON T,Singaparna,0,-7.35444,108.11937,23.0,Singaparna
-7.362132 108.103457,Baik,PJU Konvensional,Tiang Tunggal,SON T,Singaparna,0,-7.362132,108.103457,23.0,Singaparna
-7.354480 108.119348,Baik,PJU Konvensional,Tiang Tunggal,SON T,Singaparna,0,-7.35448,108.119348,23.0,Singaparna
-7.356925 108.110560,Baik,PJU Konvensional,Tiang Tunggal,SON T,Singaparna,0,-7.356925,108.11056,23.0,Singaparna
-7.357248 108.111982,Baik,PJU Konvensional,Tiang Tunggal,SON T,Singaparna,0,-7.357248,108.111982,23.0,Singaparna
-7.357098 108.111593,Baik,PJU Konvensional,Tiang Tunggal,SON T,Singaparna,0,-7.357098,108.111593,23.0,Singaparna
-7.357270 108.119595,Baik,PJU Konvensional,Tiang Tunggal,SON T,Singaparna,0,-7.35727,108.119595,23.0,Singaparna
-7.362217 108.102013,Baik,PJU Konvensional,Tiang Tunggal,SON T,Singaparna,0,-7.362217,108.102013,23.0,Singaparna
-7.362188 108.102647,Baik,PJU Konvensional,Tiang Tunggal,SON T,Singaparna,0,-7.362188,108.102647,23.0,Singaparna
-7.354582 108.119172,Baik,PJU Konvensional,Tiang Tunggal,SON T,Singaparna,0,-7.354582,108.119172,23.0,Singaparna
-7.362270 108.103305,Baik,PJU Konvensional,Tiang Stang,SON T,Singaparna,0,-7.36227,108.103305,23.0,Singaparna
-7.354470 108.119070,Baik,PJU Konvensional,Tiang Tunggal,SON T,Singaparna,0,-7.35447,108.11907,23.0,Singaparna
-7.356558 108.105532,Baik,PJU Konvensional,Tiang Tunggal,SON T,Singaparna,0,-7.356558,108.105532,23.0,Singaparna
-7.362330 108.104250,Baik,PJU Konvensional,Tiang Stang,SON T,Singaparna,0,-7.36233,108.10425,23.0,Singaparna
-7.357050 108.119667,Baik,PJU Konvensional,Tiang Tunggal,SON T,Singaparna,0,-7.35705,108.119667,23.0,Singaparna
-7.362452 108.105348,Baik,PJU Konvensional,Tiang Stang,SON T,Singaparna,0,-7.362452,108.105348,23.0,Singaparna
-7.364112 108.112153,Baik,PJU Konvensional,Tiang Tunggal,SON T,Singaparna,0,-7.364112,108.112153,23.0,Singaparna
-7.359462 108.120257,Baik,PJU Konvensional,Tiang Tunggal,SON T,Singaparna,0,-7.359462,108.120257,23.0,Singaparna
-7.362122 108.103345,Baik,PJU Konvensional,Tiang Tunggal,SON T,Singaparna,0,-7.362122,108.103345,23.0,Singaparna
-7.362332 108.103432,Baik,PJU Konvensional,Tiang Tunggal,SON T,Singaparna,0,-7.362332,108.103432,23.0,Singaparna
-7.359155 108.117303,Baik,PJU Konvensional,Tiang Tunggal,SON T,Singaparna,0,-7.359155,108.117303,23.0,Singaparna
-7.362332 108.103432,Baik,PJU Konvensional,Tiang Tunggal,SON T,Singaparna,0,-7.362332,108.103432,23.0,Singaparna
-7.361852 108.103332,Baik,PJU Konvensional,Tiang Tunggal,SON T,Singaparna,0,-7.361852,108.103332,23.0,Singaparna
-7.360887 108.106683,Baik,PJU Konvensional,Tiang Tunggal,SON T,Singaparna,0,-7.360887,108.106683,23.0,Singaparna
-7.362182 108.110081,Baik,PJU Konvensional,Tiang Tunggal,SON T,Singaparna,0,-7.362182,108.110081,23.0,Singaparna
-7.362182 108.110082,Baik,PJU Konvensional,Tiang Tunggal,SON T,Singaparna,0,-7.362182,108.110082,23.0,Singaparna
-7.362417 108.105598,Baik,PJU Solar Cell,Tiang Tunggal,LED,Singaparna,0,-7.362417,108.105598,23.0,Singaparna
-7.359018 108.107870,Baik,PJU Konvensional,Tiang Tunggal,SON T,Singaparna,0,-7.359018,108.10787,23.0,Singaparna
-7.353307 108.103827,Baik,PJU Solar Cell,Tiang Tunggal,LED,Singaparna,0,-7.353307,108.103827,23.0,Singaparna
-7.360188 108.107943,Baik,PJU Konvensional,Tiang Tunggal,Mercury,Singaparna,0,-7.360188,108.107943,23.0,Singaparna
-7.354187 108.104628,Baik,PJU Konvensional,Tiang Stang,SON T,Singaparna,0,-7.354187,108.104628,23.0,Singaparna
-7.357505 108.107057,Baik,PJU Konvensional,Tiang Tunggal,SON T,Singaparna,0,-7.357505,108.107057,23.0,Singaparna
-7.356855 108.106683,Baik,PJU Konvensional,Tiang Tunggal,SON T,Singaparna,0,-7.356855,108.106683,23.0,Singaparna
-7.356855 108.106683,Baik,PJU Konvensional,Tiang Stang,SON T,Singaparna,0,-7.356855,108.106683,23.0,Singaparna
-7.354922 108.105392,Baik,PJU Konvensional,Tiang Tunggal,SON T,Singaparna,0,-7.354922,108.105392,23.0,Singaparna
-7.353882 108.104358,Baik,PJU Konvensional,Tiang Tunggal,SON T,Singaparna,0,-7.353882,108.104358,23.0,Singaparna
-7.353307 108.103827,Baik,PJU Konvensional,Tiang Stang,SON T,Singaparna,0,-7.353307,108.103827,23.0,Singaparna
-7.360188 108.107943,Baik,PJU Konvensional,Tiang Tunggal,SON T,Singaparna,0,-7.360188,108.107943,23.0,Singaparna
-7.356375 108.104873,Baik,PJU Solar Cell,Tiang Tunggal,LED,Singaparna,0,-7.356375,108.104873,23.0,Singaparna
-7.357505 108.107057,Baik,PJU Solar Cell,Tiang Tunggal,LED,Singaparna,0,-7.357505,108.107057,23.0,Singaparna
-7.358948 108.107765,Baik,PJU Solar Cell,Tiang Tunggal,LED,Singaparna,0,-7.358948,108.107765,23.0,Singaparna
-7.344438 108.126068,Baik,PJU Konvensional,Tiang Tunggal,SON T,Singaparna,0,-7.344438,108.126068,28.0,Padakembang
-7.344598 108.143832,Baik,PJU Konvensional,Tiang Tunggal,SON T,Singaparna,0,-7.344598,108.143832,23.0,Singaparna
-7.338403 108.152970,Baik,PJU Konvensional,Tiang Tunggal,SON T,Singaparna,0,-7.338403,108.15297,23.0,Singaparna
-7.337882 108.153511,Baik,PJU Konvensional,Tiang Tunggal,SON T,Singaparna,0,-7.337882,108.153511,23.0,Singaparna
-7.3369964 108.1494416,Baik,PJU Konvensional,Tiang Tunggal,SON T,Singaparna,0,-7.3369964,108.1494416,23.0,Singaparna
-7.337131 108.149731,Baik,PJU Konvensional,Tiang Stang,SON T,Singaparna,0,-7.337131,108.149731,23.0,Singaparna
-7.358948 108.107765,Baik,PJU Solar Cell,Tiang Stang,LED,Singaparna,0,-7.358948,108.107765,23.0,Singaparna
-7.359018 108.107870,Baik,PJU Konvensional,Tiang Tunggal,SON T,Singaparna,0,-7.359018,108.10787,23.0,Singaparna
-7.354952 108.098195,Baik,PJU Solar Cell,Tiang Tunggal,LED,Singaparna,0,-7.354952,108.098195,23.0,Singaparna
-7.360818 108.113342,Baik,PJU Konvensional,Tiang Tunggal,SON T,Singaparna,0,-7.360818,108.113342,23.0,Singaparna
-7.363552 108.113118,Baik,PJU Konvensional,Tiang Tunggal,SON T,Singaparna,0,-7.363552,108.113118,23.0,Singaparna
-7.363183 108.112305,Baik,PJU Konvensional,Tiang Tunggal,SON T,Singaparna,0,-7.363183,108.112305,23.0,Singaparna
-7.350457 108.106405,Baik,PJU Konvensional,Tiang Tunggal,SON T,Singaparna,0,-7.350457,108.106405,23.0,Singaparna
-7.350592 108.108928,Baik,PJU Konvensional,Tiang Stang,SON T,Singaparna,0,-7.350592,108.108928,23.0,Singaparna
-7.350358 108.109557,Baik,PJU Konvensional,Tiang Tunggal,SON T,Singaparna,0,-7.350358,108.109557,23.0,Singaparna
-7.350285 108.110392,Baik,PJU Konvensional,Tiang Tunggal,SON T,Singaparna,0,-7.350285,108.110392,23.0,Singaparna
-7.351747 108.111453,Baik,PJU Konvensional,Tiang Tunggal,SON T,Singaparna,0,-7.351747,108.111453,23.0,Singaparna
-7.351755 108.112777,Baik,PJU Konvensional,Tiang Tunggal,SON T,Singaparna,0,-7.351755,108.112777,23.0,Singaparna
-7.350766 108.110877,Baik,PJU Konvensional,Tiang Tunggal,SON T,Singaparna,0,-7.350766,108.110877,23.0,Singaparna
-7.350397 108.112447,Baik,PJU Konvensional,Tiang Tunggal,SON T,Singaparna,0,-7.350397,108.112447,23.0,Singaparna
-7.349012 108.110254,Baik,PJU Konvensional,Tiang Tunggal,SON T,Singaparna,0,-7.349012,108.110254,23.0,Singaparna
-7.357674 108.085860,Baik,PJU Konvensional,Tiang Tunggal,SON T,Cigalontang,0,-7.357674,108.08586,26.0,Cigalontang
-7.353212 108.129590,Baik,PJU Konvensional,Tiang Tunggal,SON T,Singaparna,0,-7.353212,108.12959,23.0,Singaparna
-7.345095 108.114723,Baik,PJU Konvensional,Tiang Stang,SON T,Singaparna,0,-7.345095,108.114723,23.0,Singaparna
-7.345310 108.108970,Baik,PJU Konvensional,Tiang Tunggal,SON T,Singaparna,0,-7.34531,108.10897,23.0,Singaparna
-7.3544247 108.1076851,Baik,PJU Konvensional,Tiang Tunggal,Mercury,Singaparna,0,-7.3544247,108.1076851,23.0,Singaparna
-7.358385 108.118965,Baik,PJU Konvensional,Tiang Tunggal,SON T,Singaparna,0,-7.358385,108.118965,23.0,Singaparna
-7.342913 108.125447,Baik,PJU Solar Cell,Tiang Tunggal,LED,Singaparna,0,-7.342913,108.125447,28.0,Padakembang
-7.348306 108.128059,Baik,PJU Konvensional,Tiang Tunggal,SON T,Singaparna,0,-7.348306,108.128059,23.0,Singaparna
-7.343404 108.126390,Baik,PJU Konvensional,Tiang Tunggal,SON T,Singaparna,0,-7.343404,108.12639,28.0,Padakembang
-7.346000 108.126541,Baik,PJU Konvensional,Tiang Tunggal,SON T,Singaparna,0,-7.346,108.126541,23.0,Singaparna
-7.333957 108.150280,Baik,PJU Solar Cell,Tiang Tunggal,LED,Singaparna,0,-7.333957,108.15028,23.0,Singaparna
-7.345338 108.126073,Baik,PJU Konvensional,Tiang Tunggal,SON T,Singaparna,0,-7.345338,108.126073,23.0,Singaparna
-7.346316 108.122538,Baik,PJU Konvensional,Tiang Tunggal,SON T,Singaparna,0,-7.346316,108.122538,23.0,Singaparna
-7.3452530 108.1244570,Baik,PJU Konvensional,Tiang Tunggal,SON T,Singaparna,0,-7.345253,108.124457,28.0,Padakembang
-7.3455790 108.1236220,Baik,PJU Konvensional,Tiang Stang,SON T,Singaparna,0,-7.345579,108.123622,28.0,Padakembang
-7.360393 108.113717,Baik,PJU Konvensional,Tiang Tunggal,Mercury,Singaparna,0,-7.360393,108.113717,23.0,Singaparna
-7.360943 108.113852,Baik,PJU Konvensional,Tiang Tunggal,SON T,Singaparna,0,-7.360943,108.113852,23.0,Singaparna
-7.360845 108.113935,Baik,PJU Konvensional,Tiang Tunggal,SON T,Singaparna,0,-7.360845,108.113935,23.0,Singaparna
-7.362150 108.112851,Baik,PJU Konvensional,Tiang Tunggal,SON T,Singaparna,0,-7.36215,108.112851,23.0,Singaparna
-7.362150 108.112852,Baik,PJU Konvensional,Tiang Tunggal,SON T,Singaparna,0,-7.36215,108.112852,23.0,Singaparna
-7.3380226 108.1532106,Baik,PJU Konvensional,Tiang Tunggal,SON T,Singaparna,0,-7.3380226,108.1532106,23.0,Singaparna
-7.361485 108.111995,Baik,PJU Konvensional,Tiang Tunggal,SON T,Singaparna,0,-7.361485,108.111995,23.0,Singaparna
-7.348862 108.129329,Baik,PJU Konvensional,Tiang Stang,SON T,Singaparna,0,-7.348862,108.129329,23.0,Singaparna
-7.339258 108.153124,Baik,PJU Konvensional,Tiang Stang,SON T,Singaparna,0,-7.339258,108.153124,23.0,Singaparna
-7.348778 108.129095,Baik,PJU Konvensional,Tiang Stang,SON T,Singaparna,0,-7.348778,108.129095,23.0,Singaparna
-7.338169 108.149885,Baik,PJU Konvensional,Tiang Stang,SON T,Singaparna,0,-7.338169,108.149885,23.0,Singaparna
-7.338676 108.150359,Baik,PJU Solar Cell,Tiang Tunggal,LED,Singaparna,0,-7.338676,108.150359,23.0,Singaparna
-7.3371186 108.1496404,Baik,PJU Konvensional,Tiang Tunggal,SON T,Singaparna,0,-7.3371186,108.1496404,23.0,Singaparna
-7.3364850 108.1487428,Baik,PJU Konvensional,Tiang Tunggal,SON T,Singaparna,0,-7.336485,108.1487428,23.0,Singaparna
-7.327354 108.151133,Baik,PJU Konvensional,Tiang Stang,Mercury,Singaparna,0,-7.327354,108.151133,23.0,Singaparna
-7.344939 108.142171,Baik,PJU Konvensional,Tiang Tunggal,SON T,Singaparna,0,-7.344939,108.142171,23.0,Singaparna
-7.327531 108.149596,Baik,PJU Konvensional,Tiang Tunggal,Mercury,Singaparna,0,-7.327531,108.149596,23.0,Singaparna
-7.344598 108.143832,Baik,PJU Konvensional,Tiang Tunggal,SON T,Singaparna,0,-7.344598,108.143832,23.0,Singaparna
-7.361672 108.116248,Baik,PJU Konvensional,Tiang Tunggal,SON T,Singaparna,0,-7.361672,108.116248,23.0,Singaparna
-7.361698 108.116278,Baik,PJU Solar Cell,Tiang Tunggal,LED,Singaparna,0,-7.361698,108.116278,23.0,Singaparna
-7.346097 108.139462,Baik,PJU Solar Cell,Tiang Tunggal,LED,Singaparna,0,-7.346097,108.139462,23.0,Singaparna
-7.361540 108.116764,Baik,PJU Solar Cell,Tiang Tunggal,LED,Singaparna,0,-7.36154,108.116764,23.0,Singaparna
-7.361548 108.116593,Baik,PJU Konvensional,Tiang Tunggal,SON T,Singaparna,0,-7.361548,108.116593,23.0,Singaparna
-7.361497 108.116648,Baik,PJU Konvensional,Tiang Tunggal,SON T,Singaparna,0,-7.361497,108.116648,23.0,Singaparna
-7.3412744 108.1574191,Baik,PJU Konvensional,Tiang Stang,SON T,Singaparna,0,-7.3412744,108.1574191,23.0,Singaparna
-7.3410117 108.1574932,Baik,PJU Konvensional,Tiang Tunggal,SON T,Singaparna,0,-7.3410117,108.1574932,23.0,Singaparna
-7.3408980 108.1573303,Baik,PJU Konvensional,Tiang Stang,SON T,Singaparna,0,-7.340898,108.1573303,23.0,Singaparna
-7.3406861 108.1576360,Baik,PJU Konvensional,Tiang Stang,SON T,Singaparna,0,-7.3406861,108.157636,23.0,Singaparna
-7.3400470 108.1576471,Baik,PJU Konvensional,Tiang Stang,SON T,Singaparna,0,-7.340047,108.1576471,23.0,Singaparna
-7.3405185 108.1579680,Baik,PJU Konvensional,Tiang Stang,SON T,Singaparna,0,-7.3405185,108.157968,23.0,Singaparna
-7.3403041 108.1583364,Baik,PJU Konvensional,Tiang Tunggal,SON T,Singaparna,0,-7.3403041,108.1583364,23.0,Singaparna
-7.3400809 108.1577893,Baik,PJU Konvensional,Tiang Tunggal,SON T,Singaparna,0,-7.3400809,108.1577893,23.0,Singaparna
-7.3416342 108.1572716,Baik,PJU Konvensional,Tiang Tunggal,SON T,Singaparna,0,-7.3416342,108.1572716,23.0,Singaparna
-7.3620595 108.1282280,Baik,PJU Konvensional,Tiang Stang,SON T,Singaparna,0,-7.3620595,108.128228,25.0,Sukarame
-7.3416039 108.1572991,Baik,PJU Konvensional,Tiang Stang,SON T,Singaparna,0,-7.3416039,108.1572991,23.0,Singaparna
-7.3417289 108.1578476,Baik,PJU Konvensional,Tiang Stang,SON T,Singaparna,0,-7.3417289,108.1578476,23.0,Singaparna
-7.3425420 108.1570141,Baik,PJU Konvensional,Tiang Stang,SON T,Singaparna,0,-7.342542,108.1570141,23.0,Singaparna
-7.3422420 108.1570067,Baik,PJU Konvensional,Tiang Stang,SON T,Singaparna,0,-7.342242,108.1570067,23.0,Singaparna
-7.3426201 108.1564995,Baik,PJU Konvensional,Tiang Stang,SON T,Singaparna,0,-7.3426201,108.1564995,23.0,Singaparna
-7.3429307 108.1572860,Baik,PJU Konvensional,Tiang Tunggal,SON T,Singaparna,0,-7.3429307,108.157286,23.0,Singaparna
-7.3430255 108.1567191,Baik,PJU Konvensional,Tiang Tunggal,SON T,Singaparna,0,-7.3430255,108.1567191,23.0,Singaparna
-7.3432127 108.1573346,Baik,PJU Konvensional,Tiang Stang,SON T,Singaparna,0,-7.3432127,108.1573346,23.0,Singaparna
-7.3433148 108.1567948,Baik,PJU Konvensional,Tiang Stang,SON T,Singaparna,0,-7.3433148,108.1567948,23.0,Singaparna
-7.3434611 108.1572971,Baik,PJU Konvensional,Tiang Stang,SON T,Singaparna,0,-7.3434611,108.1572971,23.0,Singaparna
-7.3431738 108.1562876,Baik,PJU Konvensional,Tiang Stang,SON T,Singaparna,0,-7.3431738,108.1562876,23.0,Singaparna
-7.3435811 108.1565960,Baik,PJU Konvensional,Tiang Stang,SON T,Singaparna,0,-7.3435811,108.156596,23.0,Singaparna
-7.3434395 108.1562195,Baik,PJU Konvensional,Tiang Stang,SON T,Singaparna,0,-7.3434395,108.1562195,23.0,Singaparna
-7.3438082 108.1565608,Baik,PJU Konvensional,Tiang Tunggal,SON T,Singaparna,0,-7.3438082,108.1565608,23.0,Singaparna
-7.3436011 108.1557515,Baik,PJU Konvensional,Tiang Stang,SON T,Singaparna,0,-7.3436011,108.1557515,23.0,Singaparna
-7.3435146 108.1554577,Baik,PJU Konvensional,Tiang Tunggal,SON T,Singaparna,0,-7.3435146,108.1554577,23.0,Singaparna
-7.3432675 108.1555007,Baik,PJU Konvensional,Tiang Tunggal,SON T,Singaparna,0,-7.3432675,108.1555007,23.0,Singaparna
-7.3432875 108.1556951,Baik,PJU Konvensional,Tiang Stang,SON T,Singaparna,0,-7.3432875,108.1556951,23.0,Singaparna
-7.3432054 108.1563191,Baik,PJU Konvensional,Tiang Stang,SON T,Singaparna,0,-7.3432054,108.1563191,23.0,Singaparna
-7.3427046 108.1556264,Baik,PJU Konvensional,Tiang Tunggal,SON T,Singaparna,0,-7.3427046,108.1556264,23.0,Singaparna
-7.3429606 108.1555828,Baik,PJU Konvensional,Tiang Tunggal,SON T,Singaparna,0,-7.3429606,108.1555828,23.0,Singaparna
-7.3425220 108.1558141,Baik,PJU Konvensional,Tiang Tunggal,SON T,Singaparna,0,-7.342522,108.1558141,23.0,Singaparna
-7.3422766 108.1559617,Baik,PJU Konvensional,Tiang Stang,SON T,Singaparna,0,-7.3422766,108.1559617,23.0,Singaparna
-7.3362166 108.1499746,Baik,PJU Konvensional,Tiang Stang,SON T,Singaparna,0,-7.3362166,108.1499746,23.0,Singaparna
-7.3368291 108.1498647,Baik,PJU Konvensional,Tiang Stang,SON T,Singaparna,0,-7.3368291,108.1498647,23.0,Singaparna
-7.3357620 108.1499472,Baik,PJU Konvensional,Tiang Tunggal,SON T,Singaparna,0,-7.335762,108.1499472,23.0,Singaparna
-7.3360104 108.1502117,Baik,PJU Konvensional,Tiang Stang,SON T,Singaparna,0,-7.3360104,108.1502117,23.0,Singaparna
-7.3360015 108.1504360,Baik,PJU Konvensional,Tiang Stang,SON T,Singaparna,0,-7.3360015,108.150436,23.0,Singaparna
-7.3354056 108.1506606,Baik,PJU Konvensional,Tiang Stang,SON T,Singaparna,0,-7.3354056,108.1506606,23.0,Singaparna
-7.3353913 108.1516061,Baik,PJU Konvensional,Tiang Tunggal,SON T,Singaparna,0,-7.3353913,108.1516061,23.0,Singaparna
-7.3349879 108.1515478,Baik,PJU Konvensional,Tiang Tunggal,SON T,Singaparna,0,-7.3349879,108.1515478,23.0,Singaparna
-7.3345234 108.1510542,Baik,PJU Konvensional,Tiang Stang,SON T,Singaparna,0,-7.3345234,108.1510542,23.0,Singaparna
-7.3454097 108.1451718,Baik,PJU Solar Cell,Tiang Tunggal,LED,Singaparna,0,-7.3454097,108.1451718,23.0,Singaparna
-7.3443263 108.1450776,Baik,PJU Solar Cell,Tiang Tunggal,LED,Singaparna,0,-7.3443263,108.1450776,23.0,Singaparna
-7.3556064 108.0937626,Baik,PJU Konvensional,Tiang Tunggal,SON T,Singaparna,0,-7.3556064,108.0937626,23.0,Singaparna
-7.3558206 108.0937361,Baik,PJU Konvensional,Tiang Stang,SON T,Singaparna,0,-7.3558206,108.0937361,23.0,Singaparna
-7.3559253 108.0938082,Baik,PJU Konvensional,Tiang Stang,SON T,Singaparna,0,-7.3559253,108.0938082,23.0,Singaparna
-7.3559064 108.0943792,Baik,PJU Konvensional,Tiang Stang,SON T,Singaparna,0,-7.3559064,108.0943792,23.0,Singaparna
-7.3563652 108.0943771,Baik,PJU Konvensional,Tiang Tunggal,SON T,Singaparna,0,-7.3563652,108.0943771,23.0,Singaparna
-7.3563240 108.0937998,Baik,PJU Konvensional,Tiang Tunggal,SON T,Singaparna,0,-7.356324,108.0937998,23.0,Singaparna
-7.3563144 108.0933857,Baik,PJU Solar Cell,Tiang Stang,LED,Singaparna,0,-7.3563144,108.0933857,23.0,Singaparna
-7.3565824 108.0932768,Baik,PJU Konvensional,Tiang Tunggal,SON T,Singaparna,0,-7.3565824,108.0932768,23.0,Singaparna
-7.3568284 108.0936369,Baik,PJU Konvensional,Tiang Stang,SON T,Singaparna,0,-7.3568284,108.0936369,23.0,Singaparna
-7.3568670 108.0933462,Baik,PJU Konvensional,Tiang Stang,SON T,Singaparna,0,-7.356867,108.0933462,23.0,Singaparna
-7.3571034 108.0932949,Baik,PJU Solar Cell,Tiang Stang,LED,Singaparna,0,-7.3571034,108.0932949,23.0,Singaparna
-7.3574682 108.0933582,Baik,PJU Konvensional,Tiang Stang,SON T,Singaparna,0,-7.3574682,108.0933582,23.0,Singaparna
-7.3563044 108.0940979,Baik,PJU Solar Cell,Tiang Tunggal,LED,Singaparna,0,-7.3563044,108.0940979,23.0,Singaparna
-7.3626611 108.1117914,Baik,PJU Solar Cell,Tiang Tunggal,LED,Singaparna,0,-7.3626611,108.1117914,23.0,Singaparna
-7.3632007 108.1123020,Baik,PJU Solar Cell,Tiang Tunggal,LED,Singaparna,0,-7.3632007,108.112302,23.0,Singaparna
-7.3635149 108.1120884,Baik,PJU Solar Cell,Tiang Tunggal,LED,Singaparna,0,-7.3635149,108.1120884,23.0,Singaparna
-7.3617902 108.1144035,Baik,PJU Solar Cell,Tiang Tunggal,LED,Singaparna,0,-7.3617902,108.1144035,23.0,Singaparna
-7.3618530 108.1142594,Baik,PJU Solar Cell,Tiang Tunggal,LED,Singaparna,0,-7.361853,108.1142594,23.0,Singaparna
-7.3620047 108.1138520,Baik,PJU Solar Cell,Tiang Tunggal,LED,Singaparna,0,-7.3620047,108.113852,23.0,Singaparna
-7.3613144 108.1135895,Baik,PJU Solar Cell,Tiang Tunggal,LED,Singaparna,0,-7.3613144,108.1135895,23.0,Singaparna
-7.3613044 108.1128033,Baik,PJU Solar Cell,Tiang Tunggal,LED,Singaparna,0,-7.3613044,108.1128033,23.0,Singaparna
-7.3613533 108.1127731,Baik,PJU Solar Cell,Tiang Tunggal,LED,Singaparna,0,-7.3613533,108.1127731,23.0,Singaparna
-7.3613569 108.1127308,Baik,PJU Solar Cell,Tiang Tunggal,LED,Singaparna,0,-7.3613569,108.1127308,23.0,Singaparna
-7.3613945 108.1121739,Baik,PJU Solar Cell,Tiang Tunggal,LED,Singaparna,0,-7.3613945,108.1121739,23.0,Singaparna
-7.3612043 108.1120167,Baik,PJU Solar Cell,Tiang Tunggal,LED,Singaparna,0,-7.3612043,108.1120167,23.0,Singaparna
-7.3605676 108.1129685,Baik,PJU Solar Cell,Tiang Tunggal,LED,Singaparna,0,-7.3605676,108.1129685,23.0,Singaparna
-7.3616801 108.1141222,Baik,PJU Solar Cell,Tiang Tunggal,LED,Singaparna,0,-7.3616801,108.1141222,23.0,Singaparna
-7.3618348 108.1144391,Baik,PJU Solar Cell,Tiang Tunggal,LED,Singaparna,0,-7.3618348,108.1144391,23.0,Singaparna
-7.3618025 108.1145457,Baik,PJU Solar Cell,Tiang Tunggal,LED,Singaparna,0,-7.3618025,108.1145457,23.0,Singaparna
-7.3614933 108.1146841,Baik,PJU Solar Cell,Tiang Tunggal,LED,Singaparna,0,-7.3614933,108.1146841,23.0,Singaparna
-7.3615042 108.1146533,Baik,PJU Solar Cell,Tiang Tunggal,LED,Singaparna,0,-7.3615042,108.1146533,23.0,Singaparna
-7.3628825 108.1138456,Baik,PJU Solar Cell,Tiang Tunggal,LED,Singaparna,0,-7.3628825,108.1138456,23.0,Singaparna
-7.3614022 108.1110330,Baik,PJU Solar Cell,Tiang Tunggal,LED,Singaparna,0,-7.3614022,108.111033,23.0,Singaparna
-7.3602427 108.1134705,Baik,PJU Solar Cell,Tiang Tunggal,LED,Singaparna,0,-7.3602427,108.1134705,23.0,Singaparna
-7.3602114 108.1130051,Baik,PJU Solar Cell,Tiang Tunggal,LED,Singaparna,0,-7.3602114,108.1130051,23.0,Singaparna
-7.3612997 108.1138228,Baik,PJU Solar Cell,Tiang Tunggal,LED,Singaparna,0,-7.3612997,108.1138228,23.0,Singaparna
-7.3605240 108.1135640,Baik,PJU Solar Cell,Tiang Tunggal,LED,Singaparna,0,-7.360524,108.113564,23.0,Singaparna
-7.3598713 108.1139442,Baik,PJU Solar Cell,Tiang Tunggal,LED,Singaparna,0,-7.3598713,108.1139442,23.0,Singaparna
-7.3600089 108.1137467,Baik,PJU Solar Cell,Tiang Tunggal,LED,Singaparna,0,-7.3600089,108.1137467,23.0,Singaparna
-7.3610035 108.1134705,Baik,PJU Solar Cell,Tiang Tunggal,LED,Singaparna,0,-7.3610035,108.1134705,23.0,Singaparna
-7.3617563 108.1133186,Baik,PJU Solar Cell,Tiang Tunggal,LED,Singaparna,0,-7.3617563,108.1133186,23.0,Singaparna
-7.3618055 108.1129280,Baik,PJU Solar Cell,Tiang Tunggal,LED,Singaparna,0,-7.3618055,108.112928,23.0,Singaparna
-7.3619728 108.1126410,Baik,PJU Solar Cell,Tiang Tunggal,LED,Singaparna,0,-7.3619728,108.112641,23.0,Singaparna
-7.3624512 108.1128170,Baik,PJU Solar Cell,Tiang Tunggal,LED,Singaparna,0,-7.3624512,108.112817,23.0,Singaparna
-7.3621779 108.1119369,Baik,PJU Solar Cell,Tiang Tunggal,LED,Singaparna,0,-7.3621779,108.1119369,23.0,Singaparna
-7.350519 108.126631,Baik,PJU Konvensional,Tiang Tunggal,SON T,Singaparna,0,-7.350519,108.126631,23.0,Singaparna
-7.350519 108.126632,Baik,PJU Konvensional,Tiang Tunggal,SON T,Singaparna,0,-7.350519,108.126632,23.0,Singaparna
-7.349910 108.126190,Baik,PJU Konvensional,Tiang Tunggal,SON T,Singaparna,0,-7.34991,108.12619,23.0,Singaparna
-7.356218 108.103517,Baik,PJU Konvensional,Tiang Tunggal,SON T,Singaparna,0,-7.356218,108.103517,23.0,Singaparna
-7.349996 108.126701,Baik,PJU Konvensional,Tiang Tunggal,SON T,Singaparna,0,-7.349996,108.126701,23.0,Singaparna
-7.349969 108.126713,Baik,PJU Konvensional,Tiang Tunggal,SON T,Singaparna,0,-7.349969,108.126713,23.0,Singaparna
-7.342651 108.147546,Baik,PJU Konvensional,Tiang Tunggal,SON T,Singaparna,0,-7.342651,108.147546,23.0,Singaparna
-7.344122 108.146603,Baik,PJU Konvensional,Tiang Tunggal,SON T,Singaparna,0,-7.344122,108.146603,23.0,Singaparna
-7.345039 108.146264,Baik,PJU Konvensional,Tiang Tunggal,SON T,Singaparna,0,-7.345039,108.146264,23.0,Singaparna
-7.345941 108.146124,Baik,PJU Konvensional,Tiang Tunggal,SON T,Singaparna,0,-7.345941,108.146124,23.0,Singaparna
-7.346977 108.147731,Baik,PJU Solar Cell,Tiang Tunggal,LED,Singaparna,0,-7.346977,108.147731,23.0,Singaparna
-7.350864 108.104312,Baik,PJU Konvensional,Tiang Tunggal,SON T,Singaparna,0,-7.350864,108.104312,23.0,Singaparna
-7.349063 108.148915,Baik,PJU Konvensional,Tiang Tunggal,SON T,Singaparna,0,-7.349063,108.148915,23.0,Singaparna
-7.350737 108.103984,Baik,PJU Konvensional,Tiang Tunggal,Mercury,Singaparna,0,-7.350737,108.103984,23.0,Singaparna
-7.349663 108.100986,Baik,PJU Konvensional,Tiang Stang,Mercury,Singaparna,0,-7.349663,108.100986,23.0,Singaparna
-7.351881 108.145181,Baik,PJU Konvensional,Tiang Tunggal,SON T,Singaparna,0,-7.351881,108.145181,23.0,Singaparna
-7.351881 108.145181,Baik,PJU Konvensional,Tiang Tunggal,SON T,Singaparna,0,-7.351881,108.145181,23.0,Singaparna
-7.342617 108.094256,Baik,PJU Konvensional,Tiang Tunggal,SON T,Singaparna,0,-7.342617,108.094256,23.0,Singaparna
-7.344136 108.146510,Baik,PJU Konvensional,Tiang Tunggal,SON T,Singaparna,0,-7.344136,108.14651,23.0,Singaparna
-7.347269 108.096765,Baik,PJU Konvensional,Tiang Stang,SON T,Singaparna,0,-7.347269,108.096765,23.0,Singaparna
-7.353027 108.148846,Baik,PJU Konvensional,Tiang Tunggal,SON T,Singaparna,0,-7.353027,108.148846,23.0,Singaparna
-7.350315 108.109503,Baik,PJU Konvensional,Tiang Tunggal,SON T,Singaparna,0,-7.350315,108.109503,23.0,Singaparna
-7.350720 108.147870,Baik,PJU Konvensional,Tiang Tunggal,SON T,Singaparna,0,-7.35072,108.14787,23.0,Singaparna
-7.351131 108.108644,Baik,PJU Solar Cell,Tiang Tunggal,LED,Singaparna,0,-7.351131,108.108644,23.0,Singaparna
-7.353566 108.149352,Baik,PJU Konvensional,Tiang Tunggal,SON T,Singaparna,0,-7.353566,108.149352,23.0,Singaparna
-7.350300 108.108724,Baik,PJU Konvensional,Tiang Tunggal,SON T,Singaparna,0,-7.3503,108.108724,23.0,Singaparna
-7.350235 108.105563,Baik,PJU Konvensional,Tiang Tunggal,Mercury,Singaparna,0,-7.350235,108.105563,23.0,Singaparna
-7.350152 108.105260,Baik,PJU Konvensional,Tiang Tunggal,Mercury,Singaparna,0,-7.350152,108.10526,23.0,Singaparna
-7.353328 108.147081,Baik,PJU Konvensional,Tiang Tunggal,SON T,Singaparna,0,-7.353328,108.147081,23.0,Singaparna
-7.353481 108.145217,Baik,PJU Konvensional,Tiang Tunggal,SON T,Singaparna,0,-7.353481,108.145217,23.0,Singaparna
-7.349559 108.153950,Baik,PJU Konvensional,Tiang Tunggal,LED,Singaparna,0,-7.349559,108.15395,23.0,Singaparna
-7.346753 108.110115,Baik,PJU Konvensional,Tiang Stang,SON T,Singaparna,0,-7.346753,108.110115,23.0,Singaparna
-7.343914 108.108913,Baik,PJU Solar Cell,Tiang Tunggal,LED,Singaparna,0,-7.343914,108.108913,23.0,Singaparna
-7.351704 108.153422,Baik,PJU Solar Cell,Tiang Tunggal,LED,Singaparna,0,-7.351704,108.153422,23.0,Singaparna
-7.348628 108.153943,Baik,PJU Konvensional,Tiang Tunggal,SON T,Singaparna,0,-7.348628,108.153943,23.0,Singaparna
-7.347744 108.154031,Baik,PJU Konvensional,Tiang Tunggal,SON T,Singaparna,0,-7.347744,108.154031,23.0,Singaparna
-7.347624 108.153956,Baik,PJU Konvensional,Tiang Tunggal,SON T,Singaparna,0,-7.347624,108.153956,23.0,Singaparna
-7.350720 108.147870,Baik,PJU Konvensional,Tiang Tunggal,SON T,Singaparna,0,-7.35072,108.14787,23.0,Singaparna
-7.344243 108.147075,Baik,PJU Konvensional,Tiang Tunggal,SON T,Singaparna,0,-7.344243,108.147075,23.0,Singaparna
-7.345544 108.149574,Baik,PJU Solar Cell,Tiang Tunggal,LED,Singaparna,0,-7.345544,108.149574,23.0,Singaparna
-7.3348772 108.1515545,Baik,PJU Konvensional,Tiang Tunggal,SON T,Singaparna,0,-7.3348772,108.1515545,23.0,Singaparna
-7.3346554 108.1518726,Baik,PJU Konvensional,Tiang Tunggal,SON T,Singaparna,0,-7.3346554,108.1518726,23.0,Singaparna
-7.3608439 108.1282809,Baik,PJU Konvensional,Tiang Stang,SON T,Singaparna,0,-7.3608439,108.1282809,25.0,Sukarame
-7.3607634 108.1287067,Baik,PJU Konvensional,Tiang Tunggal,SON T,Singaparna,0,-7.3607634,108.1287067,25.0,Sukarame
-7.3603248 108.1206497,Baik,PJU Konvensional,Tiang Tunggal,SON T,Singaparna,0,-7.3603248,108.1206497,23.0,Singaparna
-7.3607055 108.1300009,Baik,PJU Solar Cell,Tiang Tunggal,LED,Singaparna,0,-7.3607055,108.1300009,25.0,Sukarame
-7.349511 108.113781,Baik,PJU Konvensional,Tiang Stang,SON T,Singaparna,0,-7.349511,108.113781,23.0,Singaparna
-7.349500 108.120015,Baik,PJU Konvensional,Tiang Tunggal,SON T,Singaparna,0,-7.3495,108.120015,23.0,Singaparna
-7.350728 108.121318,Baik,PJU Konvensional,Tiang Stang,SON T,Singaparna,0,-7.350728,108.121318,23.0,Singaparna
-7.350053 108.122178,Baik,PJU Konvensional,Tiang Tunggal,SON T,Singaparna,0,-7.350053,108.122178,23.0,Singaparna
-7.340670 108.121688,Baik,PJU Konvensional,Tiang Stang,SON T,Singaparna,0,-7.34067,108.121688,28.0,Padakembang
-7.337453 108.121379,Baik,PJU Konvensional,Tiang Stang,SON T,Singaparna,0,-7.337453,108.121379,28.0,Padakembang
-7.336860 108.121347,Baik,PJU Konvensional,Tiang Tunggal,SON T,Singaparna,0,-7.33686,108.121347,28.0,Padakembang
-7.337233 108.120250,Baik,PJU Konvensional,Tiang Tunggal,SON T,Singaparna,0,-7.337233,108.12025,28.0,Padakembang
-7.350656 108.133659,Baik,PJU Konvensional,Tiang Tunggal,Mercury,Singaparna,0,-7.350656,108.133659,23.0,Singaparna
-7.350656 108.133659,Baik,PJU Konvensional,Tiang Tunggal,Mercury,Singaparna,0,-7.350656,108.133659,23.0,Singaparna
-7.348624 108.131896,Baik,PJU Solar Cell,Tiang Tunggal,LED,Singaparna,0,-7.348624,108.131896,28.0,Padakembang
-7.348042 108.132391,Baik,PJU Solar Cell,Tiang Tunggal,LED,Singaparna,0,-7.348042,108.132391,28.0,Padakembang
-7.350771 108.135137,Baik,PJU Konvensional,Tiang Tunggal,Mercury,Singaparna,0,-7.350771,108.135137,23.0,Singaparna
-7.349560 108.135464,Baik,PJU Konvensional,Tiang Tunggal,SON T,Singaparna,0,-7.34956,108.135464,23.0,Singaparna
-7.351001 108.135837,Baik,PJU Konvensional,Tiang Tunggal,Mercury,Singaparna,0,-7.351001,108.135837,23.0,Singaparna
-7.3530547 108.1405651,Baik,PJU Konvensional,Tiang Tunggal,SON T,Singaparna,0,-7.3530547,108.1405651,23.0,Singaparna
-7.3456614 108.1239207,Baik,PJU Solar Cell,Tiang Tunggal,LED,Singaparna,0,-7.3456614,108.1239207,23.0,Singaparna
-7.3462297 108.1242016,Baik,PJU Konvensional,Tiang Tunggal,SON T,Singaparna,0,-7.3462297,108.1242016,23.0,Singaparna
-7.3428905 108.1415736,Baik,PJU Konvensional,Tiang Stang,SON T,Singaparna,0,-7.3428905,108.1415736,23.0,Singaparna
-7.3424352 108.1412618,Baik,PJU Konvensional,Tiang Stang,SON T,Singaparna,0,-7.3424352,108.1412618,23.0,Singaparna
-7.3430607 108.1420843,Baik,PJU Konvensional,Tiang Stang,SON T,Singaparna,0,-7.3430607,108.1420843,23.0,Singaparna
-7.3441348 108.1421215,Baik,PJU Konvensional,Tiang Stang,SON T,Singaparna,0,-7.3441348,108.1421215,23.0,Singaparna
-7.3445754 108.1423595,Baik,PJU Konvensional,Tiang Stang,SON T,Singaparna,0,-7.3445754,108.1423595,23.0,Singaparna
-7.3448188 108.1428406,Baik,PJU Konvensional,Tiang Tunggal,SON T,Singaparna,0,-7.3448188,108.1428406,23.0,Singaparna
-7.3449471 108.1424631,Baik,PJU Konvensional,Tiang Tunggal,LED,Singaparna,0,-7.3449471,108.1424631,23.0,Singaparna
-7.3345104 108.1508447,Baik,PJU Konvensional,Tiang Stang,SON T,Singaparna,0,-7.3345104,108.1508447,23.0,Singaparna
-7.3345263 108.1501765,Baik,PJU Solar Cell,Tiang Stang,LED,Singaparna,0,-7.3345263,108.1501765,23.0,Singaparna
-7.3345975 108.1519320,Baik,PJU Konvensional,Tiang Stang,SON T,Singaparna,0,-7.3345975,108.151932,23.0,Singaparna
-7.344357 108.144356,Baik,PJU Konvensional,Tiang Tunggal,SON T,Singaparna,0,-7.344357,108.144356,23.0,Singaparna
-7.351448 108.104245,Baik,PJU Solar Cell,Tiang Tunggal,LED,Singaparna,0,-7.351448,108.104245,23.0,Singaparna
-7.350925 108.104579,Baik,PJU Konvensional,Tiang Tunggal,SON T,Singaparna,0,-7.350925,108.104579,23.0,Singaparna
-7.3337851 108.1500970,Baik,PJU Konvensional,Tiang Tunggal,SON T,Singaparna,0,-7.3337851,108.150097,23.0,Singaparna
-7.3349117 108.1501855,Baik,PJU Konvensional,Tiang Tunggal,SON T,Singaparna,0,-7.3349117,108.1501855,23.0,Singaparna
-7.358815 108.110051,Baik,PJU Konvensional,Tiang Tunggal,SON T,Singaparna,0,-7.358815,108.110051,23.0,Singaparna
-7.355291 108.110275,Baik,PJU Konvensional,Tiang Tunggal,SON T,Singaparna,0,-7.355291,108.110275,23.0,Singaparna
-7.356537 108.110282,Baik,PJU Konvensional,Tiang Tunggal,SON T,Singaparna,0,-7.356537,108.110282,23.0,Singaparna
-7.357761 108.110151,Baik,PJU Konvensional,Tiang Tunggal,SON T,Singaparna,0,-7.357761,108.110151,23.0,Singaparna
-7.332151 108.135919,Baik,PJU Konvensional,Tiang Tunggal,Mercury,Singaparna,0,-7.332151,108.135919,23.0,Singaparna
-7.348095 108.142302,Baik,PJU Solar Cell,Tiang Tunggal,LED,Singaparna,0,-7.348095,108.142302,23.0,Singaparna
-7.351922 108.145022,Baik,PJU Konvensional,Tiang Tunggal,SON T,Singaparna,0,-7.351922,108.145022,23.0,Singaparna
-7.346878 108.141920,Baik,PJU Konvensional,Tiang Tunggal,SON T,Singaparna,0,-7.346878,108.14192,23.0,Singaparna
-7.350042 108.086826,Baik,PJU Konvensional,Tiang Tunggal,SON T,Singaparna,0,-7.350042,108.086826,26.0,Cigalontang
-7.346280 108.111134,Baik,PJU Konvensional,Tiang Tunggal,SON T,Singaparna,0,-7.34628,108.111134,23.0,Singaparna
-7.358486 108.107410,Baik,PJU Konvensional,Tiang Tunggal,SON T,Singaparna,0,-7.358486,108.10741,23.0,Singaparna
-7.355227 108.110307,Baik,PJU Konvensional,Tiang Tunggal,SON T,Singaparna,0,-7.355227,108.110307,23.0,Singaparna
-7.357646 108.116501,Baik,PJU Solar Cell,Tiang Tunggal,LED,Singaparna,0,-7.357646,108.116501,23.0,Singaparna
-7.358338 108.116182,Baik,PJU Solar Cell,Tiang Tunggal,LED,Singaparna,0,-7.358338,108.116182,23.0,Singaparna
-7.355730 108.110310,Baik,PJU Solar Cell,Tiang Tunggal,LED,Singaparna,0,-7.35573,108.11031,23.0,Singaparna
-7.362462 108.101840,Baik,PJU Solar Cell,Tiang Tunggal,LED,Singaparna,0,-7.362462,108.10184,23.0,Singaparna
-7.360880 108.098135,Baik,PJU Konvensional,Tiang Tunggal,SON T,Singaparna,0,-7.36088,108.098135,23.0,Singaparna
-7.3448041 108.1438072,Baik,PJU Konvensional,Tiang Tunggal,Mercury,Singaparna,0,-7.3448041,108.1438072,23.0,Singaparna
-7.3529908 108.1413956,Baik,PJU Solar Cell,Tiang Tunggal,LED,Singaparna,0,-7.3529908,108.1413956,23.0,Singaparna
-7.3500161 108.1018337,Baik,PJU Solar Cell,Tiang Tunggal,LED,Singaparna,0,-7.3500161,108.1018337,23.0,Singaparna
-7.354581 108.119824,Baik,PJU Solar Cell,Tiang Tunggal,LED,Singaparna,0,-7.354581,108.119824,23.0,Singaparna
-7.351568 108.121625,Baik,PJU Konvensional,Tiang Tunggal,SON T,Singaparna,0,-7.351568,108.121625,23.0,Singaparna
-7.361979 108.112613,Baik,PJU Konvensional,Tiang Tunggal,LED,Singaparna,0,-7.361979,108.112613,23.0,Singaparna
-7.362444 108.112762,Baik,PJU Konvensional,Tiang Tunggal,LED,Singaparna,0,-7.362444,108.112762,23.0,Singaparna
-7.362667 108.113061,Baik,PJU Konvensional,Tiang Tunggal,LED,Singaparna,0,-7.362667,108.113061,23.0,Singaparna
-7.363032 108.113204,Baik,PJU Konvensional,Tiang Tunggal,LED,Singaparna,0,-7.363032,108.113204,23.0,Singaparna
-7.363219 108.113626,Baik,PJU Konvensional,Tiang Tunggal,LED,Singaparna,0,-7.363219,108.113626,23.0,Singaparna
-7.362824 108.113794,Baik,PJU Konvensional,Tiang Tunggal,LED,Singaparna,0,-7.362824,108.113794,23.0,Singaparna
-7.362424 108.113678,Baik,PJU Konvensional,Tiang Tunggal,LED,Singaparna,0,-7.362424,108.113678,23.0,Singaparna
-7.361952 108.113891,Baik,PJU Konvensional,Tiang Tunggal,LED,Singaparna,0,-7.361952,108.113891,23.0,Singaparna
-7.361554 108.113567,Baik,PJU Konvensional,Tiang Tunggal,LED,Singaparna,0,-7.361554,108.113567,23.0,Singaparna
-7.361492 108.110896,Baik,PJU Konvensional,Tiang Tunggal,LED,Singaparna,0,-7.361492,108.110896,23.0,Singaparna
-7.361093 108.110962,Baik,PJU Konvensional,Tiang Tunggal,LED,Singaparna,0,-7.361093,108.110962,23.0,Singaparna
-7.360567 108.111204,Baik,PJU Konvensional,Tiang Tunggal,LED,Singaparna,0,-7.360567,108.111204,23.0,Singaparna
-7.360257 108.111513,Baik,PJU Konvensional,Tiang Tunggal,LED,Singaparna,0,-7.360257,108.111513,23.0,Singaparna
-7.359975 108.111889,Baik,PJU Konvensional,Tiang Tunggal,LED,Singaparna,0,-7.359975,108.111889,23.0,Singaparna
-7.360332 108.113344,Baik,PJU Konvensional,Tiang Tunggal,LED,Singaparna,0,-7.360332,108.113344,23.0,Singaparna
-7.360624 108.113929,Baik,PJU Konvensional,Tiang Tunggal,LED,Singaparna,0,-7.360624,108.113929,23.0,Singaparna
-7.360075 108.113688,Baik,PJU Konvensional,Tiang Tunggal,LED,Singaparna,0,-7.360075,108.113688,23.0,Singaparna
-7.348103 108.148410,Baik,PJU Konvensional,Tiang Stang,SON T,Singaparna,0,-7.348103,108.14841,23.0,Singaparna
-7.349266 108.148614,Baik,PJU Konvensional,Tiang Tunggal,SON T,Singaparna,0,-7.349266,108.148614,23.0,Singaparna
-7.353770 108.146358,Baik,PJU Konvensional,Tiang Tunggal,SON T,Singaparna,0,-7.35377,108.146358,23.0,Singaparna
-7.349168 108.154250,Baik,PJU Konvensional,Tiang Tunggal,LED,Singaparna,0,-7.349168,108.15425,23.0,Singaparna
-7.352674 108.153386,Baik,PJU Konvensional,Tiang Tunggal,LED,Singaparna,0,-7.352674,108.153386,23.0,Singaparna
-7.355435 108.154248,Baik,PJU Konvensional,Tiang Tunggal,LED,Singaparna,0,-7.355435,108.154248,23.0,Singaparna
-7.3412006 108.1083974,Baik,PJU Konvensional,Tiang Stang,SON T,Singaparna,0,-7.3412006,108.1083974,27.0,Leuwisari
-7.3446292 108.1113994,Baik,PJU Konvensional,Tiang Tunggal,SON T,Singaparna,0,-7.3446292,108.1113994,23.0,Singaparna
-7.3580800 108.1146731,Rusak Berat,PJU Konvensional,Tiang Tunggal,SON T,Singaparna,1,-7.35808,108.1146731,23.0,Singaparna
-7.478653 108.0189762,Baik,PJU Konvensional,Tiang Tunggal,SON T,Sodonghilir,0,-7.478653,108.0189762,11.0,Sodonghilir
-7.460428 108.108338,Baik,PJU Konvensional,Tiang Tunggal,SON T,Sodonghilir,0,-7.460428,108.108338,11.0,Sodonghilir
-7.463326 108.104831,Baik,PJU Konvensional,Tiang Tunggal,SON T,Sodonghilir,0,-7.463326,108.104831,11.0,Sodonghilir
-7.459500 108.105094,Baik,PJU Konvensional,Tiang Tunggal,SON T,Sodonghilir,0,-7.4595,108.105094,11.0,Sodonghilir
-7.461819 108.112788,Baik,PJU Konvensional,Tiang Tunggal,SON T,Sodonghilir,0,-7.461819,108.112788,11.0,Sodonghilir
-7.460778 108.107778,Baik,PJU Konvensional,Tiang Tunggal,SON T,Sodonghilir,0,-7.460778,108.107778,11.0,Sodonghilir
-7.461513 108.112543,Baik,PJU Konvensional,Tiang Tunggal,SON T,Sodonghilir,0,-7.461513,108.112543,11.0,Sodonghilir
-7.467367 108.113102,Baik,PJU Konvensional,Tiang Stang,LED,Sodonghilir,0,-7.467367,108.113102,11.0,Sodonghilir
-7.466054 108.113196,Rusak Ringan,PJU Konvensional,Tiang Tunggal,SON T,Sodonghilir,1,-7.466054,108.113196,11.0,Sodonghilir
-7.470673 108.106482,Baik,PJU Konvensional,Tiang Tunggal,SON T,Sodonghilir,0,-7.470673,108.106482,11.0,Sodonghilir
-7.470840 108.107025,Rusak Ringan,PJU Konvensional,Tiang Tunggal,SON T,Sodonghilir,1,-7.47084,108.107025,11.0,Sodonghilir
-7.471189 108.106894,Rusak Berat,PJU Konvensional,Tiang Stang,SON T,Sodonghilir,1,-7.471189,108.106894,11.0,Sodonghilir
-7.472244 108.108106,Rusak Ringan,PJU Konvensional,Tiang Tunggal,SON T,Sodonghilir,1,-7.472244,108.108106,11.0,Sodonghilir
-7.472118 108.108400,Baik,PJU Konvensional,Tiang Tunggal,SON T,Sodonghilir,0,-7.472118,108.1084,11.0,Sodonghilir
-7.470332 108.102905,Baik,PJU Konvensional,Tiang Tunggal,LED,Sodonghilir,0,-7.470332,108.102905,11.0,Sodonghilir
-7.474562 108.110075,Baik,PJU Konvensional,Tiang Stang,SON T,Sodonghilir,0,-7.474562,108.110075,11.0,Sodonghilir
-7.474098 108.109659,Baik,PJU Konvensional,Tiang Tunggal,SON T,Sodonghilir,0,-7.474098,108.109659,11.0,Sodonghilir
-7.482474 108.112096,Baik,PJU Konvensional,Tiang Tunggal,SON T,Sodonghilir,0,-7.482474,108.112096,11.0,Sodonghilir
-7.484117 108.107773,Rusak Ringan,PJU Konvensional,Tiang Tunggal,LED,Sodonghilir,1,-7.484117,108.107773,11.0,Sodonghilir
-7.483807 108.109004,Rusak Ringan,PJU Konvensional,Tiang Tunggal,LED,Sodonghilir,1,-7.483807,108.109004,11.0,Sodonghilir
-7.482275 108.109708,Baik,PJU Konvensional,Tiang Tunggal,LED,Sodonghilir,0,-7.482275,108.109708,11.0,Sodonghilir
-7.476489 108.100751,Baik,PJU Konvensional,Tiang Tunggal,SON T,Sodonghilir,0,-7.476489,108.100751,11.0,Sodonghilir
-7.471208 108.101142,Baik,PJU Konvensional,Tiang Tunggal,LED,Sodonghilir,0,-7.471208,108.101142,11.0,Sodonghilir
-7.478161 108.093826,Baik,PJU Konvensional,Tiang Tunggal,LED,Sodonghilir,0,-7.478161,108.093826,11.0,Sodonghilir
-7.483648 108.094426,Baik,PJU Konvensional,Tiang Tunggal,LED,Sodonghilir,0,-7.483648,108.094426,11.0,Sodonghilir
-7.484703 108.095195,Baik,PJU Konvensional,Tiang Tunggal,LED,Sodonghilir,0,-7.484703,108.095195,11.0,Sodonghilir
-7.482340 108.093933,Baik,PJU Konvensional,Tiang Tunggal,SON T,Sodonghilir,0,-7.48234,108.093933,11.0,Sodonghilir
-7.4529670 108.1074237,Baik,PJU Konvensional,Tiang Tunggal,SON T,Sodonghilir,0,-7.452967,108.1074237,11.0,Sodonghilir
-7.4527246 108.1072511,Baik,PJU Konvensional,Tiang Tunggal,SON T,Sodonghilir,0,-7.4527246,108.1072511,11.0,Sodonghilir
-7.4734999 108.1089479,Baik,PJU Konvensional,Tiang Tunggal,SON T,Sodonghilir,0,-7.4734999,108.1089479,11.0,Sodonghilir
-7.4529670 108.,Rusak Berat,PJU Konvensional,Tiang Tunggal,Mercury,Sodonghilir,1,-7.452967,108.0,12.0,Taraju
-7.4747521 108.0162323,Rusak Berat,PJU Konvensional,Tiang Tunggal,Mercury,Sodonghilir,1,-7.4747521,108.0162323,11.0,Sodonghilir
-7.519132 108.048820,Rusak Ringan,PJU Konvensional,Tiang Tunggal,Mercury,Sodonghilir,1,-7.519132,108.04882,11.0,Sodonghilir
-7.520052 108.047750,Baik,PJU Konvensional,Tiang Tunggal,Mercury,Sodonghilir,0,-7.520052,108.04775,11.0,Sodonghilir
-7.521577 108.04380,Baik,PJU Konvensional,Tiang Tunggal,Mercury,Sodonghilir,0,-7.521577,108.0438,11.0,Sodonghilir
-7.516054 108.044390,Baik,PJU Konvensional,Tiang Tunggal,Mercury,Sodonghilir,0,-7.516054,108.04439,11.0,Sodonghilir
-7.4748027 108.0149556,Baik,PJU Konvensional,Tiang Tunggal,SON T,Sodonghilir,0,-7.4748027,108.0149556,11.0,Sodonghilir
-7.4745996 108.0153837,Rusak Berat,PJU Konvensional,Tiang Stang,Mercury,Sodonghilir,1,-7.4745996,108.0153837,11.0,Sodonghilir
-7.4745633 108.0168818,Rusak Berat,PJU Konvensional,Tiang Stang,Mercury,Sodonghilir,1,-7.4745633,108.0168818,11.0,Sodonghilir
-7.4743911 108.0170293,Rusak Berat,PJU Konvensional,Tiang Stang,Mercury,Sodonghilir,1,-7.4743911,108.0170293,11.0,Sodonghilir
-7.4728407 108.0166937,Baik,PJU Konvensional,Tiang Stang,SON T,Sodonghilir,0,-7.4728407,108.0166937,11.0,Sodonghilir
-7.483844 108.046220,Rusak Berat,PJU Konvensional,Tiang Tunggal,Mercury,Sodonghilir,1,-7.483844,108.04622,11.0,Sodonghilir
-7.4555411 108.0866762,Baik,PJU Konvensional,Tiang Tunggal,LED,Sodonghilir,0,-7.4555411,108.0866762,11.0,Sodonghilir
-7.4512905 108.1076621,Baik,PJU Konvensional,Tiang Tunggal,LED,Sodonghilir,0,-7.4512905,108.1076621,11.0,Sodonghilir
-7.4528905 108.1073704,Baik,PJU Konvensional,Tiang Tunggal,SON T,Sodonghilir,0,-7.4528905,108.1073704,11.0,Sodonghilir
-7.4465598 108.0957759,Rusak Berat,PJU Konvensional,Tiang Stang,Mercury,Sodonghilir,1,-7.4465598,108.0957759,11.0,Sodonghilir
-7.4473457 108.0956361,Rusak Berat,PJU Konvensional,Tiang Stang,Mercury,Sodonghilir,1,-7.4473457,108.0956361,11.0,Sodonghilir
-7.4474398 108.0956891,Baik,PJU Konvensional,Tiang Stang,SON T,Sodonghilir,0,-7.4474398,108.0956891,11.0,Sodonghilir
-7.4457775 108.0955000,Baik,PJU Konvensional,Tiang Stang,SON T,Sodonghilir,0,-7.4457775,108.0955,11.0,Sodonghilir
-7.4453693 108.0948371,Baik,PJU Konvensional,Tiang Tunggal,LED,Sodonghilir,0,-7.4453693,108.0948371,11.0,Sodonghilir
-7.472760 108.118332,Baik,PJU Konvensional,Tiang Tunggal,SON T,Sodonghilir,0,-7.47276,108.118332,11.0,Sodonghilir
-7.475277 108.118420,Rusak Berat,PJU Konvensional,Tiang Stang,Mercury,Sodonghilir,1,-7.475277,108.11842,11.0,Sodonghilir
-7.477052 108.115812,Baik,PJU Konvensional,Tiang Tunggal,LED,Sodonghilir,0,-7.477052,108.115812,11.0,Sodonghilir
-7.482979 108.114807,Baik,PJU Konvensional,Tiang Tunggal,LED,Sodonghilir,0,-7.482979,108.114807,11.0,Sodonghilir
-7.482319 108.109727,Baik,PJU Konvensional,Tiang Tunggal,LED,Sodonghilir,0,-7.482319,108.109727,11.0,Sodonghilir
-7.483872 108.109033,Rusak Ringan,PJU Konvensional,Tiang Tunggal,SON T,Sodonghilir,1,-7.483872,108.109033,11.0,Sodonghilir
-7.471220 108.101071,Rusak Berat,PJU Konvensional,Tiang Tunggal,Mercury,Sodonghilir,1,-7.47122,108.101071,11.0,Sodonghilir
-7.470357 108.103099,Rusak Berat,PJU Konvensional,Tiang Stang,Mercury,Sodonghilir,1,-7.470357,108.103099,11.0,Sodonghilir
-7.4876571 108.0533417,Baik,PJU Konvensional,Tiang Tunggal,SON T,Sodonghilir,0,-7.4876571,108.0533417,11.0,Sodonghilir
-7.4860788 108.0321895,Baik,PJU Konvensional,Tiang Stang,SON T,Sodonghilir,0,-7.4860788,108.0321895,11.0,Sodonghilir
-7.5086125 108.0351701,Baik,PJU Konvensional,Tiang Tunggal,SON T,Sodonghilir,0,-7.5086125,108.0351701,11.0,Sodonghilir
-7.5426820 108.0647981,Rusak Berat,PJU Konvensional,Tiang Tunggal,Mercury,Sodonghilir,1,-7.542682,108.0647981,11.0,Sodonghilir
-7.5426191 108.0713232,Baik,PJU Konvensional,Tiang Tunggal,SON T,Sodonghilir,0,-7.5426191,108.0713232,11.0,Sodonghilir
-7.5009007 108.0809416,Baik,PJU Konvensional,Tiang Tunggal,LED,Sodonghilir,0,-7.5009007,108.0809416,11.0,Sodonghilir
-7.5286180 108.0713494,Baik,PJU Konvensional,Tiang Tunggal,SON T,Sodonghilir,0,-7.528618,108.0713494,11.0,Sodonghilir
-7.5196976 108.0739947,Rusak Berat,PJU Konvensional,Tiang Tunggal,Mercury,Sodonghilir,1,-7.5196976,108.0739947,11.0,Sodonghilir
-7.5009433 108.0830197,Rusak Berat,PJU Konvensional,Tiang Tunggal,Mercury,Sodonghilir,1,-7.5009433,108.0830197,11.0,Sodonghilir
-7.2128474 108.1601724,Rusak Berat,PJU Konvensional,Tiang Tunggal,Mercury,Sukahening,1,-7.2128474,108.1601724,32.0,Sukahening
-7.2124485 108.1594992,Rusak Ringan,PJU Konvensional,Tiang Tunggal,Mercury,Sukahening,1,-7.2124485,108.1594992,32.0,Sukahening
-7.2121894 108.1590419,Rusak Ringan,PJU Konvensional,Tiang Tunggal,Mercury,Sukahening,1,-7.2121894,108.1590419,32.0,Sukahening
-7.211529 108.157962,Rusak Ringan,PJU Konvensional,Tiang Tunggal,Mercury,Sukahening,1,-7.211529,108.157962,32.0,Sukahening
-7.201915 108.136570,Rusak Berat,PJU Konvensional,Tiang Stang,Mercury,Sukahening,1,-7.201915,108.13657,32.0,Sukahening
-7.201797 108.135900,Rusak Ringan,PJU Konvensional,Tiang Tunggal,Mercury,Sukahening,1,-7.201797,108.1359,32.0,Sukahening
-7.201752 108.133290,Rusak Ringan,PJU Konvensional,Tiang Tunggal,Mercury,Sukahening,1,-7.201752,108.13329,32.0,Sukahening
-7.201836 108.133100,Rusak Ringan,PJU Konvensional,Tiang Tunggal,SON T,Sukahening,1,-7.201836,108.1331,32.0,Sukahening
-7.201678 108.131730,Rusak Berat,PJU Konvensional,Tiang Stang,Mercury,Sukahening,1,-7.201678,108.13173,32.0,Sukahening
-7.200591 108.128840,Baik,PJU Konvensional,Tiang Tunggal,Mercury,Sukahening,0,-7.200591,108.12884,32.0,Sukahening
-7.200573 108.129080,Baik,PJU Konvensional,Tiang Tunggal,LED,Sukahening,0,-7.200573,108.12908,32.0,Sukahening
-7.200068 108.129500,Rusak Ringan,PJU Konvensional,Tiang Tunggal,Mercury,Sukahening,1,-7.200068,108.1295,32.0,Sukahening
-7.199344 108.129470,Rusak Ringan,PJU Konvensional,Tiang Tunggal,Mercury,Sukahening,1,-7.199344,108.12947,32.0,Sukahening
-7.200358 108.129250,Rusak Berat,PJU Konvensional,Tiang Stang,Mercury,Sukahening,1,-7.200358,108.12925,32.0,Sukahening
-7.200788 108.126640,Rusak Berat,PJU Konvensional,Tiang Stang,Mercury,Sukahening,1,-7.200788,108.12664,32.0,Sukahening
-7.200641 108.126140,Rusak Ringan,PJU Konvensional,Tiang Tunggal,Mercury,Sukahening,1,-7.200641,108.12614,32.0,Sukahening
-7.203562 108.149730,Rusak Berat,PJU Konvensional,Tiang Stang,Mercury,Sukahening,1,-7.203562,108.14973,32.0,Sukahening
-7.204405 108.150180,Rusak Ringan,PJU Konvensional,Tiang Tunggal,Mercury,Sukahening,1,-7.204405,108.15018,32.0,Sukahening
-7.204858 108.151360,Rusak Ringan,PJU Konvensional,Tiang Tunggal,Mercury,Sukahening,1,-7.204858,108.15136,32.0,Sukahening
-7.205400 108.152120,Rusak Ringan,PJU Konvensional,Tiang Tunggal,Mercury,Sukahening,1,-7.2054,108.15212,32.0,Sukahening
-7.205924 108.152400,Baik,PJU Konvensional,Tiang Tunggal,Mercury,Sukahening,0,-7.205924,108.1524,32.0,Sukahening
-7.203359 108.121350,Rusak Ringan,PJU Konvensional,Tiang Tunggal,SON T,Sukahening,1,-7.203359,108.12135,32.0,Sukahening
-7.206518 108.127080,Rusak Ringan,PJU Konvensional,Tiang Tunggal,SON T,Sukahening,1,-7.206518,108.12708,32.0,Sukahening
-7.207170 108.126840,Baik,PJU Konvensional,Tiang Tunggal,SON T,Sukahening,0,-7.20717,108.12684,32.0,Sukahening
-7.207170 108.126840,Rusak Ringan,PJU Konvensional,Tiang Tunggal,SON T,Sukahening,1,-7.20717,108.12684,32.0,Sukahening
-7.207900 108.126690,Rusak Berat,PJU Konvensional,Tiang Tunggal,Mercury,Sukahening,1,-7.2079,108.12669,32.0,Sukahening
-7.209312 108.126760,Baik,PJU Konvensional,Tiang Tunggal,SON T,Sukahening,0,-7.209312,108.12676,32.0,Sukahening
-7.206737 108.126990,Rusak Ringan,PJU Konvensional,Tiang Tunggal,Mercury,Sukahening,1,-7.206737,108.12699,32.0,Sukahening
-7.205970 108.127550,Rusak Ringan,PJU Konvensional,Tiang Tunggal,Mercury,Sukahening,1,-7.20597,108.12755,32.0,Sukahening
-7.204143 108.127760,Rusak Berat,PJU Konvensional,Tiang Tunggal,Mercury,Sukahening,1,-7.204143,108.12776,32.0,Sukahening
-7.202171 108.123170,Rusak Berat,PJU Konvensional,Tiang Stang,Mercury,Sukahening,1,-7.202171,108.12317,32.0,Sukahening
-7.202962 108.122150,Rusak Berat,PJU Konvensional,Tiang Stang,Mercury,Sukahening,1,-7.202962,108.12215,32.0,Sukahening
-7.207679 108.125370,Baik,PJU Konvensional,Tiang Tunggal,LED,Sukahening,0,-7.207679,108.12537,32.0,Sukahening
-7.209850 108.119600,Baik,PJU Konvensional,Tiang Tunggal,SON T,Sukahening,0,-7.20985,108.1196,32.0,Sukahening
-7.221391 108.157610,Rusak Ringan,PJU Konvensional,Tiang Tunggal,Mercury,Sukahening,1,-7.221391,108.15761,32.0,Sukahening
-7.221400 108.157630,Rusak Berat,PJU Konvensional,Tiang Stang,Mercury,Sukahening,1,-7.2214,108.15763,32.0,Sukahening
-7.223297 108.158360,Rusak Berat,PJU Konvensional,Tiang Stang,Mercury,Sukahening,1,-7.223297,108.15836,32.0,Sukahening
-7.223296 108.158390,Rusak Berat,PJU Konvensional,Tiang Stang,Mercury,Sukahening,1,-7.223296,108.15839,32.0,Sukahening
-7.2130406 108.1606904,Baik,PJU Konvensional,Tiang Tunggal,SON T,Sukahening,0,-7.2130406,108.1606904,33.0,Rajapolah
-7.466193 108.202384,Baik,PJU Konvensional,Tiang Tunggal,Mercury,Sukaraja,0,-7.466193,108.202384,18.0,Jatiwaras
-7.466193 108.202384,Baik,PJU Konvensional,Tiang Tunggal,Mercury,Sukaraja,0,-7.466193,108.202384,18.0,Jatiwaras
-7.466192 108.202383,Baik,PJU Konvensional,Tiang Tunggal,Mercury,Sukaraja,0,-7.466192,108.202383,18.0,Jatiwaras
-7.425927 108.168581,Baik,PJU Konvensional,Tiang Tunggal,SON T,Sukaraja,0,-7.425927,108.168581,16.0,Sukaraja
-7.425927 108.168581,Rusak Ringan,PJU Konvensional,Tiang Tunggal,Mercury,Cikalong,1,-7.425927,108.168581,16.0,Sukaraja
-7.431942 108.183132,Baik,PJU Konvensional,Tiang Tunggal,SON T,Sukaraja,0,-7.431942,108.183132,16.0,Sukaraja
-7.431839 108.180416,Baik,PJU Konvensional,Tiang Stang,SON T,Sukaraja,0,-7.431839,108.180416,16.0,Sukaraja
-7.435875 108.184126,Baik,PJU Konvensional,Tiang Tunggal,LED,Sukaraja,0,-7.435875,108.184126,16.0,Sukaraja
-7.425927 108.168581,Rusak Ringan,PJU Konvensional,Tiang Tunggal,SON T,Sukaraja,1,-7.425927,108.168581,16.0,Sukaraja
-7.438638 108.183652,Baik,PJU Konvensional,Tiang Stang,SON T,Sukaraja,0,-7.438638,108.183652,16.0,Sukaraja
-7.415171 108.182147,Baik,PJU Konvensional,Tiang Tunggal,SON T,Sukaraja,0,-7.415171,108.182147,16.0,Sukaraja
-7.449196 108.174266,Baik,PJU Konvensional,Tiang Tunggal,SON T,Sukaraja,0,-7.449196,108.174266,16.0,Sukaraja
-7.447739 108.185612,Baik,PJU Konvensional,Tiang Tunggal,SON T,Sukaraja,0,-7.447739,108.185612,16.0,Sukaraja
-7.412183 108.179555,Baik,PJU Konvensional,Tiang Tunggal,LED,Sukaraja,0,-7.412183,108.179555,16.0,Sukaraja
-7.450104 108.187260,Baik,PJU Konvensional,Tiang Tunggal,LED,Sukaraja,0,-7.450104,108.18726,16.0,Sukaraja
-7.449987 108.173803,Baik,PJU Konvensional,Tiang Tunggal,SON T,Sukaraja,0,-7.449987,108.173803,16.0,Sukaraja
-7.451707 108.190083,Baik,PJU Konvensional,Tiang Stang,SON T,Sukaraja,0,-7.451707,108.190083,16.0,Sukaraja
-7.451241 108.189365,Baik,PJU Konvensional,Tiang Tunggal,SON T,Sukaraja,0,-7.451241,108.189365,16.0,Sukaraja
-7.451653 108.189126,Baik,PJU Konvensional,Tiang Tunggal,Mercury,Sukaraja,0,-7.451653,108.189126,16.0,Sukaraja
-7.449684 108.195372,Baik,PJU Konvensional,Tiang Tunggal,LED,Sukaraja,0,-7.449684,108.195372,16.0,Sukaraja
-7.449889 108.195146,Baik,PJU Konvensional,Tiang Stang,LED,Sukaraja,0,-7.449889,108.195146,16.0,Sukaraja
-7.405973 108.176507,Baik,PJU Konvensional,Tiang Stang,SON T,Sukaraja,0,-7.405973,108.176507,16.0,Sukaraja
-7.405380 108.170845,Baik,PJU Konvensional,Tiang Tunggal,LED,Sukaraja,0,-7.40538,108.170845,16.0,Sukaraja
-7.451566 108.194085,Baik,PJU Konvensional,Tiang Tunggal,LED,Sukaraja,0,-7.451566,108.194085,16.0,Sukaraja
-7.452189 108.194070,Baik,PJU Konvensional,Tiang Stang,SON T,Sukaraja,0,-7.452189,108.19407,16.0,Sukaraja
-7.452010 108.194552,Baik,PJU Konvensional,Tiang Stang,SON T,Sukaraja,0,-7.45201,108.194552,16.0,Sukaraja
-7.452142 108.194697,Baik,PJU Konvensional,Tiang Tunggal,LED,Sukaraja,0,-7.452142,108.194697,16.0,Sukaraja
-7.454401 108.194058,Baik,PJU Konvensional,Tiang Tunggal,Mercury,Sukaraja,0,-7.454401,108.194058,16.0,Sukaraja
-7.453056 108.194155,Baik,PJU Konvensional,Tiang Tunggal,SON T,Sukaraja,0,-7.453056,108.194155,16.0,Sukaraja
-7.452293 108.196354,Baik,PJU Konvensional,Tiang Stang,Mercury,Sukaraja,0,-7.452293,108.196354,16.0,Sukaraja
-7.450887 108.194154,Rusak Berat,PJU Konvensional,Tiang Stang,Mercury,Sukaraja,1,-7.450887,108.194154,16.0,Sukaraja
-7.455162 108.193523,Baik,PJU Konvensional,Tiang Stang,SON T,Sukaraja,0,-7.455162,108.193523,16.0,Sukaraja
-7.4312715 108.1351028,Baik,PJU Konvensional,Tiang Tunggal,Mercury,Sukaraja,0,-7.4312715,108.1351028,16.0,Sukaraja
-7.461845 108.195193,Rusak Ringan,PJU Konvensional,Tiang Tunggal,Mercury,Sukaraja,1,-7.461845,108.195193,16.0,Sukaraja
-7.465057 108.195686,Rusak Berat,PJU Konvensional,Tiang Stang,SON T,Sukaraja,1,-7.465057,108.195686,16.0,Sukaraja
-7.410777 108.179660,Baik,PJU Konvensional,Tiang Tunggal,SON T,Sukaraja,0,-7.410777,108.17966,16.0,Sukaraja
-7.4334834 108.1358200,Baik,PJU Konvensional,Tiang Tunggal,Mercury,Sukaraja,0,-7.4334834,108.13582,16.0,Sukaraja
-7.412704 108.178903,Baik,PJU Konvensional,Tiang Tunggal,LED,Sukaraja,0,-7.412704,108.178903,16.0,Sukaraja
-7.412937 108.177022,Baik,PJU Konvensional,Tiang Tunggal,Mercury,Sukaraja,0,-7.412937,108.177022,16.0,Sukaraja
-7.408377 108.170600,Baik,PJU Konvensional,Tiang Tunggal,LED,Sukaraja,0,-7.408377,108.1706,16.0,Sukaraja
-7.410690 108.172110,Baik,PJU Konvensional,Tiang Stang,SON T,Sukaraja,0,-7.41069,108.17211,16.0,Sukaraja
-7.410690 108.172110,Baik,PJU Konvensional,Tiang Tunggal,LED,Sukaraja,0,-7.41069,108.17211,16.0,Sukaraja
-7.466193 108.202384,Baik,PJU Konvensional,Tiang Tunggal,SON T,Sukaraja,0,-7.466193,108.202384,18.0,Jatiwaras
-7.4449783 108.1833772,Baik,PJU Konvensional,Tiang Tunggal,Mercury,Sukaraja,0,-7.4449783,108.1833772,16.0,Sukaraja
-7.4469304 108.1851991,Baik,PJU Konvensional,Tiang Tunggal,Mercury,Sukaraja,0,-7.4469304,108.1851991,16.0,Sukaraja
-7.4125237 108.1796194,Baik,PJU Konvensional,Tiang Tunggal,LED,Sukaraja,0,-7.4125237,108.1796194,16.0,Sukaraja
-7.4028120 108.1787651,Baik,PJU Konvensional,Tiang Stang,SON T,Sukaraja,0,-7.402812,108.1787651,16.0,Sukaraja
-7.3992518 108.1806467,Rusak Ringan,PJU Konvensional,Tiang Stang,SON T,Sukaraja,1,-7.3992518,108.1806467,16.0,Sukaraja
-7.4393506 108.1673389,Baik,PJU Konvensional,Tiang Tunggal,SON T,Sukaraja,0,-7.4393506,108.1673389,16.0,Sukaraja
-7.4423706 108.1644234,Baik,PJU Konvensional,Tiang Tunggal,SON T,Sukaraja,0,-7.4423706,108.1644234,16.0,Sukaraja
-7.4403373 108.1638115,Baik,PJU Konvensional,Tiang Tunggal,SON T,Sukaraja,0,-7.4403373,108.1638115,16.0,Sukaraja
-7.4520308 108.1943307,Baik,PJU Konvensional,Tiang Tunggal,SON T,Sukaraja,0,-7.4520308,108.1943307,16.0,Sukaraja
-7.4520594 108.1981414,Rusak Ringan,PJU Konvensional,Tiang Tunggal,SON T,Sukaraja,1,-7.4520594,108.1981414,16.0,Sukaraja
-7.4530820 108.1900707,Rusak Ringan,PJU Konvensional,Tiang Tunggal,Mercury,Sukaraja,1,-7.453082,108.1900707,16.0,Sukaraja
-7.4425640 108.1921383,Baik,PJU Solar Cell,Tiang Stang,LED,Sukaraja,0,-7.442564,108.1921383,16.0,Sukaraja
-7.4735903 108.1925752,Baik,PJU Konvensional,Tiang Tunggal,SON T,Sukaraja,0,-7.4735903,108.1925752,16.0,Sukaraja
-7.4842598 108.1932598,Rusak Berat,PJU Konvensional,Tiang Stang,Mercury,Sukaraja,1,-7.4842598,108.1932598,16.0,Sukaraja
-7.4762949 108.1948524,Baik,PJU Konvensional,Tiang Tunggal,SON T,Sukaraja,0,-7.4762949,108.1948524,16.0,Sukaraja
-7.4794008 108.1812777,Baik,PJU Konvensional,Tiang Stang,SON T,Sukaraja,0,-7.4794008,108.1812777,16.0,Sukaraja
-7.4607132 108.1726447,Rusak Ringan,PJU Konvensional,Tiang Tunggal,LED,Sukaraja,1,-7.4607132,108.1726447,16.0,Sukaraja
-7.4613382 108.1847367,Rusak Ringan,PJU Konvensional,Tiang Tunggal,SON T,Sukaraja,1,-7.4613382,108.1847367,16.0,Sukaraja
-7.4205210 108.1839669,Baik,PJU Konvensional,Tiang Tunggal,LED,Sukaraja,0,-7.420521,108.1839669,16.0,Sukaraja
-7.4419560 108.1832481,Baik,PJU Konvensional,Tiang Tunggal,SON T,Sukaraja,0,-7.441956,108.1832481,16.0,Sukaraja
-7.4389553 108.1669778,Rusak Ringan,PJU Konvensional,Tiang Tunggal,SON T,Sukaraja,1,-7.4389553,108.1669778,16.0,Sukaraja
-7.4492622 108.1741906,Baik,PJU Konvensional,Tiang Tunggal,SON T,Sukaraja,0,-7.4492622,108.1741906,16.0,Sukaraja
-7.4512752 108.1893910,Baik,PJU Konvensional,Tiang Tunggal,LED,Sukaraja,0,-7.4512752,108.189391,16.0,Sukaraja
-7.4531139 108.1917728,Baik,PJU Konvensional,Tiang Tunggal,SON T,Sukaraja,0,-7.4531139,108.1917728,16.0,Sukaraja
-7.4614356 108.1847129,Rusak Ringan,PJU Konvensional,Tiang Tunggal,SON T,Sukaraja,1,-7.4614356,108.1847129,16.0,Sukaraja
-7.360953 108.128403,Baik,PJU Konvensional,Tiang Tunggal,SON T,Sukarame,0,-7.360953,108.128403,25.0,Sukarame
-7.361157 108.128340,Baik,PJU Konvensional,Tiang Tunggal,SON T,Sukarame,0,-7.361157,108.12834,25.0,Sukarame
-7.361608 108.127908,Baik,PJU Konvensional,Tiang Tunggal,SON T,Sukarame,0,-7.361608,108.127908,25.0,Sukarame
-7.356808 108.125720,Baik,PJU Konvensional,Tiang Tunggal,SON T,Sukarame,0,-7.356808,108.12572,25.0,Sukarame
-7.357268 108.125807,Baik,PJU Konvensional,Tiang Tunggal,SON T,Sukarame,0,-7.357268,108.125807,25.0,Sukarame
-7.3820539 108.1432000,Baik,PJU Konvensional,Tiang Stang,SON T,Sukarame,0,-7.3820539,108.1432,25.0,Sukarame
-7.385347 108.152567,Baik,PJU Konvensional,Tiang Stang,SON T,Sukarame,0,-7.385347,108.152567,25.0,Sukarame
-7.383821 108.147822,Rusak Ringan,PJU Konvensional,Tiang Tunggal,SON T,Sukarame,1,-7.383821,108.147822,25.0,Sukarame
-7.382154 108.145672,Baik,PJU Konvensional,Tiang Stang,SON T,Sukarame,0,-7.382154,108.145672,25.0,Sukarame
-7.381512 108.145661,Baik,PJU Konvensional,Tiang Tunggal,SON T,Sukarame,0,-7.381512,108.145661,25.0,Sukarame
-7.385107 108.151144,Baik,PJU Konvensional,Tiang Tunggal,LED,Sukarame,0,-7.385107,108.151144,25.0,Sukarame
-7.383969 108.148768,Baik,PJU Konvensional,Tiang Stang,SON T,Sukarame,0,-7.383969,108.148768,25.0,Sukarame
-7.382031 108.144859,Baik,PJU Konvensional,Tiang Tunggal,SON T,Sukarame,0,-7.382031,108.144859,25.0,Sukarame
-7.382443 108.146016,Baik,PJU Konvensional,Tiang Tunggal,SON T,Sukarame,0,-7.382443,108.146016,25.0,Sukarame
-7.383206 108.145769,Baik,PJU Konvensional,Tiang Stang,SON T,Sukarame,0,-7.383206,108.145769,25.0,Sukarame
-7.369548 108.136876,Baik,PJU Konvensional,Tiang Tunggal,SON T,Sukarame,0,-7.369548,108.136876,25.0,Sukarame
-7.364119 108.143196,Rusak Berat,PJU Konvensional,Tiang Tunggal,SON T,Sukarame,1,-7.364119,108.143196,25.0,Sukarame
-7.364980 108.138940,Baik,PJU Konvensional,Tiang Double Arm,LED,Sukarame,0,-7.36498,108.13894,25.0,Sukarame
-7.363872 108.137717,Baik,PJU Konvensional,Tiang Tunggal,LED,Sukarame,0,-7.363872,108.137717,25.0,Sukarame
-7.348334 108.080775,Baik,PJU Konvensional,Tiang Tunggal,LED,Sukarame,0,-7.348334,108.080775,26.0,Cigalontang
-7.3610261 108.1286648,Baik,PJU Konvensional,Tiang Tunggal,SON T,Sukarame,0,-7.3610261,108.1286648,25.0,Sukarame
-7.3532612 108.1378477,Baik,PJU Konvensional,Tiang Tunggal,SON T,Sukarame,0,-7.3532612,108.1378477,25.0,Sukarame
-7.3536373 108.1384455,Baik,PJU Konvensional,Tiang Tunggal,SON T,Sukarame,0,-7.3536373,108.1384455,25.0,Sukarame
-7.3837674 108.1478835,Rusak Berat,PJU Konvensional,Tiang Tunggal,SON T,Sukarame,1,-7.3837674,108.1478835,25.0,Sukarame
-7.3819982 108.1440433,Rusak Ringan,PJU Konvensional,Tiang Stang,SON T,Sukarame,1,-7.3819982,108.1440433,25.0,Sukarame
-7.3820225 108.1448382,Baik,PJU Konvensional,Tiang Tunggal,SON T,Sukarame,0,-7.3820225,108.1448382,25.0,Sukarame
-7.3826795 108.1467654,Baik,PJU Konvensional,Tiang Tunggal,SON T,Sukarame,0,-7.3826795,108.1467654,25.0,Sukarame
-7.3814702 108.1457723,Baik,PJU Konvensional,Tiang Tunggal,SON T,Sukarame,0,-7.3814702,108.1457723,25.0,Sukarame
-7.3854282 108.1523853,Rusak Ringan,PJU Konvensional,Tiang Tunggal,SON T,Sukarame,1,-7.3854282,108.1523853,25.0,Sukarame
-7.372176 108.130930,Rusak Berat,PJU Konvensional,Tiang Stang,Mercury,Sukarame,1,-7.372176,108.13093,25.0,Sukarame
-7.3772498 108.1366407,Baik,PJU Konvensional,Tiang Tunggal,SON T,Sukarame,0,-7.3772498,108.1366407,25.0,Sukarame
-7.3768245 108.1367477,Baik,PJU Konvensional,Tiang Tunggal,SON T,Sukarame,0,-7.3768245,108.1367477,25.0,Sukarame
-7.3913595 108.1683156,Baik,PJU Konvensional,Tiang Tunggal,SON T,Sukarame,0,-7.3913595,108.1683156,25.0,Sukarame
-7.3907817 108.1670503,Baik,PJU Konvensional,Tiang Tunggal,SON T,Sukarame,0,-7.3907817,108.1670503,25.0,Sukarame
-7.3694848 108.1369428,Baik,PJU Konvensional,Tiang Tunggal,SON T,Sukarame,0,-7.3694848,108.1369428,25.0,Sukarame
-7.3690000 108.1349543,Baik,PJU Konvensional,Tiang Tunggal,SON T,Sukarame,0,-7.369,108.1349543,25.0,Sukarame
-7.3654944 108.1397705,Rusak Ringan,PJU Konvensional,Tiang Tunggal,SON T,Sukarame,1,-7.3654944,108.1397705,25.0,Sukarame
-7.3650169 108.1420152,Baik,PJU Konvensional,Tiang Tunggal,SON T,Sukarame,0,-7.3650169,108.1420152,25.0,Sukarame
-7.3635153 108.1379366,Baik,PJU Konvensional,Tiang Tunggal,LED,Sukarame,0,-7.3635153,108.1379366,25.0,Sukarame
-7.3685295 108.1421500,Baik,PJU Konvensional,Tiang Tunggal,SON T,Sukarame,0,-7.3685295,108.14215,25.0,Sukarame
-7.3723367 108.1494151,Baik,PJU Konvensional,Tiang Stang,SON T,Sukarame,0,-7.3723367,108.1494151,25.0,Sukarame
-7.3653753 108.1370903,Baik,PJU Konvensional,Tiang Tunggal,SON T,Sukarame,0,-7.3653753,108.1370903,25.0,Sukarame
-7.3648520 108.1389397,Baik,PJU Konvensional,Tiang Tunggal,SON T,Sukarame,0,-7.364852,108.1389397,25.0,Sukarame
-7.3761126 108.1459024,Baik,PJU Konvensional,Tiang Tunggal,SON T,Sukarame,0,-7.3761126,108.1459024,25.0,Sukarame
-7.3636918 108.1368241,Baik,PJU Konvensional,Tiang Tunggal,LED,Sukarame,0,-7.3636918,108.1368241,25.0,Sukarame
-7.3602404 108.1352507,Baik,PJU Konvensional,Tiang Tunggal,LED,Sukarame,0,-7.3602404,108.1352507,25.0,Sukarame
-7.3627468 108.1328746,Baik,PJU Konvensional,Tiang Tunggal,SON T,Sukarame,0,-7.3627468,108.1328746,25.0,Sukarame
-7.3634401 108.1356359,Baik,PJU Konvensional,Tiang Stang,SON T,Sukarame,0,-7.3634401,108.1356359,25.0,Sukarame
-7.3622853 108.1339283,Baik,PJU Konvensional,Tiang Stang,SON T,Sukarame,0,-7.3622853,108.1339283,25.0,Sukarame
-7.3605715 108.1330056,Baik,PJU Konvensional,Tiang Stang,SON T,Sukarame,0,-7.3605715,108.1330056,25.0,Sukarame
-7.3607222 108.1305112,Rusak Ringan,PJU Konvensional,Tiang Tunggal,LED,Sukarame,1,-7.3607222,108.1305112,25.0,Sukarame
-7.3610002 108.1280362,Baik,PJU Konvensional,Tiang Tunggal,SON T,Sukarame,0,-7.3610002,108.1280362,25.0,Sukarame
-7.3617935 108.1278940,Baik,PJU Konvensional,Tiang Stang,SON T,Sukarame,0,-7.3617935,108.127894,25.0,Sukarame
-7.3615215 108.1282511,Baik,PJU Konvensional,Tiang Tunggal,SON T,Sukarame,0,-7.3615215,108.1282511,25.0,Sukarame
-7.3617363 108.1282524,Baik,PJU Konvensional,Tiang Stang,LED,Sukarame,0,-7.3617363,108.1282524,25.0,Sukarame
-7.3818103 108.1401205,Rusak Ringan,PJU Konvensional,Tiang Tunggal,LED,Sukarame,1,-7.3818103,108.1401205,25.0,Sukarame
-7.3822083 108.1396092,Baik,PJU Konvensional,Tiang Tunggal,SON T,Sukarame,0,-7.3822083,108.1396092,25.0,Sukarame
-7.3820441 108.1431518,Baik,PJU Konvensional,Tiang Tunggal,SON T,Sukarame,0,-7.3820441,108.1431518,25.0,Sukarame
-7.3823523 108.1432530,Baik,PJU Konvensional,Tiang Tunggal,SON T,Sukarame,0,-7.3823523,108.143253,25.0,Sukarame
-7.3828707 108.1432312,Baik,PJU Konvensional,Tiang Stang,SON T,Sukarame,0,-7.3828707,108.1432312,25.0,Sukarame
-7.3833122 108.1428893,Baik,PJU Konvensional,Tiang Tunggal,SON T,Sukarame,0,-7.3833122,108.1428893,25.0,Sukarame
-7.3835632 108.1432547,Baik,PJU Konvensional,Tiang Stang,SON T,Sukarame,0,-7.3835632,108.1432547,25.0,Sukarame
-7.3814240 108.1457022,Baik,PJU Konvensional,Tiang Tunggal,SON T,Sukarame,0,-7.381424,108.1457022,25.0,Sukarame
-7.3594503 108.1315747,Baik,PJU Konvensional,Tiang Tunggal,SON T,Sukarame,0,-7.3594503,108.1315747,25.0,Sukarame
-7.3592003 108.1307288,Baik,PJU Konvensional,Tiang Stang,SON T,Sukarame,0,-7.3592003,108.1307288,25.0,Sukarame
-7.3591893 108.1304656,Baik,PJU Konvensional,Tiang Tunggal,SON T,Sukarame,0,-7.3591893,108.1304656,25.0,Sukarame
-7.3706921 108.1287118,Baik,PJU Konvensional,Tiang Tunggal,SON T,Sukarame,0,-7.3706921,108.1287118,25.0,Sukarame
-7.3691563 108.1343307,Baik,PJU Konvensional,Tiang Tunggal,LED,Sukarame,0,-7.3691563,108.1343307,25.0,Sukarame
-7.1733586 108.1849731,Baik,PJU Konvensional,Tiang Tunggal,SON T,Sukarame,0,-7.1733586,108.1849731,38.0,Sukaresik
-7.3634474 108.1389457,Rusak Berat,PJU Konvensional,Tiang Stang,Mercury,Sukarame,1,-7.3634474,108.1389457,25.0,Sukarame
-7.3652277 108.1374642,Baik,PJU Konvensional,Tiang Tunggal,SON T,Sukarame,0,-7.3652277,108.1374642,25.0,Sukarame
-7.382185 108.168620,Baik,PJU Konvensional,Tiang Tunggal,SON T,Sukarame,0,-7.382185,108.16862,25.0,Sukarame
-7.382429 108.169383,Baik,PJU Konvensional,Tiang Tunggal,SON T,Sukarame,0,-7.382429,108.169383,25.0,Sukarame
-7.382971 108.170121,Baik,PJU Konvensional,Tiang Tunggal,LED,Sukarame,0,-7.382971,108.170121,25.0,Sukarame
-7.381591 108.170205,Baik,PJU Konvensional,Tiang Tunggal,LED,Sukarame,0,-7.381591,108.170205,25.0,Sukarame
-7.383541 108.171139,Baik,PJU Konvensional,Tiang Tunggal,SON T,Sukarame,0,-7.383541,108.171139,25.0,Sukarame
-7.383861 108.171583,Baik,PJU Konvensional,Tiang Tunggal,SON T,Sukarame,0,-7.383861,108.171583,25.0,Sukarame
-7.360758 108.128680,Baik,PJU Konvensional,Tiang Tunggal,SON T,Sukarame,0,-7.360758,108.12868,25.0,Sukarame
-7.385243 108.151315,Baik,PJU Konvensional,Tiang Tunggal,LED,Sukarame,0,-7.385243,108.151315,25.0,Sukarame
-7.382038 108.144765,Baik,PJU Konvensional,Tiang Tunggal,SON T,Sukarame,0,-7.382038,108.144765,25.0,Sukarame
-7.385285 108.153726,Rusak Ringan,PJU Konvensional,Tiang Tunggal,SON T,Sukarame,1,-7.385285,108.153726,25.0,Sukarame
-7.385446 108.152371,Rusak Ringan,PJU Konvensional,Tiang Tunggal,SON T,Sukarame,1,-7.385446,108.152371,25.0,Sukarame
-7.384456 108.149721,Baik,PJU Konvensional,Tiang Tunggal,SON T,Sukarame,0,-7.384456,108.149721,25.0,Sukarame
-7.365423 108.139873,Rusak Ringan,PJU Konvensional,Tiang Tunggal,SON T,Sukarame,1,-7.365423,108.139873,25.0,Sukarame
-7.362283 108.133932,Baik,PJU Konvensional,Tiang Stang,SON T,Sukarame,0,-7.362283,108.133932,25.0,Sukarame
-7.368517 108.142169,Baik,PJU Konvensional,Tiang Tunggal,SON T,Sukarame,0,-7.368517,108.142169,25.0,Sukarame
-7.390705 108.167128,Baik,PJU Konvensional,Tiang Tunggal,SON T,Sukarame,0,-7.390705,108.167128,25.0,Sukarame
-7.3650192 108.1421500,Baik,PJU Konvensional,Tiang Tunggal,SON T,Sukarame,0,-7.3650192,108.14215,25.0,Sukarame
-7.3653457 108.1399013,Rusak Ringan,PJU Konvensional,Tiang Tunggal,SON T,Sukarame,1,-7.3653457,108.1399013,25.0,Sukarame
-7.3592079 108.1304247,Baik,PJU Konvensional,Tiang Tunggal,SON T,Sukarame,0,-7.3592079,108.1304247,25.0,Sukarame
-7.2775851 108.1689241,Baik,PJU Konvensional,Tiang Tunggal,LED,Sukaratu,0,-7.2775851,108.1689241,30.0,Sukaratu
-7.2826628 108.1694646,Rusak Berat,PJU Konvensional,Tiang Tunggal,SON T,Sukaratu,1,-7.2826628,108.1694646,30.0,Sukaratu
-7.3150126 108.1452069,Baik,PJU Konvensional,Tiang Tunggal,LED,Sukaratu,0,-7.3150126,108.1452069,30.0,Sukaratu
-7.3182971 108.1530714,Rusak Ringan,PJU Konvensional,Tiang Stang,SON T,Sukaratu,1,-7.3182971,108.1530714,30.0,Sukaratu
-7.2766180 108.1465176,Baik,PJU Konvensional,Tiang Tunggal,SON T,Sukaratu,0,-7.276618,108.1465176,30.0,Sukaratu
-7.2758600 108.1466454,Baik,PJU Konvensional,Tiang Tunggal,LED,Sukaratu,0,-7.27586,108.1466454,30.0,Sukaratu
-7.2774335 108.1428262,Baik,PJU Konvensional,Tiang Tunggal,LED,Sukaratu,0,-7.2774335,108.1428262,30.0,Sukaratu
-7.319696 108.156742,Baik,PJU Konvensional,Tiang Tunggal,LED,Sukaratu,0,-7.319696,108.156742,30.0,Sukaratu
-7.320689 108.158333,Rusak Ringan,PJU Konvensional,Tiang Tunggal,LED,Sukaratu,1,-7.320689,108.158333,30.0,Sukaratu
-7.315189 108.152105,Baik,PJU Konvensional,Tiang Stang,LED,Sukaratu,0,-7.315189,108.152105,30.0,Sukaratu
-7.312626 108.152024,Rusak Berat,PJU Konvensional,Tiang Stang,Mercury,Sukaratu,1,-7.312626,108.152024,30.0,Sukaratu
-7.294060 108.132280,Baik,PJU Konvensional,Tiang Tunggal,SON T,Sukaratu,0,-7.29406,108.13228,30.0,Sukaratu
-7.311283 108.150495,Rusak Berat,PJU Konvensional,Tiang Stang,Mercury,Sukaratu,1,-7.311283,108.150495,30.0,Sukaratu
-7.2818727 108.1358749,Baik,PJU Konvensional,Tiang Tunggal,SON T,Sukaratu,0,-7.2818727,108.1358749,30.0,Sukaratu
-7.297745 108.136474,Baik,PJU Konvensional,Tiang Tunggal,SON T,Sukaratu,0,-7.297745,108.136474,30.0,Sukaratu
-7.313506 108.143508,Baik,PJU Konvensional,Tiang Stang,SON T,Sukaratu,0,-7.313506,108.143508,30.0,Sukaratu
-7.2801469 108.1323096,Baik,PJU Konvensional,Tiang Stang,SON T,Sukaratu,0,-7.2801469,108.1323096,30.0,Sukaratu
-7.291800 108.132090,Baik,PJU Konvensional,Tiang Stang,SON T,Sukaratu,0,-7.2918,108.13209,30.0,Sukaratu
-7.314467 108.144413,Baik,PJU Konvensional,Tiang Tunggal,LED,Sukaratu,0,-7.314467,108.144413,30.0,Sukaratu
-7.287950 108.137133,Baik,PJU Konvensional,Tiang Tunggal,LED,Sukaratu,0,-7.28795,108.137133,30.0,Sukaratu
-7.289013 108.136230,Baik,PJU Konvensional,Tiang Tunggal,SON T,Sukaratu,0,-7.289013,108.13623,30.0,Sukaratu
-7.302266 108.139705,Baik,PJU Konvensional,Tiang Tunggal,LED,Sukaratu,0,-7.302266,108.139705,30.0,Sukaratu
-7.286357 108.137904,Baik,PJU Konvensional,Tiang Tunggal,SON T,Sukaratu,0,-7.286357,108.137904,30.0,Sukaratu
-7.285989 108.137154,Baik,PJU Konvensional,Tiang Tunggal,LED,Sukaratu,0,-7.285989,108.137154,30.0,Sukaratu
-7.2720078 108.1201941,Baik,PJU Konvensional,Tiang Tunggal,SON T,Sukaratu,0,-7.2720078,108.1201941,30.0,Sukaratu
-7.285490 108.135701,Baik,PJU Konvensional,Tiang Tunggal,SON T,Sukaratu,0,-7.28549,108.135701,30.0,Sukaratu
-7.309599 108.141651,Baik,PJU Konvensional,Tiang Tunggal,LED,Sukaratu,0,-7.309599,108.141651,30.0,Sukaratu
-7.2718831 108.1196539,Rusak Ringan,PJU Konvensional,Tiang Tunggal,LED,Sukaratu,1,-7.2718831,108.1196539,30.0,Sukaratu
-7.281985 108.140612,Baik,PJU Konvensional,Tiang Tunggal,SON T,Sukaratu,0,-7.281985,108.140612,30.0,Sukaratu
-7.2718492 108.1186454,Baik,PJU Konvensional,Tiang Stang,SON T,Sukaratu,0,-7.2718492,108.1186454,30.0,Sukaratu
-7.282184 108.141116,Baik,PJU Konvensional,Tiang Tunggal,SON T,Sukaratu,0,-7.282184,108.141116,30.0,Sukaratu
-7.283451 108.139646,Baik,PJU Konvensional,Tiang Tunggal,LED,Sukaratu,0,-7.283451,108.139646,30.0,Sukaratu
-7.283901 108.142392,Baik,PJU Konvensional,Tiang Tunggal,SON T,Sukaratu,0,-7.283901,108.142392,30.0,Sukaratu
-7.284517 108.139030,Baik,PJU Konvensional,Tiang Tunggal,SON T,Sukaratu,0,-7.284517,108.13903,30.0,Sukaratu
-7.282488 108.137763,Baik,PJU Konvensional,Tiang Stang,SON T,Sukaratu,0,-7.282488,108.137763,30.0,Sukaratu
-7.2708082 108.1321661,Baik,PJU Konvensional,Tiang Stang,LED,Sukaratu,0,-7.2708082,108.1321661,30.0,Sukaratu
-7.288539 108.129294,Baik,PJU Konvensional,Tiang Tunggal,SON T,Sukaratu,0,-7.288539,108.129294,30.0,Sukaratu
-7.289091 108.128864,Baik,PJU Konvensional,Tiang Tunggal,SON T,Sukaratu,0,-7.289091,108.128864,30.0,Sukaratu
-7.2718585 108.1359098,Baik,PJU Konvensional,Tiang Stang,SON T,Sukaratu,0,-7.2718585,108.1359098,30.0,Sukaratu
-7.290452 108.128508,Baik,PJU Konvensional,Tiang Tunggal,SON T,Sukaratu,0,-7.290452,108.128508,30.0,Sukaratu
-7.2730441 108.1365934,Baik,PJU Konvensional,Tiang Stang,SON T,Sukaratu,0,-7.2730441,108.1365934,30.0,Sukaratu
-7.287322 108.130003,Baik,PJU Konvensional,Tiang Tunggal,SON T,Sukaratu,0,-7.287322,108.130003,30.0,Sukaratu
-7.2737083 108.1370960,Baik,PJU Konvensional,Tiang Stang,LED,Sukaratu,0,-7.2737083,108.137096,30.0,Sukaratu
-7.286820 108.130446,Baik,PJU Konvensional,Tiang Tunggal,SON T,Sukaratu,0,-7.28682,108.130446,30.0,Sukaratu
-7.308709 108.141235,Baik,PJU Konvensional,Tiang Tunggal,SON T,Sukaratu,0,-7.308709,108.141235,30.0,Sukaratu
-7.274862 108.107018,Baik,PJU Konvensional,Tiang Tunggal,LED,Sukaratu,0,-7.274862,108.107018,30.0,Sukaratu
-7.271650 108.102333,Baik,PJU Konvensional,Tiang Stang,SON T,Sukaratu,0,-7.27165,108.102333,30.0,Sukaratu
-7.272516 108.102511,Baik,PJU Konvensional,Tiang Tunggal,SON T,Sukaratu,0,-7.272516,108.102511,30.0,Sukaratu
-7.266779 108.096041,Baik,PJU Konvensional,Tiang Tunggal,SON T,Sukaratu,0,-7.266779,108.096041,30.0,Sukaratu
-7.267142 108.096575,Baik,PJU Konvensional,Tiang Tunggal,SON T,Sukaratu,0,-7.267142,108.096575,30.0,Sukaratu
-7.310600 108.155815,Rusak Ringan,PJU Konvensional,Tiang Tunggal,LED,Sukaratu,1,-7.3106,108.155815,30.0,Sukaratu
-7.267455 108.097332,Rusak Ringan,PJU Konvensional,Tiang Stang,SON T,Sukaratu,1,-7.267455,108.097332,30.0,Sukaratu
-7.275893 108.146669,Baik,PJU Konvensional,Tiang Tunggal,LED,Sukaratu,0,-7.275893,108.146669,30.0,Sukaratu
-7.2753958 108.1433767,Baik,PJU Konvensional,Tiang Tunggal,SON T,Sukaratu,0,-7.2753958,108.1433767,30.0,Sukaratu
-7.2743285 108.1379718,Rusak Berat,PJU Konvensional,Tiang Stang,Mercury,Sukaratu,1,-7.2743285,108.1379718,30.0,Sukaratu
-7.2743598 108.1379520,Rusak Berat,PJU Konvensional,Tiang Stang,Mercury,Sukaratu,1,-7.2743598,108.137952,30.0,Sukaratu
-7.3293697 108.1492012,Rusak Ringan,PJU Konvensional,Tiang Stang,SON T,Sukaratu,1,-7.3293697,108.1492012,23.0,Singaparna
-7.3293697 108.1492012,Rusak Ringan,PJU Konvensional,Tiang Stang,SON T,Sukaratu,1,-7.3293697,108.1492012,23.0,Singaparna
-7.3192771 108.1434696,Baik,PJU Konvensional,Tiang Tunggal,SON T,Sukaratu,0,-7.3192771,108.1434696,28.0,Padakembang
-7.3177331 108.1432755,Baik,PJU Konvensional,Tiang Tunggal,SON T,Sukaratu,0,-7.3177331,108.1432755,28.0,Padakembang
-7.3144984 108.1443524,Baik,PJU Konvensional,Tiang Tunggal,LED,Sukaratu,0,-7.3144984,108.1443524,30.0,Sukaratu
-7.3217469 108.1334925,Baik,PJU Konvensional,Tiang Tunggal,LED,Sukaratu,0,-7.3217469,108.1334925,28.0,Padakembang
-7.308089 108.156187,Baik,PJU Konvensional,Tiang Stang,SON T,Sukaratu,0,-7.308089,108.156187,30.0,Sukaratu
-7.306844 108.156551,Baik,PJU Konvensional,Tiang Stang,SON T,Sukaratu,0,-7.306844,108.156551,30.0,Sukaratu
-7.303503 108.154357,Baik,PJU Konvensional,Tiang Stang,LED,Sukaratu,0,-7.303503,108.154357,30.0,Sukaratu
-7.301490 108.154917,Baik,PJU Konvensional,Tiang Tunggal,SON T,Sukaratu,0,-7.30149,108.154917,30.0,Sukaratu
-7.298635 108.145373,Baik,PJU Konvensional,Tiang Stang,LED,Sukaratu,0,-7.298635,108.145373,30.0,Sukaratu
-7.301252 108.146485,Rusak Berat,PJU Konvensional,Tiang Stang,Mercury,Sukaratu,1,-7.301252,108.146485,30.0,Sukaratu
-7.294592 108.144912,Rusak Ringan,PJU Konvensional,Tiang Stang,SON T,Sukaratu,1,-7.294592,108.144912,30.0,Sukaratu
-7.294156 108.143084,Rusak Ringan,PJU Konvensional,Tiang Stang,SON T,Sukaratu,1,-7.294156,108.143084,30.0,Sukaratu
-7.304297 108.148181,Rusak Ringan,PJU Konvensional,Tiang Tunggal,SON T,Sukaratu,1,-7.304297,108.148181,30.0,Sukaratu
-7.304562 108.148843,Rusak Berat,PJU Konvensional,Tiang Stang,Mercury,Sukaratu,1,-7.304562,108.148843,30.0,Sukaratu
-7.2718342 108.1196721,Baik,PJU Konvensional,Tiang Tunggal,LED,Sukaratu,0,-7.2718342,108.1196721,30.0,Sukaratu
-7.2966802 108.1210319,Baik,PJU Konvensional,Tiang Tunggal,LED,Sukaratu,0,-7.2966802,108.1210319,28.0,Padakembang
-7.3934177 108.1527022,Baik,PJU Konvensional,Tiang Tunggal,SON T,Tanjungjaya,0,-7.3934177,108.1527022,15.0,Tanjungjaya
-7.3921288 108.1462053,Baik,PJU Konvensional,Tiang Tunggal,SON T,Tanjungjaya,0,-7.3921288,108.1462053,15.0,Tanjungjaya
-7.3910905 108.1467978,Baik,PJU Konvensional,Tiang Tunggal,SON T,Tanjungjaya,0,-7.3910905,108.1467978,15.0,Tanjungjaya
-7.3936069 108.1531306,Baik,PJU Konvensional,Tiang Tunggal,SON T,Tanjungjaya,0,-7.3936069,108.1531306,15.0,Tanjungjaya
-7.402746 108.159288,Rusak Berat,PJU Konvensional,Tiang Stang,Mercury,Tanjungjaya,1,-7.402746,108.159288,15.0,Tanjungjaya
-7.3982257 108.1041605,Rusak Berat,PJU Konvensional,Tiang Stang,Mercury,Tanjungjaya,1,-7.3982257,108.1041605,15.0,Tanjungjaya
-7.3991670 108.1005301,Baik,PJU Konvensional,Tiang Tunggal,SON T,Tanjungjaya,0,-7.399167,108.1005301,15.0,Tanjungjaya
-7.4013963 108.1011578,Baik,PJU Konvensional,Tiang Tunggal,SON T,Tanjungjaya,0,-7.4013963,108.1011578,15.0,Tanjungjaya
-7.4013963 108.1011578,Baik,PJU Konvensional,Tiang Tunggal,SON T,Tanjungjaya,0,-7.4013963,108.1011578,15.0,Tanjungjaya
-7.4156775 108.1132700,Baik,PJU Konvensional,Tiang Tunggal,SON T,Tanjungjaya,0,-7.4156775,108.11327,15.0,Tanjungjaya
-7.4149388 108.1131999,Baik,PJU Konvensional,Tiang Tunggal,SON T,Tanjungjaya,0,-7.4149388,108.1131999,15.0,Tanjungjaya
-7.4183300 108.1088993,Baik,PJU Konvensional,Tiang Tunggal,SON T,Tanjungjaya,0,-7.41833,108.1088993,15.0,Tanjungjaya
-7.4325049 108.1084785,Rusak Ringan,PJU Konvensional,Tiang Tunggal,SON T,Tanjungjaya,1,-7.4325049,108.1084785,15.0,Tanjungjaya
-7.404469 108.138870,Baik,PJU Konvensional,Tiang Tunggal,LED,Tanjungjaya,0,-7.404469,108.13887,15.0,Tanjungjaya
-7.4133585 108.1172011,Baik,PJU Konvensional,Tiang Stang,SON T,Tanjungjaya,0,-7.4133585,108.1172011,15.0,Tanjungjaya
-7.405603 108.141303,Baik,PJU Konvensional,Tiang Tunggal,LED,Tanjungjaya,0,-7.405603,108.141303,15.0,Tanjungjaya
-7.401788 108.155973,Baik,PJU Konvensional,Tiang Tunggal,SON T,Mangunreja,0,-7.401788,108.155973,15.0,Tanjungjaya
-7.387922 108.139021,Baik,PJU Konvensional,Tiang Tunggal,SON T,Tanjungjaya,0,-7.387922,108.139021,15.0,Tanjungjaya
-7.391543 108.135512,Baik,PJU Konvensional,Tiang Stang,SON T,Tanjungjaya,0,-7.391543,108.135512,15.0,Tanjungjaya
-7.386478 108.136528,Rusak Berat,PJU Konvensional,Tiang Stang,Mercury,Tanjungjaya,1,-7.386478,108.136528,15.0,Tanjungjaya
-7.4422176 108.1340242,Baik,PJU Konvensional,Tiang Tunggal,SON T,Tanjungjaya,0,-7.4422176,108.1340242,15.0,Tanjungjaya
-7.4409706 108.1350780,Baik,PJU Konvensional,Tiang Stang,SON T,Tanjungjaya,0,-7.4409706,108.135078,15.0,Tanjungjaya
-7.388318 108.123634,Baik,PJU Konvensional,Tiang Stang,SON T,Tanjungjaya,0,-7.388318,108.123634,15.0,Tanjungjaya
-7.4384034 108.1313202,Baik,PJU Konvensional,Tiang Tunggal,LED,Tanjungjaya,0,-7.4384034,108.1313202,15.0,Tanjungjaya
-7.388463 108.121091,Baik,PJU Konvensional,Tiang Tunggal,SON T,Tanjungjaya,0,-7.388463,108.121091,15.0,Tanjungjaya
-7.4427150 108.1039570,Baik,PJU Konvensional,Tiang Tunggal,SON T,Tanjungjaya,0,-7.442715,108.103957,15.0,Tanjungjaya
-7.383836 108.126754,Baik,PJU Solar Cell,Tiang Tunggal,LED,Tanjungjaya,0,-7.383836,108.126754,15.0,Tanjungjaya
-7.4455042 108.1199500,Baik,PJU Konvensional,Tiang Tunggal,LED,Tanjungjaya,0,-7.4455042,108.11995,15.0,Tanjungjaya
-7.4459560 108.1204030,Rusak Ringan,PJU Konvensional,Tiang Stang,SON T,Tanjungjaya,1,-7.445956,108.120403,15.0,Tanjungjaya
-7.4492529 108.1207630,Baik,PJU Konvensional,Tiang Tunggal,LED,Tanjungjaya,0,-7.4492529,108.120763,15.0,Tanjungjaya
-7.403985 108.117621,Rusak Ringan,PJU Konvensional,Tiang Stang,SON T,Tanjungjaya,1,-7.403985,108.117621,15.0,Tanjungjaya
-7.406837 108.112976,Rusak Ringan,PJU Konvensional,Tiang Stang,SON T,Tanjungjaya,1,-7.406837,108.112976,15.0,Tanjungjaya
-7.382551 108.119205,Baik,PJU Konvensional,Tiang Tunggal,SON T,Tanjungjaya,0,-7.382551,108.119205,15.0,Tanjungjaya
-7.383216 108.115488,Baik,PJU Konvensional,Tiang Tunggal,LED,Tanjungjaya,0,-7.383216,108.115488,15.0,Tanjungjaya
-7.384166 108.112220,Baik,PJU Konvensional,Tiang Tunggal,SON T,Tanjungjaya,0,-7.384166,108.11222,15.0,Tanjungjaya
-7.386842 108.109889,Baik,PJU Konvensional,Tiang Tunggal,SON T,Tanjungjaya,0,-7.386842,108.109889,15.0,Tanjungjaya
-7.456860 108.114819,Rusak Berat,PJU Konvensional,Tiang Stang,Mercury,Tanjungjaya,1,-7.45686,108.114819,15.0,Tanjungjaya
-7.386314 108.109963,Baik,PJU Konvensional,Tiang Tunggal,SON T,Tanjungjaya,0,-7.386314,108.109963,15.0,Tanjungjaya
-7.444278 108.111047,Baik,PJU Konvensional,Tiang Tunggal,SON T,Tanjungjaya,0,-7.444278,108.111047,15.0,Tanjungjaya
-7.444748 108.111111,Baik,PJU Konvensional,Tiang Tunggal,SON T,Tanjungjaya,0,-7.444748,108.111111,15.0,Tanjungjaya
-7.445355 108.115253,Rusak Berat,PJU Konvensional,Tiang Stang,Mercury,Tanjungjaya,1,-7.445355,108.115253,15.0,Tanjungjaya
-7.449052 108.116195,Baik,PJU Konvensional,Tiang Tunggal,LED,Tanjungjaya,0,-7.449052,108.116195,15.0,Tanjungjaya
-7.451328 108.107821,Baik,PJU Konvensional,Tiang Tunggal,LED,Tanjungjaya,0,-7.451328,108.107821,11.0,Sodonghilir
-7.448884 108.116437,Baik,PJU Konvensional,Tiang Tunggal,SON T,Tanjungjaya,0,-7.448884,108.116437,15.0,Tanjungjaya
-7.453957 108.108815,Baik,PJU Konvensional,Tiang Tunggal,SON T,Tanjungjaya,0,-7.453957,108.108815,11.0,Sodonghilir
-7.454935 108.109565,Baik,PJU Konvensional,Tiang Tunggal,LED,Tanjungjaya,0,-7.454935,108.109565,11.0,Sodonghilir
-7.402961 108.138584,Baik,PJU Konvensional,Tiang Tunggal,SON T,Tanjungjaya,0,-7.402961,108.138584,15.0,Tanjungjaya
-7.403108 108.139493,Rusak Berat,PJU Konvensional,Tiang Tunggal,SON T,Tanjungjaya,1,-7.403108,108.139493,15.0,Tanjungjaya
-7.405825 108.139577,Baik,PJU Konvensional,Tiang Tunggal,SON T,Tanjungjaya,0,-7.405825,108.139577,15.0,Tanjungjaya
-7.408709 108.137113,Baik,PJU Konvensional,Tiang Stang,LED,Tanjungjaya,0,-7.408709,108.137113,15.0,Tanjungjaya
-7.383959 108.126788,Baik,PJU Konvensional,Tiang Tunggal,SON T,Tanjungjaya,0,-7.383959,108.126788,15.0,Tanjungjaya
-7.3958558 108.1461726,Baik,PJU Konvensional,Tiang Tunggal,SON T,Tanjungjaya,0,-7.3958558,108.1461726,15.0,Tanjungjaya
-7.386876 108.109551,Baik,PJU Konvensional,Tiang Stang,SON T,Tanjungjaya,0,-7.386876,108.109551,15.0,Tanjungjaya
-7.4161480 108.1136270,Baik,PJU Konvensional,Tiang Tunggal,SON T,Tanjungjaya,0,-7.416148,108.113627,15.0,Tanjungjaya
-7.4076336 108.1030209,Baik,PJU Konvensional,Tiang Tunggal,SON T,Tanjungjaya,0,-7.4076336,108.1030209,15.0,Tanjungjaya
-7.4062176 108.1175947,Rusak Berat,PJU Konvensional,Tiang Stang,Mercury,Tanjungjaya,1,-7.4062176,108.1175947,15.0,Tanjungjaya
-7.4424680 108.1119020,Baik,PJU Konvensional,Tiang Tunggal,SON T,Tanjungjaya,0,-7.442468,108.111902,15.0,Tanjungjaya
-7.4341982 108.1132311,Baik,PJU Konvensional,Tiang Tunggal,LED,Tanjungjaya,0,-7.4341982,108.1132311,15.0,Tanjungjaya
-7.399962 108.153169,Baik,PJU Konvensional,Tiang Tunggal,LED,Tanjungjaya,0,-7.399962,108.153169,15.0,Tanjungjaya
-7.3742499 108.1195624,Baik,PJU Konvensional,Tiang Tunggal,SON T,Tanjungjaya,0,-7.3742499,108.1195624,24.0,Mangunreja
-7.3984279 108.1580887,Baik,PJU Konvensional,Tiang Tunggal,SON T,Tanjungjaya,0,-7.3984279,108.1580887,15.0,Tanjungjaya
-7.4625157 108.0069462,Baik,PJU Konvensional,Tiang Tunggal,SON T,Taraju,0,-7.4625157,108.0069462,12.0,Taraju
-7.4626563 108.0049989,Rusak Berat,PJU Konvensional,Tiang Stang,Mercury,Taraju,1,-7.4626563,108.0049989,12.0,Taraju
-7.4428955 108.0221694,Rusak Berat,PJU Konvensional,Tiang Tunggal,Mercury,Taraju,1,-7.4428955,108.0221694,12.0,Taraju
-7.4425773 108.0225674,Baik,PJU Konvensional,Tiang Tunggal,LED,Taraju,0,-7.4425773,108.0225674,12.0,Taraju
-7.4423114 108.0228597,Baik,PJU Konvensional,Tiang Stang,LED,Taraju,0,-7.4423114,108.0228597,12.0,Taraju
-7.4238237 108.0006282,Baik,PJU Konvensional,Tiang Tunggal,LED,Taraju,0,-7.4238237,108.0006282,12.0,Taraju
-7.4237326 108.0003764,Baik,PJU Konvensional,Tiang Stang,SON T,Taraju,0,-7.4237326,108.0003764,12.0,Taraju
-7.4235025 108.0000103,Baik,PJU Konvensional,Tiang Stang,SON T,Taraju,0,-7.4235025,108.0000103,12.0,Taraju
-7.4324760 108.0289219,Baik,PJU Konvensional,Tiang Tunggal,SON T,Taraju,0,-7.432476,108.0289219,12.0,Taraju
-7.4355503 108.0290003,Baik,PJU Konvensional,Tiang Tunggal,SON T,Taraju,0,-7.4355503,108.0290003,12.0,Taraju
-7.4603023 107.9867830,Baik,PJU Konvensional,Tiang Tunggal,SON T,Taraju,0,-7.4603023,107.986783,12.0,Taraju
-7.4590593 107.9816194,Baik,PJU Konvensional,Tiang Tunggal,SON T,Taraju,0,-7.4590593,107.9816194,12.0,Taraju
-7.4587019 107.9803856,Baik,PJU Konvensional,Tiang Tunggal,SON T,Taraju,0,-7.4587019,107.9803856,12.0,Taraju
-7.4602165 107.9796708,Baik,PJU Konvensional,Tiang Tunggal,SON T,Taraju,0,-7.4602165,107.9796708,12.0,Taraju
-7.4597544 107.9788511,Baik,PJU Konvensional,Tiang Tunggal,SON T,Taraju,0,-7.4597544,107.9788511,12.0,Taraju
-7.3799763 108.0520462,Rusak Ringan,PJU Konvensional,Tiang Stang,SON T,Taraju,1,-7.3799763,108.0520462,24.0,Mangunreja
-7.4209801 107.9994360,Baik,PJU Konvensional,Tiang Tunggal,SON T,Taraju,0,-7.4209801,107.999436,12.0,Taraju
-7.4307738 108.0125473,Baik,PJU Konvensional,Tiang Tunggal,LED,Taraju,0,-7.4307738,108.0125473,12.0,Taraju
-7.4307562 108.0122281,Baik,PJU Konvensional,Tiang Tunggal,LED,Taraju,0,-7.4307562,108.0122281,12.0,Taraju
-7.4350456 108.0386757,Baik,PJU Konvensional,Tiang Tunggal,SON T,Taraju,0,-7.4350456,108.0386757,12.0,Taraju
-7.4522433 108.0318314,Baik,PJU Konvensional,Tiang Tunggal,LED,Taraju,0,-7.4522433,108.0318314,12.0,Taraju
-7.4507217 108.0311877,Baik,PJU Konvensional,Tiang Stang,LED,Taraju,0,-7.4507217,108.0311877,12.0,Taraju
-7.156800 108.158400,Baik,PJU Konvensional,Tiang Stang,LED,Ciawi,0,-7.1568,108.1584,38.0,Sukaresik
-7.156800 108.158800,Baik,PJU Konvensional,Tiang Stang,SON T,Ciawi,0,-7.1568,108.1588,38.0,Sukaresik
-7.156900 108.159400,Baik,PJU Konvensional,Tiang Stang,SON T,Ciawi,0,-7.1569,108.1594,38.0,Sukaresik
-7.156400 108.160500,Baik,PJU Konvensional,Tiang Stang,Mercury,Sukaresik,0,-7.1564,108.1605,38.0,Sukaresik
-7.150734 108.198527,Baik,PJU Konvensional,Tiang Stang,SON T,Sukaresik,0,-7.150734,108.198527,38.0,Sukaresik
-7.142246 108.200153,Baik,PJU Konvensional,Tiang Stang,Mercury,Sukaresik,0,-7.142246,108.200153,38.0,Sukaresik
-7.143681 108.199941,Baik,PJU Konvensional,Tiang Tunggal,SON T,Sukaresik,0,-7.143681,108.199941,38.0,Sukaresik
-7.1586605 108.1944279,Baik,PJU Konvensional,Tiang Stang,LED,Sukaresik,0,-7.1586605,108.1944279,38.0,Sukaresik
-7.1577763 108.1936662,Baik,PJU Konvensional,Tiang Stang,SON T,Sukaratu,0,-7.1577763,108.1936662,38.0,Sukaresik
-7.1577763 108.1936662,Baik,PJU Konvensional,Tiang Stang,SON T,Sukaratu,0,-7.1577763,108.1936662,38.0,Sukaresik
-7.1567131 108.1885710,Baik,PJU Konvensional,Tiang Stang,LED,Sukaratu,0,-7.1567131,108.188571,38.0,Sukaresik
-7.1585457 108.1859300,Baik,PJU Konvensional,Tiang Stang,LED,Sukaratu,0,-7.1585457,108.18593,38.0,Sukaresik
-7.1592749 108.1864094,Baik,PJU Konvensional,Tiang Stang,SON T,Sukaresik,0,-7.1592749,108.1864094,38.0,Sukaresik
-7.1592749 108.1864094,Baik,PJU Konvensional,Tiang Stang,LED,Sukaresik,0,-7.1592749,108.1864094,38.0,Sukaresik
-7.1623338 108.1849855,Baik,PJU Konvensional,Tiang Tunggal,Mercury,Sukaresik,0,-7.1623338,108.1849855,38.0,Sukaresik
-7.167300 108.162100,Baik,PJU Konvensional,Tiang Tunggal,SON T,Sukaresik,0,-7.1673,108.1621,38.0,Sukaresik
-7.169400 108.167900,Baik,PJU Konvensional,Tiang Tunggal,SON T,Sukaresik,0,-7.1694,108.1679,38.0,Sukaresik
-7.169100 108.172100,Baik,PJU Konvensional,Tiang Tunggal,SON T,Sukaresik,0,-7.1691,108.1721,38.0,Sukaresik
-7.169100 108.171300,Baik,PJU Konvensional,Tiang Stang,SON T,Sukaresik,0,-7.1691,108.1713,38.0,Sukaresik
-7.171100 108.170200,Baik,PJU Konvensional,Tiang Stang,SON T,Sukaresik,0,-7.1711,108.1702,38.0,Sukaresik
-7.165700 108.177100,Baik,PJU Konvensional,Tiang Tunggal,SON T,Sukaresik,0,-7.1657,108.1771,38.0,Sukaresik
-7.159300 108.176100,Baik,PJU Konvensional,Tiang Tunggal,LED,Sukaratu,0,-7.1593,108.1761,38.0,Sukaresik
-7.159500 108.171800,Baik,PJU Konvensional,Tiang Tunggal,LED,Sukaresik,0,-7.1595,108.1718,38.0,Sukaresik
-7.1697583 108.1822188,Baik,PJU Konvensional,Tiang Tunggal,SON T,Sukaresik,0,-7.1697583,108.1822188,38.0,Sukaresik
-7.1693522 108.1803094,Baik,PJU Konvensional,Tiang Tunggal,SON T,Sukaresik,0,-7.1693522,108.1803094,38.0,Sukaresik
-7.1690907 108.1791363,Baik,PJU Konvensional,Tiang Tunggal,SON T,Sukaresik,0,-7.1690907,108.1791363,38.0,Sukaresik
-7.1690634 108.1786756,Baik,PJU Konvensional,Tiang Tunggal,Mercury,Sukaresik,0,-7.1690634,108.1786756,38.0,Sukaresik
-7.1733400 108.1808713,Baik,PJU Konvensional,Tiang Stang,SON T,Sukaresik,0,-7.17334,108.1808713,38.0,Sukaresik
-7.1743549 108.1804781,Baik,PJU Konvensional,Tiang Stang,SON T,Sukaresik,0,-7.1743549,108.1804781,38.0,Sukaresik
-7.1739125 108.1884892,Baik,PJU Konvensional,Tiang Tunggal,LED,Sukaresik,0,-7.1739125,108.1884892,38.0,Sukaresik
-7.1762211 108.1892164,Baik,PJU Konvensional,Tiang Tunggal,SON T,Sukaresik,0,-7.1762211,108.1892164,38.0,Sukaresik
-7.1493040 108.1737008,Baik,PJU Konvensional,Tiang Stang,SON T,Sukaresik,0,-7.149304,108.1737008,38.0,Sukaresik
-7.1495864 108.1741735,Rusak Ringan,PJU Konvensional,Tiang Tunggal,SON T,Sukaresik,1,-7.1495864,108.1741735,38.0,Sukaresik
-7.1501942 108.1747767,Rusak Ringan,PJU Konvensional,Tiang Tunggal,SON T,Sukaresik,1,-7.1501942,108.1747767,38.0,Sukaresik
-7.1497364 108.1765731,Baik,PJU Konvensional,Tiang Tunggal,SON T,Sukaresik,0,-7.1497364,108.1765731,38.0,Sukaresik
-7.1493791 108.1777167,Baik,PJU Konvensional,Tiang Stang,SON T,Sukaresik,0,-7.1493791,108.1777167,38.0,Sukaresik
-7.1506330 108.1747140,Baik,PJU Konvensional,Tiang Stang,SON T,Sukaresik,0,-7.150633,108.174714,38.0,Sukaresik
-7.1520571 108.1751033,Baik,PJU Konvensional,Tiang Stang,SON T,Sukaresik,0,-7.1520571,108.1751033,38.0,Sukaresik
-7.1592823 108.1761775,Baik,PJU Konvensional,Tiang Tunggal,LED,Sukaratu,0,-7.1592823,108.1761775,38.0,Sukaresik
-7.1596612 108.1727308,Baik,PJU Konvensional,Tiang Stang,LED,Sukaresik,0,-7.1596612,108.1727308,38.0,Sukaresik
-7.1542161 108.1712097,Rusak Ringan,PJU Konvensional,Tiang Stang,SON T,Sukaresik,1,-7.1542161,108.1712097,38.0,Sukaresik
-7.1545149 108.1703454,Rusak Ringan,PJU Konvensional,Tiang Tunggal,SON T,Sukaresik,1,-7.1545149,108.1703454,38.0,Sukaresik
-7.1550475 108.1667653,Baik,PJU Konvensional,Tiang Stang,SON T,Sukaresik,0,-7.1550475,108.1667653,38.0,Sukaresik
-7.1552381 108.1637106,Baik,PJU Konvensional,Tiang Stang,SON T,Sukaresik,0,-7.1552381,108.1637106,38.0,Sukaresik
-7.1564689 108.1604410,Baik,PJU Konvensional,Tiang Stang,Mercury,Sukaresik,0,-7.1564689,108.160441,38.0,Sukaresik
-7.1514922 108.1914071,Rusak Berat,PJU Konvensional,Tiang Stang,LED,Sukaresik,1,-7.1514922,108.1914071,38.0,Sukaresik
-7.1518831 108.1913786,Baik,PJU Konvensional,Tiang Tunggal,LED,Sukaresik,0,-7.1518831,108.1913786,38.0,Sukaresik
-7.1514227 108.1910698,Baik,PJU Konvensional,Tiang Tunggal,LED,Sukaresik,0,-7.1514227,108.1910698,38.0,Sukaresik
-7.150525 108.185516,Baik,PJU Konvensional,Tiang Tunggal,LED,Sukaresik,0,-7.150525,108.185516,38.0,Sukaresik
-7.1512178 108.1903835,Baik,PJU Konvensional,Tiang Tunggal,LED,Sukaresik,0,-7.1512178,108.1903835,38.0,Sukaresik
-7.1556023 108.1833785,Baik,PJU Konvensional,Tiang Tunggal,LED,Sukaresik,0,-7.1556023,108.1833785,38.0,Sukaresik
-7.1549793 108.1821504,Baik,PJU Konvensional,Tiang Tunggal,LED,Sukaresik,0,-7.1549793,108.1821504,38.0,Sukaresik
-7.1568116 108.1803859,Baik,PJU Konvensional,Tiang Tunggal,Mercury,Sukaresik,0,-7.1568116,108.1803859,38.0,Sukaresik
-7.1545764 108.1817132,Baik,PJU Konvensional,Tiang Tunggal,SON T,Sukaratu,0,-7.1545764,108.1817132,38.0,Sukaresik
-7.1556988 108.1813806,Baik,PJU Konvensional,Tiang Tunggal,SON T,Sukaratu,0,-7.1556988,108.1813806,38.0,Sukaresik
-7.1557364 108.1849644,Baik,PJU Konvensional,Tiang Tunggal,SON T,Sukaratu,0,-7.1557364,108.1849644,38.0,Sukaresik
-7.1558468 108.1853828,Rusak Ringan,PJU Konvensional,Tiang Stang,SON T,Sukaratu,1,-7.1558468,108.1853828,38.0,Sukaresik
-7.1556679 108.1869885,Baik,PJU Konvensional,Tiang Tunggal,SON T,Sukaratu,0,-7.1556679,108.1869885,38.0,Sukaresik
-7.1767241 108.1738570,Baik,PJU Konvensional,Tiang Stang,LED,Sukaresik,0,-7.1767241,108.173857,38.0,Sukaresik
-7.1764985 108.1744394,Baik,PJU Konvensional,Tiang Tunggal,LED,Sukaresik,0,-7.1764985,108.1744394,38.0,Sukaresik
-7.1762151 108.1758838,Baik,PJU Konvensional,Tiang Tunggal,SON T,Sukaresik,0,-7.1762151,108.1758838,38.0,Sukaresik
-7.1693485 108.1678680,Baik,PJU Konvensional,Tiang Tunggal,SON T,Sukaresik,0,-7.1693485,108.167868,38.0,Sukaresik
-7.1710001 108.1684313,Baik,PJU Konvensional,Tiang Tunggal,LED,Sukaresik,0,-7.1710001,108.1684313,38.0,Sukaresik
-7.1662342 108.1758268,Rusak Ringan,PJU Konvensional,Tiang Tunggal,SON T,Sukaresik,1,-7.1662342,108.1758268,38.0,Sukaresik
-7.1661657 108.1766660,Baik,PJU Konvensional,Tiang Tunggal,LED,Sukaresik,0,-7.1661657,108.176666,38.0,Sukaresik
-7.1657721 108.1773171,Baik,PJU Konvensional,Tiang Tunggal,SON T,Sukaresik,0,-7.1657721,108.1773171,38.0,Sukaresik
-7.1658546 108.1817434,Rusak Ringan,PJU Konvensional,Tiang Tunggal,SON T,Sukaresik,1,-7.1658546,108.1817434,38.0,Sukaresik
-7.1638148 108.1836112,Baik,PJU Konvensional,Tiang Tunggal,SON T,Sukaresik,0,-7.1638148,108.1836112,38.0,Sukaresik
-7.1645785 108.1826295,Baik,PJU Konvensional,Tiang Stang,SON T,Sukaresik,0,-7.1645785,108.1826295,38.0,Sukaresik
-7.496822 107.958554,Baik,PJU Konvensional,Tiang Tunggal,LED,Bojonggambir,0,-7.496822,107.958554,10.0,Bojonggambir
-7.4822659 107.9904898,Baik,PJU Konvensional,Tiang Tunggal,LED,Bojonggambir,0,-7.4822659,107.9904898,10.0,Bojonggambir
-7.484151 108.021167,Baik,PJU Konvensional,Tiang Tunggal,LED,Bojonggambir,0,-7.484151,108.021167,11.0,Sodonghilir
-7.4953389 107.9785587,Baik,PJU Konvensional,Tiang Stang,SON T,Bojonggambir,0,-7.4953389,107.9785587,10.0,Bojonggambir
-7.4921454 107.9878401,Baik,PJU Solar Cell,Tiang Tunggal,LED,Bojonggambir,0,-7.4921454,107.9878401,10.0,Bojonggambir
-7.4933397 107.9875595,Baik,PJU Konvensional,Tiang Tunggal,SON T,Bojonggambir,0,-7.4933397,107.9875595,10.0,Bojonggambir
-7.195887 108.110690,Baik,PJU Konvensional,Tiang Tunggal,LED,Ciawi,0,-7.195887,108.11069,35.0,Ciawi
-7.196835 108.111280,Baik,PJU Konvensional,Tiang Tunggal,LED,Ciawi,0,-7.196835,108.11128,35.0,Ciawi
-7.197219 108.112100,Baik,PJU Konvensional,Tiang Stang,SON T,Ciawi,0,-7.197219,108.1121,35.0,Ciawi
-7.197889 108.113460,Baik,PJU Konvensional,Tiang Tunggal,LED,Ciawi,0,-7.197889,108.11346,35.0,Ciawi
-7.196599 108.119640,Baik,PJU Konvensional,Tiang Stang,LED,Ciawi,0,-7.196599,108.11964,35.0,Ciawi
-7.196542 108.120840,Baik,PJU Konvensional,Tiang Stang,SON T,Ciawi,0,-7.196542,108.12084,35.0,Ciawi
-7.196676 108.122080,Baik,PJU Konvensional,Tiang Tunggal,SON T,Ciawi,0,-7.196676,108.12208,35.0,Ciawi
-7.202399 108.117420,Baik,PJU Konvensional,Tiang Stang,SON T,Ciawi,0,-7.202399,108.11742,32.0,Sukahening
-7.202405 108.118360,Baik,PJU Konvensional,Tiang Stang,Mercury,Ciawi,0,-7.202405,108.11836,32.0,Sukahening
-7.202560 108.119400,Baik,PJU Konvensional,Tiang Tunggal,Mercury,Ciawi,0,-7.20256,108.1194,32.0,Sukahening
-7.139788 108.143200,Baik,PJU Konvensional,Tiang Stang,SON T,Ciawi,0,-7.139788,108.1432,35.0,Ciawi
-7.146974 108.142410,Baik,PJU Konvensional,Tiang Tunggal,SON T,Ciawi,0,-7.146974,108.14241,35.0,Ciawi
-7.138463 108.143302,Baik,PJU Konvensional,Tiang Tunggal,SON T,Ciawi,0,-7.138463,108.143302,35.0,Ciawi
-7.140513 108.143201,Baik,PJU Konvensional,Tiang Stang,SON T,Ciawi,0,-7.140513,108.143201,35.0,Ciawi
-7.16852805 108.15795861,Baik,PJU Konvensional,Tiang Stang,SON T,Ciawi,0,-7.16852805,108.15795861,35.0,Ciawi
-7.16851711 108.1572122,Baik,PJU Konvensional,Tiang Stang,SON T,Ciawi,0,-7.16851711,108.1572122,35.0,Ciawi
-7.16852773 108.15662944,Baik,PJU Konvensional,Tiang Stang,LED,Ciawi,0,-7.16852773,108.15662944,35.0,Ciawi
-7.16882334 108.15655504,Baik,PJU Konvensional,Tiang Stang,SON T,Ciawi,0,-7.16882334,108.15655504,35.0,Ciawi
-7.16852547 108.15635284,Baik,PJU Konvensional,Tiang Stang,SON T,Ciawi,0,-7.16852547,108.15635284,35.0,Ciawi
-7.14267194 108.14653731,Baik,PJU Konvensional,Tiang Stang,SON T,Ciawi,0,-7.14267194,108.14653731,35.0,Ciawi
-7.14261995 108.14600078,Baik,PJU Konvensional,Tiang Stang,SON T,Ciawi,0,-7.14261995,108.14600078,35.0,Ciawi
-7.14241643 108.14628216,Baik,PJU Konvensional,Tiang Stang,SON T,Ciawi,0,-7.14241643,108.14628216,35.0,Ciawi
-7.14269381 108.14693761,Baik,PJU Konvensional,Tiang Stang,SON T,Ciawi,0,-7.14269381,108.14693761,35.0,Ciawi
-7.14182309 108.14678228,Baik,PJU Konvensional,Tiang Tunggal,SON T,Ciawi,0,-7.14182309,108.14678228,35.0,Ciawi
-7.14240459 108.14793661,Rusak Ringan,PJU Konvensional,Tiang Tunggal,SON T,Ciawi,1,-7.14240459,108.14793661,35.0,Ciawi
-7.143028 108.14806498,Baik,PJU Konvensional,Tiang Tunggal,SON T,Ciawi,0,-7.143028,108.14806498,35.0,Ciawi
-7.14342964 108.1480609,Baik,PJU Konvensional,Tiang Stang,SON T,Ciawi,0,-7.14342964,108.1480609,35.0,Ciawi
-7.14313789 108.14751297,Baik,PJU Konvensional,Tiang Stang,SON T,Ciawi,0,-7.14313789,108.14751297,35.0,Ciawi
-7.14266606 108.14731851,Baik,PJU Konvensional,Tiang Stang,SON T,Ciawi,0,-7.14266606,108.14731851,35.0,Ciawi
-7.16683339 108.15810925,Rusak Ringan,PJU Konvensional,Tiang Tunggal,SON T,Ciawi,1,-7.16683339,108.15810925,35.0,Ciawi
-7.16575237 108.15826586,Baik,PJU Konvensional,Tiang Tunggal,SON T,Ciawi,0,-7.16575237,108.15826586,35.0,Ciawi
-7.1586229 108.1391885,Baik,PJU Konvensional,Tiang Stang,Mercury,Ciawi,0,-7.1586229,108.1391885,35.0,Ciawi
-7.1587696 108.1371171,Baik,PJU Konvensional,Tiang Tunggal,LED,Ciawi,0,-7.1587696,108.1371171,35.0,Ciawi
-7.1585281 108.1321815,Rusak Ringan,PJU Konvensional,Tiang Stang,SON T,Ciawi,1,-7.1585281,108.1321815,35.0,Ciawi
-7.1583937 108.1317906,Baik,PJU Konvensional,Tiang Stang,LED,Ciawi,0,-7.1583937,108.1317906,35.0,Ciawi
-7.1582424 108.1308324,Baik,PJU Konvensional,Tiang Tunggal,SON T,Ciawi,0,-7.1582424,108.1308324,35.0,Ciawi
-7.1579297 108.1285317,Baik,PJU Konvensional,Tiang Tunggal,SON T,Ciawi,0,-7.1579297,108.1285317,35.0,Ciawi
-7.1586549 108.1390228,Baik,PJU Konvensional,Tiang Tunggal,SON T,Ciawi,0,-7.1586549,108.1390228,35.0,Ciawi
-7.1586179 108.1392083,Baik,PJU Konvensional,Tiang Tunggal,Mercury,Ciawi,0,-7.1586179,108.1392083,35.0,Ciawi
-7.1585105 108.1397789,Baik,PJU Konvensional,Tiang Tunggal,SON T,Ciawi,0,-7.1585105,108.1397789,35.0,Ciawi
-7.1589160 108.1478067,Baik,PJU Konvensional,Tiang Tunggal,LED,Ciawi,0,-7.158916,108.1478067,35.0,Ciawi
-7.14475 108.15218,Baik,PJU Konvensional,Tiang Tunggal,SON T,Ciawi,0,-7.14475,108.15218,35.0,Ciawi
-7.1662 108.1640,Baik,PJU Konvensional,Tiang Stang,Mercury,Ciawi,0,-7.1662,108.164,38.0,Sukaresik
-7.1643 108.1529,Baik,PJU Konvensional,Tiang Stang,SON T,Ciawi,0,-7.1643,108.1529,35.0,Ciawi
-7.1643 108.1530,Baik,PJU Konvensional,Tiang Tunggal,SON T,Ciawi,0,-7.1643,108.153,35.0,Ciawi
-7.1648 108.1519,Baik,PJU Konvensional,Tiang Tunggal,Mercury,Ciawi,0,-7.1648,108.1519,35.0,Ciawi
-7.1651 108.1514,Baik,PJU Konvensional,Tiang Tunggal,Mercury,Ciawi,0,-7.1651,108.1514,35.0,Ciawi
-7.1649 108.1507,Baik,PJU Konvensional,Tiang Tunggal,LED,Ciawi,0,-7.1649,108.1507,35.0,Ciawi
-7.1670 108.1496,Baik,PJU Konvensional,Tiang Tunggal,LED,Ciawi,0,-7.167,108.1496,35.0,Ciawi
-7.1688 108.1484,Baik,PJU Konvensional,Tiang Tunggal,LED,Ciawi,0,-7.1688,108.1484,35.0,Ciawi
-7.1674 108.1493,Baik,PJU Konvensional,Tiang Tunggal,LED,Ciawi,0,-7.1674,108.1493,35.0,Ciawi
-7.1624 108.1539,Baik,PJU Konvensional,Tiang Tunggal,SON T,Ciawi,0,-7.1624,108.1539,35.0,Ciawi
-7.1615 108.1542,Baik,PJU Konvensional,Tiang Stang,SON T,Ciawi,0,-7.1615,108.1542,35.0,Ciawi
-7.1552 108.1513,Baik,PJU Konvensional,Tiang Tunggal,Mercury,Ciawi,0,-7.1552,108.1513,35.0,Ciawi
-7.1558 108.1516,Baik,PJU Konvensional,Tiang Tunggal,Mercury,Ciawi,0,-7.1558,108.1516,35.0,Ciawi
-7.1551 108.1506,Baik,PJU Konvensional,Tiang Tunggal,Mercury,Ciawi,0,-7.1551,108.1506,35.0,Ciawi
-7.1559 108.1518,Baik,PJU Konvensional,Tiang Tunggal,LED,Ciawi,0,-7.1559,108.1518,35.0,Ciawi
-7.155274 108.15170,Baik,PJU Konvensional,Tiang Stang,SON T,Ciawi,0,-7.155274,108.1517,35.0,Ciawi
-7.1553 108.1535,Baik,PJU Konvensional,Tiang Tunggal,LED,Ciawi,0,-7.1553,108.1535,35.0,Ciawi
-7.1578 108.1539,Baik,PJU Konvensional,Tiang Tunggal,LED,Ciawi,0,-7.1578,108.1539,35.0,Ciawi
-7.1568 108.1577,Baik,PJU Konvensional,Tiang Stang,LED,Ciawi,0,-7.1568,108.1577,38.0,Sukaresik
-7.1571 108.1599,Baik,PJU Konvensional,Tiang Stang,SON T,Ciawi,0,-7.1571,108.1599,38.0,Sukaresik
-7.1577 108.1601,Baik,PJU Konvensional,Tiang Stang,Mercury,Ciawi,0,-7.1577,108.1601,38.0,Sukaresik
-7.1589 108.1606,Baik,PJU Konvensional,Tiang Tunggal,LED,Ciawi,0,-7.1589,108.1606,38.0,Sukaresik
-7.1558 108.1637,Baik,PJU Konvensional,Tiang Stang,LED,Ciawi,0,-7.1558,108.1637,38.0,Sukaresik
-7.1556 108.1636,Baik,PJU Konvensional,Tiang Stang,LED,Ciawi,0,-7.1556,108.1636,38.0,Sukaresik
-7.1576 108.1635,Baik,PJU Konvensional,Tiang Tunggal,Mercury,Ciawi,0,-7.1576,108.1635,38.0,Sukaresik
-7.1641 108.1617,Baik,PJU Konvensional,Tiang Tunggal,LED,Ciawi,0,-7.1641,108.1617,38.0,Sukaresik
-7.1645 108.1650,Rusak Ringan,PJU Konvensional,Tiang Tunggal,LED,Ciawi,1,-7.1645,108.165,38.0,Sukaresik
-7.1646 108.1659,Rusak Ringan,PJU Konvensional,Tiang Stang,SON T,Ciawi,1,-7.1646,108.1659,38.0,Sukaresik
-7.12961 108.14342,Baik,PJU Konvensional,Tiang Tunggal,LED,Ciawi,0,-7.12961,108.14342,36.0,Kadipaten
-7.14792 108.13198,Baik,PJU Konvensional,Tiang Stang,SON T,Ciawi,0,-7.14792,108.13198,35.0,Ciawi
-7.15156 108.13789,Baik,PJU Konvensional,Tiang Tunggal,SON T,Ciawi,0,-7.15156,108.13789,35.0,Ciawi
-7.11352 108.11118,Baik,PJU Konvensional,Tiang Stang,SON T,Ciawi,0,-7.11352,108.11118,36.0,Kadipaten
-7.14699 108.14215,Baik,PJU Konvensional,Tiang Tunggal,SON T,Ciawi,0,-7.14699,108.14215,35.0,Ciawi
-7.19113 108.14379,Baik,PJU Konvensional,Tiang Tunggal,SON T,Ciawi,0,-7.19113,108.14379,34.0,Jamanis
-7.1833205 108.1295681,Baik,PJU Konvensional,Tiang Tunggal,SON T,Ciawi,0,-7.1833205,108.1295681,35.0,Ciawi
-7.1860661 108.1312582,Baik,PJU Konvensional,Tiang Tunggal,SON T,Ciawi,0,-7.1860661,108.1312582,35.0,Ciawi
-7.1874802 108.1325638,Rusak Ringan,PJU Konvensional,Tiang Stang,Mercury,Ciawi,1,-7.1874802,108.1325638,35.0,Ciawi
-7.1876595 108.1315418,Baik,PJU Konvensional,Tiang Tunggal,LED,Ciawi,0,-7.1876595,108.1315418,35.0,Ciawi
-7.1876595 108.1315418,Baik,PJU Konvensional,Tiang Stang,LED,Ciawi,0,-7.1876595,108.1315418,35.0,Ciawi
-7.1877054 108.1306208,Baik,PJU Konvensional,Tiang Tunggal,LED,Ciawi,0,-7.1877054,108.1306208,35.0,Ciawi
-7.1877054 108.1306208,Rusak Berat,PJU Konvensional,Tiang Stang,LED,Ciawi,1,-7.1877054,108.1306208,35.0,Ciawi
-7.1828531 108.1336065,Baik,PJU Konvensional,Tiang Stang,Mercury,Ciawi,0,-7.1828531,108.1336065,35.0,Ciawi
-7.1829017 108.1302976,Baik,PJU Konvensional,Tiang Stang,SON T,Ciawi,0,-7.1829017,108.1302976,35.0,Ciawi
-7.1811746 108.1227804,Baik,PJU Konvensional,Tiang Stang,Mercury,Ciawi,0,-7.1811746,108.1227804,35.0,Ciawi
-7.1811353 108.1213062,Baik,PJU Konvensional,Tiang Stang,SON T,Ciawi,0,-7.1811353,108.1213062,35.0,Ciawi
-7.1811353 108.1213062,Baik,PJU Konvensional,Tiang Tunggal,LED,Ciawi,0,-7.1811353,108.1213062,35.0,Ciawi
-7.1811353 108.1213062,Baik,PJU Konvensional,Tiang Tunggal,LED,Ciawi,0,-7.1811353,108.1213062,35.0,Ciawi
-7.16844 108.13176,Baik,PJU Konvensional,Tiang Tunggal,LED,Ciawi,0,-7.16844,108.13176,35.0,Ciawi
-7.17259 108.14046,Rusak Berat,PJU Konvensional,Tiang Stang,SON T,Ciawi,1,-7.17259,108.14046,35.0,Ciawi
-7.16608 108.13416,Baik,PJU Konvensional,Tiang Tunggal,LED,Ciawi,0,-7.16608,108.13416,35.0,Ciawi
-7.17309 108.15158,Baik,PJU Konvensional,Tiang Stang,SON T,Ciawi,0,-7.17309,108.15158,34.0,Jamanis
-7.17248 108.14190,Baik,PJU Konvensional,Tiang Stang,SON T,Ciawi,0,-7.17248,108.1419,35.0,Ciawi
-7.17324 108.13194,Baik,PJU Konvensional,Tiang Tunggal,SON T,Ciawi,0,-7.17324,108.13194,35.0,Ciawi
-7.1911818 108.1363772,Baik,PJU Konvensional,Tiang Stang,SON T,Ciawi,0,-7.1911818,108.1363772,35.0,Ciawi
-7.1915736 108.1343924,Baik,PJU Konvensional,Tiang Tunggal,SON T,Ciawi,0,-7.1915736,108.1343924,35.0,Ciawi
-7.1939457 108.1283242,Baik,PJU Konvensional,Tiang Tunggal,Mercury,Ciawi,0,-7.1939457,108.1283242,35.0,Ciawi
-7.1930692 108.1203741,Baik,PJU Konvensional,Tiang Tunggal,LED,Ciawi,0,-7.1930692,108.1203741,35.0,Ciawi
-7.1930692 108.1203741,Rusak Ringan,PJU Konvensional,Tiang Stang,SON T,Ciawi,1,-7.1930692,108.1203741,35.0,Ciawi
-7.1914615 108.1257754,Baik,PJU Konvensional,Tiang Tunggal,LED,Ciawi,0,-7.1914615,108.1257754,35.0,Ciawi
-7.1964331 108.1207161,Baik,PJU Konvensional,Tiang Stang,Mercury,Ciawi,0,-7.1964331,108.1207161,35.0,Ciawi
-7.1964331 108.1207161,Baik,PJU Konvensional,Tiang Tunggal,LED,Ciawi,0,-7.1964331,108.1207161,35.0,Ciawi
-7.1964331 108.1207161,Baik,PJU Konvensional,Tiang Stang,LED,Ciawi,0,-7.1964331,108.1207161,35.0,Ciawi
-7.1964331 108.1207161,Baik,PJU Konvensional,Tiang Stang,SON T,Ciawi,0,-7.1964331,108.1207161,35.0,Ciawi
-7.1964331 108.1207161,Baik,PJU Konvensional,Tiang Stang,LED,Ciawi,0,-7.1964331,108.1207161,35.0,Ciawi
-7.2017466 108.1172956,Baik,PJU Konvensional,Tiang Tunggal,SON T,Ciawi,0,-7.2017466,108.1172956,32.0,Sukahening
-7.1978119 108.1133668,Baik,PJU Konvensional,Tiang Tunggal,LED,Ciawi,0,-7.1978119,108.1133668,35.0,Ciawi
-7.1970685 108.1119634,Baik,PJU Konvensional,Tiang Stang,Mercury,Ciawi,0,-7.1970685,108.1119634,35.0,Ciawi
-7.1956228 108.1104409,Baik,PJU Konvensional,Tiang Stang,Mercury,Ciawi,0,-7.1956228,108.1104409,35.0,Ciawi
-7.1948701 108.1095095,Baik,PJU Konvensional,Tiang Tunggal,LED,Ciawi,0,-7.1948701,108.1095095,35.0,Ciawi
-7.1958776 108.1105371,Baik,PJU Konvensional,Tiang Tunggal,LED,Ciawi,0,-7.1958776,108.1105371,35.0,Ciawi
-7.1979566 108.1141809,Baik,PJU Konvensional,Tiang Stang,LED,Ciawi,0,-7.1979566,108.1141809,35.0,Ciawi
-7.14294 108.14758,Baik,PJU Konvensional,Tiang Stang,SON T,Ciawi,0,-7.14294,108.14758,35.0,Ciawi
-7.15258 108.15058,Baik,PJU Konvensional,Tiang Tunggal,SON T,Ciawi,0,-7.15258,108.15058,35.0,Ciawi
-7.15254 108.15250,Rusak Ringan,PJU Konvensional,Tiang Tunggal,LED,Ciawi,1,-7.15254,108.1525,35.0,Ciawi
-7.15762 108.12873,Baik,PJU Konvensional,Tiang Stang,SON T,Ciawi,0,-7.15762,108.12873,35.0,Ciawi
-7.15824 108.13066,Baik,PJU Konvensional,Tiang Stang,SON T,Ciawi,0,-7.15824,108.13066,35.0,Ciawi
-7.15853 108.13208,Rusak Ringan,PJU Konvensional,Tiang Stang,SON T,Ciawi,1,-7.15853,108.13208,35.0,Ciawi
-7.15977 108.14847,Baik,PJU Konvensional,Tiang Tunggal,LED,Ciawi,0,-7.15977,108.14847,35.0,Ciawi
-7.15613 108.15097,Baik,PJU Konvensional,Tiang Tunggal,SON T,Ciawi,0,-7.15613,108.15097,35.0,Ciawi
-7.146125 108.15097,Baik,PJU Konvensional,Tiang Stang,SON T,Ciawi,0,-7.146125,108.15097,35.0,Ciawi
-7.14612 108.15097,Rusak Ringan,PJU Konvensional,Tiang Stang,SON T,Ciawi,1,-7.14612,108.15097,35.0,Ciawi
-7.2052913 108.152300,Baik,PJU Konvensional,Tiang Stang,SON T,Ciawi,0,-7.2052913,108.1523,32.0,Sukahening
-7.10692 108.10711,Rusak Berat,PJU Konvensional,Tiang Stang,LED,Ciawi,1,-7.10692,108.10711,36.0,Kadipaten
-7.10692 108.19711,Baik,PJU Konvensional,Tiang Stang,SON T,Ciawi,0,-7.10692,108.19711,37.0,Pagerageung
-7.15463 108.16974,Baik,PJU Konvensional,Tiang Tunggal,SON T,Ciawi,0,-7.15463,108.16974,38.0,Sukaresik
-7.18549 108.13193,Baik,PJU Konvensional,Tiang Tunggal,SON T,Ciawi,0,-7.18549,108.13193,35.0,Ciawi
-7.17747 108.18641,Baik,PJU Konvensional,Tiang Stang,SON T,Ciawi,0,-7.17747,108.18641,38.0,Sukaresik
-7.17747 108.18641,Baik,PJU Konvensional,Tiang Tunggal,LED,Ciawi,0,-7.17747,108.18641,38.0,Sukaresik
-7.17607 108.13379,Baik,PJU Konvensional,Tiang Tunggal,LED,Ciawi,0,-7.17607,108.13379,35.0,Ciawi
-7.10542 108.10525,Baik,PJU Konvensional,Tiang Tunggal,LED,Ciawi,0,-7.10542,108.10525,36.0,Kadipaten
-7.15916 108.15343,Baik,PJU Konvensional,Tiang Tunggal,LED,Ciawi,0,-7.15916,108.15343,35.0,Ciawi
-7.19262 108.14676,Baik,PJU Konvensional,Tiang Tunggal,SON T,Ciawi,0,-7.19262,108.14676,34.0,Jamanis
-7.17601 108.13527,Baik,PJU Konvensional,Tiang Tunggal,LED,Ciawi,0,-7.17601,108.13527,35.0,Ciawi
-7.1922715 108.1106250,Rusak Ringan,PJU Konvensional,Tiang Tunggal,Mercury,Ciawi,1,-7.1922715,108.110625,35.0,Ciawi
-7.196474 108.121071,Baik,PJU Konvensional,Tiang Stang,LED,Ciawi,0,-7.196474,108.121071,35.0,Ciawi
-7.1902075 108.1384056,Baik,PJU Konvensional,Tiang Stang,Mercury,Ciawi,0,-7.1902075,108.1384056,34.0,Jamanis
-7.1906981 108.1133447,Baik,PJU Konvensional,Tiang Tunggal,Mercury,Ciawi,0,-7.1906981,108.1133447,35.0,Ciawi
-7.6396518 108.0577030,Rusak Ringan,PJU Konvensional,Tiang Stang,SON T,Culamega,1,-7.6396518,108.057703,9.0,Culamega
-7.6641516 108.0411363,Baik,PJU Konvensional,Tiang Stang,SON T,Culamega,0,-7.6641516,108.0411363,0.0,Cipatujah
-7.5833757 108.0759058,Baik,PJU Konvensional,Tiang Tunggal,LED,Culamega,0,-7.5833757,108.0759058,9.0,Culamega
-7.5876639 108.0710778,Baik,PJU Konvensional,Tiang Stang,SON T,Culamega,0,-7.5876639,108.0710778,9.0,Culamega
-7.5855200 108.0722218,Baik,PJU Konvensional,Tiang Stang,LED,Culamega,0,-7.58552,108.0722218,9.0,Culamega
-7.5764417 108.0619523,Rusak Ringan,PJU Konvensional,Tiang Stang,LED,Culamega,1,-7.5764417,108.0619523,9.0,Culamega
-7.5753030 108.0632270,Baik,PJU Konvensional,Tiang Tunggal,Mercury,Culamega,0,-7.575303,108.063227,9.0,Culamega
-7.5789891 108.0613085,Baik,PJU Konvensional,Tiang Tunggal,SON T,Culamega,0,-7.5789891,108.0613085,9.0,Culamega
-7.5789891 108.0613085,Baik,PJU Konvensional,Tiang Tunggal,SON T,Culamega,0,-7.5789891,108.0613085,9.0,Culamega
-7.5814880 108.0602380,Baik,PJU Konvensional,Tiang Tunggal,SON T,Culamega,0,-7.581488,108.060238,9.0,Culamega
-7.5832528 108.0590578,Baik,PJU Konvensional,Tiang Tunggal,LED,Culamega,0,-7.5832528,108.0590578,9.0,Culamega
-7.5946620 108.0550080,Baik,PJU Konvensional,Tiang Tunggal,SON T,Culamega,0,-7.594662,108.055008,9.0,Culamega
-7.5876005 108.0470774,Baik,PJU Konvensional,Tiang Tunggal,SON T,Culamega,0,-7.5876005,108.0470774,9.0,Culamega
-7.5856423 108.0451804,Baik,PJU Konvensional,Tiang Tunggal,SON T,Culamega,0,-7.5856423,108.0451804,9.0,Culamega
-7.5800991 108.0355305,Baik,PJU Konvensional,Tiang Stang,SON T,Culamega,0,-7.5800991,108.0355305,9.0,Culamega
-7.5833907 108.0385835,Baik,PJU Konvensional,Tiang Tunggal,LED,Culamega,0,-7.5833907,108.0385835,9.0,Culamega
-7.5645331 108.0474667,Baik,PJU Konvensional,Tiang Stang,LED,Culamega,0,-7.5645331,108.0474667,9.0,Culamega
-7.5554593 108.0300085,Baik,PJU Konvensional,Tiang Stang,SON T,Culamega,0,-7.5554593,108.0300085,9.0,Culamega
-7.5566990 108.0319487,Baik,PJU Konvensional,Tiang Tunggal,LED,Culamega,0,-7.556699,108.0319487,9.0,Culamega
-7.6113688 108.0453350,Baik,PJU Konvensional,Tiang Tunggal,Mercury,Culamega,0,-7.6113688,108.045335,9.0,Culamega
-7.5440281 108.1504112,Baik,PJU Konvensional,Tiang Tunggal,LED,Culamega,0,-7.5440281,108.1504112,8.0,Bojongasih
-7.5546922 108.1499472,Baik,PJU Konvensional,Tiang Tunggal,Mercury,Culamega,0,-7.5546922,108.1499472,8.0,Bojongasih
-7.5573714 108.1494898,Baik,PJU Konvensional,Tiang Tunggal,Mercury,Culamega,0,-7.5573714,108.1494898,8.0,Bojongasih
-7.3456116 108.0176781,Baik,PJU Konvensional,Tiang Tunggal,SON T,Cigalontang,0,-7.3456116,108.0176781,26.0,Cigalontang
-7.322932 108.0050068,Baik,PJU Konvensional,Tiang Tunggal,Mercury,Cigalontang,0,-7.322932,108.0050068,26.0,Cigalontang
-7.318896 108.0037269,Baik,PJU Konvensional,Tiang Tunggal,Mercury,Cigalontang,0,-7.318896,108.0037269,26.0,Cigalontang
-7.3213208 108.0048634,Rusak Ringan,PJU Konvensional,Tiang Tunggal,Mercury,Cigalontang,1,-7.3213208,108.0048634,26.0,Cigalontang
-7.3429398 108.0703236,Baik,PJU Konvensional,Tiang Stang,LED,Cigalontang,0,-7.3429398,108.0703236,29.0,Sariwangi
-7.356602 108.089489,Baik,PJU Konvensional,Tiang Stang,SON T,Cigalontang,0,-7.356602,108.089489,26.0,Cigalontang
-7.357678 108.087795,Baik,PJU Konvensional,Tiang Tunggal,SON T,Cigalontang,0,-7.357678,108.087795,26.0,Cigalontang
-7.351274 108.032719,Rusak Berat,PJU Konvensional,Tiang Stang,LED,Cigalontang,1,-7.351274,108.032719,26.0,Cigalontang
-7.353159 108.032297,Rusak Ringan,PJU Konvensional,Tiang Tunggal,LED,Cigalontang,1,-7.353159,108.032297,26.0,Cigalontang
-7.360112 108.075268,Baik,PJU Konvensional,Tiang Stang,LED,Cigalontang,0,-7.360112,108.075268,26.0,Cigalontang
-7.360770 108.078190,Baik,PJU Konvensional,Tiang Tunggal,SON T,Cigalontang,0,-7.36077,108.07819,26.0,Cigalontang
-7.360556 108.070812,Baik,PJU Konvensional,Tiang Tunggal,LED,Cigalontang,0,-7.360556,108.070812,26.0,Cigalontang
-7.360438 108.067683,Baik,PJU Konvensional,Tiang Tunggal,LED,Cigalontang,0,-7.360438,108.067683,26.0,Cigalontang
-7.360502 108.081865,Rusak Berat,PJU Konvensional,Tiang Tunggal,LED,Cigalontang,1,-7.360502,108.081865,26.0,Cigalontang
-7.357480 108.091823,Baik,PJU Konvensional,Tiang Stang,SON T,Cigalontang,0,-7.35748,108.091823,26.0,Cigalontang
